title,year,link,price,monthly_payment,down_payment_pct,city,date,views,is_verified_seller,is_from_dealer,is_official_dealer,down_payment,mean_price,offer_price,generation,bodywork,engine_volume,mileage,transmission,drive,wheel,color,customs_clearance_in_kz,city_filter,price_numeric
Dodge RAM,2018,https://kolesa.kz/a/show/218199165?search_id=3e6d04b0d1b08d80384b0b5bd23b4d31f065bc2c&search_type=filter&advert_position=1,65 000 000₸,,,Кокшетау,30 апреля,223,FALSE,FALSE,FALSE,,53 224 000 ₸,65 000 000 ₸,2018 - н.в. 5 поколение,Пикап,3 (бензин),2 000 км,Автомат,Полный привод,Слева,белый металлик,Да,all,65000000
Lexus LX 600 Overtrail,2021,https://kolesa.kz/a/show/217091149?search_id=3e6d04b0d1b08d80384b0b5bd23b4d31f065bc2c&search_type=filter&advert_position=2,77 500 000₸,,,Астана,30 апреля,573,TRUE,FALSE,FALSE,,86 302 000 ₸,77 500 000 ₸,2021 - н.в. 4 поколение,Внедорожник,3.5 (бензин),43 017 км,Автомат,Полный привод,Слева,белый,Да,all,77500000
BMW X5,2023,https://kolesa.kz/a/show/217460478?search_id=3e6d04b0d1b08d80384b0b5bd23b4d31f065bc2c&search_type=filter&advert_position=3,77 493 000₸,,,Павлодар,30 апреля,494,FALSE,FALSE,TRUE,,65 066 000 ₸,77 493 000 ₸,2023 - н.в. G05 рестайлинг,Кроссовер,3 (бензин),,Автомат,Полный привод,Слева,,Да,all,77493000
BMW X5 XDrive 40i,2023,https://kolesa.kz/a/show/213990253?search_id=3e6d04b0d1b08d80384b0b5bd23b4d31f065bc2c&search_type=filter&advert_position=4,71 738 000₸,,,Павлодар,30 апреля,3065,FALSE,FALSE,TRUE,,65 066 000 ₸,71 738 000 ₸,2023 - н.в. G05 рестайлинг,Кроссовер,3 (бензин),,Автомат,Полный привод,Слева,,Да,all,71738000
Lexus LX 600,2021,https://kolesa.kz/a/show/215674472?search_id=3e6d04b0d1b08d80384b0b5bd23b4d31f065bc2c&search_type=filter&advert_position=5,74 000 000₸,,,Астана,30 апреля,1801,FALSE,FALSE,FALSE,,73 055 000 ₸,74 000 000 ₸,2021 - н.в. 4 поколение,Внедорожник,3.5 (бензин),47 000 км,Автомат,Полный привод,Слева,,Да,all,74000000
BMW X5 XDrive 40i,2023,https://kolesa.kz/a/show/214064155?search_id=3e6d04b0d1b08d80384b0b5bd23b4d31f065bc2c&search_type=filter&advert_position=6,71 738 000₸,,,Семей,30 апреля,1799,FALSE,FALSE,TRUE,,65 066 000 ₸,71 738 000 ₸,2023 - н.в. G05 рестайлинг,Кроссовер,3 (бензин),,Автомат,Полный привод,Слева,,Да,all,71738000
Cadillac Escalade,2024,https://kolesa.kz/a/show/217589448?search_id=3e6d04b0d1b08d80384b0b5bd23b4d31f065bc2c&search_type=filter&advert_position=7,110 000 000₸,,,Астана,30 апреля,827,FALSE,FALSE,FALSE,,100 000 000 ₸,110 000 000 ₸,2024 - н.в. 5 поколение рестайлинг,Внедорожник,6.2 (бензин),10 000 км,Автомат,Полный привод,Слева,черный,Да,all,110000000
BMW X7 XDrive 40i,2022,https://kolesa.kz/a/show/217981281?search_id=3e6d04b0d1b08d80384b0b5bd23b4d31f065bc2c&search_type=filter&advert_position=8,69 590 000₸,,,Алматы,30 апреля,323,TRUE,FALSE,FALSE,,71 561 000 ₸,69 590 000 ₸,2022 - н.в. G07 рестайлинг,Кроссовер,3 (бензин),21 683 км,Автомат,Полный привод,Слева,белый,Да,all,69590000
Land Rover Defender X-Dynamic SE,2019,https://kolesa.kz/a/show/216156099?search_id=3e6d04b0d1b08d80384b0b5bd23b4d31f065bc2c&search_type=filter&advert_position=9,81 327 000₸,,,Алматы,30 апреля,567,TRUE,FALSE,FALSE,,,81 327 000 ₸,2019 - н.в. 2 поколение (L663),Внедорожник,3 (бензин),20 км,Автомат,Полный привод,Слева,белый,Да,all,81327000
Infiniti QX80,2024,https://kolesa.kz/a/show/214043560?search_id=3e6d04b0d1b08d80384b0b5bd23b4d31f065bc2c&search_type=filter&advert_position=10,76 990 000₸,,,Караганда,30 апреля,1193,FALSE,FALSE,TRUE,,,76 990 000 ₸,2024 - н.в. Z63,Внедорожник,3.5 (бензин),,Автомат,Полный привод,Слева,,Да,all,76990000
Mercedes-Benz S 63 AMG,2020,https://kolesa.kz/a/show/203340191?search_id=3e6d04b0d1b08d80384b0b5bd23b4d31f065bc2c&search_type=filter&advert_position=11,110 000 000₸,,,Алматы,30 апреля,2142,FALSE,FALSE,FALSE,,,110 000 000 ₸,2020 - н.в. W223,Седан,4 (гибрид),17 000 км,Автомат,Полный привод,Слева,,Да,all,110000000
Mercedes-Benz GLS 63 AMG 4MATIC,2019,https://kolesa.kz/a/show/193142451?search_id=3e6d04b0d1b08d80384b0b5bd23b4d31f065bc2c&search_type=filter&advert_position=12,124 000 000₸,,,Астана,30 апреля,7257,FALSE,FALSE,TRUE,,,124 000 000 ₸,2019 - н.в. X167,Внедорожник,4 (бензин),,Автомат,Полный привод,Слева,серый,Да,all,124000000
BMW X7,2022,https://kolesa.kz/a/show/215201486?search_id=3e6d04b0d1b08d80384b0b5bd23b4d31f065bc2c&search_type=filter&advert_position=13,96 641 305₸,,,Алматы,30 апреля,1978,FALSE,FALSE,TRUE,,,96 641 305 ₸,2022 - н.в. G07 рестайлинг,Кроссовер,4.4 (бензин),6 км,Автомат,Полный привод,Слева,синий,Да,all,96641305
Audi RS 7,2019,https://kolesa.kz/a/show/214291416?search_id=3e6d04b0d1b08d80384b0b5bd23b4d31f065bc2c&search_type=filter&advert_position=14,85 000 000₸,,,Алматы,30 апреля,3045,FALSE,FALSE,FALSE,,,85 000 000 ₸,2019 - н.в. 2 поколение (C8),Лифтбек,4 (бензин),20 000 км,Автомат,Полный привод,Слева,синий металлик,Да,all,85000000
Toyota Land Cruiser Premium+,2021,https://kolesa.kz/a/show/200050759?search_id=3e6d04b0d1b08d80384b0b5bd23b4d31f065bc2c&search_type=filter&advert_position=15,74 890 000₸,,,Астана,30 апреля,3341,FALSE,FALSE,TRUE,,67 236 000 ₸,74 890 000 ₸,2021 - н.в. J300,Внедорожник,3.5 (бензин),,Автомат,Полный привод,Слева,,Да,all,74890000
Mercedes-Benz G 63 AMG,2018,https://kolesa.kz/a/show/216820595?search_id=3e6d04b0d1b08d80384b0b5bd23b4d31f065bc2c&search_type=filter&advert_position=16,110 000 000₸,,,Алматы,30 апреля,834,FALSE,FALSE,FALSE,,113 951 000 ₸,110 000 000 ₸,2018 - н.в. W463,Внедорожник,4 (бензин),57 500 км,Автомат,Полный привод,Слева,черный металлик,Да,all,110000000
Mercedes-Benz EQV,2019,https://kolesa.kz/a/show/207478684?search_id=3e6d04b0d1b08d80384b0b5bd23b4d31f065bc2c&search_type=filter&advert_position=17,117 000 000₸,,,Петропавловск,30 апреля,750,FALSE,FALSE,FALSE,,,117 000 000 ₸,2019 - н.в. 1 поколение,Минивэн,,7 000 км,Автомат,Передний привод,Слева,черный,Да,all,117000000
Mercedes-Benz S 63 AMG,2020,https://kolesa.kz/a/show/218641405?search_id=3e6d04b0d1b08d80384b0b5bd23b4d31f065bc2c&search_type=filter&advert_position=18,144 500 000₸,,,Алматы,30 апреля,143,FALSE,FALSE,FALSE,,,144 500 000 ₸,2020 - н.в. W223,Седан,4 (гибрид),,Автомат,Полный привод,Слева,черный,Нет,all,144500000
Lexus LX 600,2021,https://kolesa.kz/a/show/217433659?search_id=3e6d04b0d1b08d80384b0b5bd23b4d31f065bc2c&search_type=filter&advert_position=19,67 000 000₸,,,Алматы,30 апреля,927,FALSE,FALSE,FALSE,,69 560 000 ₸,67 000 000 ₸,2021 - н.в. 4 поколение,Внедорожник,3.5 (бензин),85 000 км,Автомат,Полный привод,Слева,,Да,all,67000000
Rolls-Royce Ghost,2014,https://kolesa.kz/a/show/216987249?search_id=3e6d04b0d1b08d80384b0b5bd23b4d31f065bc2c&search_type=filter&advert_position=20,90 000 000₸,,,Алматы,30 апреля,2085,FALSE,FALSE,FALSE,,,90 000 000 ₸,2014 - 2020 1 поколение рестайлинг (RR4),Седан,6.6 (бензин),13 000 км,Автомат,Задний привод,Слева,белый,Да,all,90000000
Rolls-Royce Ghost,2014,https://kolesa.kz/a/show/216987249?search_id=4c1988cc1daca74d2c7b0b60170462f4e087fd12&search_type=filter&advert_position=21,90 000 000₸,,,Алматы,30 апреля,2086,FALSE,FALSE,FALSE,,,90 000 000 ₸,2014 - 2020 1 поколение рестайлинг (RR4),Седан,6.6 (бензин),13 000 км,Автомат,Задний привод,Слева,белый,Да,all,90000000
BMW X7,2022,https://kolesa.kz/a/show/217461084?search_id=4c1988cc1daca74d2c7b0b60170462f4e087fd12&search_type=filter&advert_position=22,94 290 000₸,,,Павлодар,30 апреля,692,FALSE,FALSE,TRUE,,79 300 000 ₸,94 290 000 ₸,2022 - н.в. G07 рестайлинг,Кроссовер,3 (бензин),,Автомат,Полный привод,Слева,,Да,all,94290000
Infiniti QX80 Autograph,2024,https://kolesa.kz/a/show/209243106?search_id=4c1988cc1daca74d2c7b0b60170462f4e087fd12&search_type=filter&advert_position=23,88 990 000₸,,,Алматы,30 апреля,4316,FALSE,FALSE,TRUE,,,88 990 000 ₸,2024 - н.в. Z63,Внедорожник,3.5 (бензин),,Автомат,Полный привод,Слева,,Да,all,88990000
BMW M5,2020,https://kolesa.kz/a/show/218117563?search_id=4c1988cc1daca74d2c7b0b60170462f4e087fd12&search_type=filter&advert_position=24,60 000 000₸,,,Алматы,30 апреля,1049,FALSE,FALSE,FALSE,,60 175 000 ₸,60 000 000 ₸,2020 - н.в. F90 рестайлинг,Седан,4.4 (бензин),74 000 км,Автомат,Полный привод,Слева,,Да,all,60000000
Mercedes-Benz V 300 Exclusive,2014,https://kolesa.kz/a/show/193695288?search_id=4c1988cc1daca74d2c7b0b60170462f4e087fd12&search_type=filter&advert_position=25,74 306 120₸,,,Алматы,30 апреля,4046,FALSE,FALSE,TRUE,,,74 306 120 ₸,2014 - н.в. W447,Минивэн,2 (дизель),5 км,Автомат,Полный привод,Слева,синий,Да,all,74306120
Mercedes-Maybach GLS 600 4MATIC,2019,https://kolesa.kz/a/show/198299503?search_id=4c1988cc1daca74d2c7b0b60170462f4e087fd12&search_type=filter&advert_position=26,159 000 000₸,,,Алматы,30 апреля,10800,TRUE,FALSE,FALSE,,,159 000 000 ₸,2019 - н.в. 1 поколение,Внедорожник,4 (гибрид),,Автомат,Полный привод,Слева,черный металлик,Да,all,159000000
Porsche Macan Turbo,2024,https://kolesa.kz/a/show/215956970?search_id=4c1988cc1daca74d2c7b0b60170462f4e087fd12&search_type=filter&advert_position=27,101 220 000₸,,,Алматы,30 апреля,856,FALSE,FALSE,TRUE,,,101 220 000 ₸,2024 - н.в. 2 поколение,Кроссовер,,,Автомат,Полный привод,Слева,серый металлик,Да,all,101220000
Mercedes-Benz S 450,2020,https://kolesa.kz/a/show/186071268?search_id=4c1988cc1daca74d2c7b0b60170462f4e087fd12&search_type=filter&advert_position=28,71 000 000₸,,,Астана,30 апреля,841,FALSE,FALSE,FALSE,,69 375 000 ₸,71 000 000 ₸,2020 - н.в. W223,Седан,3 (бензин),23 000 км,Автомат,Полный привод,Слева,серый,Да,all,71000000
Lexus LX 600,2021,https://kolesa.kz/a/show/176259500?search_id=4c1988cc1daca74d2c7b0b60170462f4e087fd12&search_type=filter&advert_position=29,83 300 000₸,,,Костанай,30 апреля,2684,FALSE,FALSE,FALSE,,79 103 000 ₸,83 300 000 ₸,2021 - н.в. 4 поколение,Внедорожник,3.5 (бензин),19 000 км,Автомат,Полный привод,Слева,черный металлик,Да,all,83300000
Toyota Land Cruiser,2021,https://kolesa.kz/a/show/216275160?search_id=4c1988cc1daca74d2c7b0b60170462f4e087fd12&search_type=filter&advert_position=30,68 300 000₸,584 021₸/мес,74%,Алматы,30 апреля,2548,FALSE,FALSE,FALSE,584 021₸,67 236 000 ₸,68 300 000 ₸,2021 - н.в. J300,Внедорожник,3.5 (бензин),10 500 км,Автомат,Полный привод,Слева,черный металлик,Да,all,68300000
Porsche Cayenne,2017,https://kolesa.kz/a/show/185520711?search_id=4c1988cc1daca74d2c7b0b60170462f4e087fd12&search_type=filter&advert_position=31,110 000 000₸,,,Алматы,30 апреля,459,FALSE,FALSE,FALSE,,,110 000 000 ₸,2017 - н.в. 3 поколение (9YA),Кроссовер,4 (бензин),8 000 км,Автомат,Полный привод,Слева,,Да,all,110000000
BMW X5,2023,https://kolesa.kz/a/show/204042459?search_id=4c1988cc1daca74d2c7b0b60170462f4e087fd12&search_type=filter&advert_position=32,70 550 000₸,584 021₸/мес,74%,Алматы,30 апреля,378,FALSE,FALSE,FALSE,584 021₸,65 066 000 ₸,70 550 000 ₸,2023 - н.в. G05 рестайлинг,Кроссовер,3 (бензин),7 км,Автомат,Полный привод,Слева,черный металлик,Да,all,70550000
BMW X5,2023,https://kolesa.kz/a/show/213136340?search_id=4c1988cc1daca74d2c7b0b60170462f4e087fd12&search_type=filter&advert_position=33,68 000 000₸,584 021₸/мес,74%,Усть-Каменогорск,30 апреля,2706,FALSE,FALSE,FALSE,584 021₸,65 066 000 ₸,68 000 000 ₸,2023 - н.в. G05 рестайлинг,Кроссовер,3 (бензин),16 500 км,Автомат,Полный привод,Слева,серый,Да,all,68000000
BMW X7 XDrive 40i,2022,https://kolesa.kz/a/show/213945864?search_id=4c1988cc1daca74d2c7b0b60170462f4e087fd12&search_type=filter&advert_position=34,90 138 000₸,,,Кокшетау,30 апреля,1732,FALSE,FALSE,TRUE,,79 300 000 ₸,90 138 000 ₸,2022 - н.в. G07 рестайлинг,Кроссовер,3 (бензин),,Автомат,Полный привод,Слева,,Да,all,90138000
BMW X7,2022,https://kolesa.kz/a/show/217480273?search_id=4c1988cc1daca74d2c7b0b60170462f4e087fd12&search_type=filter&advert_position=35,69 000 000₸,584 021₸/мес,74%,Алматы,30 апреля,288,FALSE,FALSE,FALSE,584 021₸,73 673 000 ₸,69 000 000 ₸,2022 - н.в. G07 рестайлинг,Кроссовер,4.4 (бензин),35 000 км,Автомат,Полный привод,Слева,,Да,all,69000000
Mercedes-Benz GLE 53 AMG 4MATIC+,2019,https://kolesa.kz/a/show/203739668?search_id=4c1988cc1daca74d2c7b0b60170462f4e087fd12&search_type=filter&advert_position=36,84 900 000₸,,,Астана,30 апреля,3765,FALSE,FALSE,TRUE,,,84 900 000 ₸,2019 - н.в. V167,Кроссовер,3 (бензин),,Автомат,Полный привод,Слева,черный металлик,Да,all,84900000
Lexus LX 600,2021,https://kolesa.kz/a/show/211249606?search_id=4c1988cc1daca74d2c7b0b60170462f4e087fd12&search_type=filter&advert_position=37,65 000 000₸,,,Астана,30 апреля,6485,FALSE,FALSE,FALSE,,69 560 000 ₸,65 000 000 ₸,2021 - н.в. 4 поколение,Внедорожник,3.5 (бензин),53 000 км,Автомат,Полный привод,Слева,белый металлик,Да,all,65000000
BMW X7,2022,https://kolesa.kz/a/show/175348181?search_id=4c1988cc1daca74d2c7b0b60170462f4e087fd12&search_type=filter&advert_position=38,63 000 000₸,584 021₸/мес,71%,Тараз,30 апреля,23490,FALSE,FALSE,FALSE,584 021₸,55 680 000 ₸,63 000 000 ₸,2022 - н.в. G07 рестайлинг,Кроссовер,3 (бензин),35 000 км,Автомат,Полный привод,Слева,черный металлик,Да,all,63000000
Mercedes-Benz G 63 AMG,2018,https://kolesa.kz/a/show/212615753?search_id=4c1988cc1daca74d2c7b0b60170462f4e087fd12&search_type=filter&advert_position=39,118 000 000₸,,,Алматы,30 апреля,97,FALSE,FALSE,FALSE,,113 951 000 ₸,118 000 000 ₸,2018 - н.в. W463,Внедорожник,4 (бензин),40 000 км,Автомат,Полный привод,Слева,черный металлик,Да,all,118000000
BMW M5,2024,https://kolesa.kz/a/show/217668600?search_id=4c1988cc1daca74d2c7b0b60170462f4e087fd12&search_type=filter&advert_position=40,97 000 000₸,,,Алматы,30 апреля,692,TRUE,FALSE,FALSE,,,97 000 000 ₸,,Седан,4.4 (гибрид),2 262 км,Автомат,Полный привод,Слева,зеленый,Да,all,97000000
Mercedes-Benz GLE 53 AMG 4MATIC+,2019,https://kolesa.kz/a/show/203739668?search_id=dea713409444a65962ed7e87d7c6a43053f64854&search_type=filter&advert_position=41,84 900 000₸,,,Астана,30 апреля,3766,FALSE,FALSE,TRUE,,,84 900 000 ₸,2019 - н.в. V167,Кроссовер,3 (бензин),,Автомат,Полный привод,Слева,черный металлик,Да,all,84900000
Lexus LX 600,2021,https://kolesa.kz/a/show/211249606?search_id=dea713409444a65962ed7e87d7c6a43053f64854&search_type=filter&advert_position=42,65 000 000₸,,,Астана,30 апреля,6488,FALSE,FALSE,FALSE,,69 560 000 ₸,65 000 000 ₸,2021 - н.в. 4 поколение,Внедорожник,3.5 (бензин),53 000 км,Автомат,Полный привод,Слева,белый металлик,Да,all,65000000
BMW X7,2022,https://kolesa.kz/a/show/175348181?search_id=dea713409444a65962ed7e87d7c6a43053f64854&search_type=filter&advert_position=43,63 000 000₸,584 021₸/мес,71%,Тараз,30 апреля,23491,FALSE,FALSE,FALSE,584 021₸,55 680 000 ₸,63 000 000 ₸,2022 - н.в. G07 рестайлинг,Кроссовер,3 (бензин),35 000 км,Автомат,Полный привод,Слева,черный металлик,Да,all,63000000
Mercedes-Benz G 63 AMG,2018,https://kolesa.kz/a/show/212615753?search_id=dea713409444a65962ed7e87d7c6a43053f64854&search_type=filter&advert_position=44,118 000 000₸,,,Алматы,30 апреля,98,FALSE,FALSE,FALSE,,113 951 000 ₸,118 000 000 ₸,2018 - н.в. W463,Внедорожник,4 (бензин),40 000 км,Автомат,Полный привод,Слева,черный металлик,Да,all,118000000
BMW M5,2024,https://kolesa.kz/a/show/217668600?search_id=dea713409444a65962ed7e87d7c6a43053f64854&search_type=filter&advert_position=45,97 000 000₸,,,Алматы,30 апреля,693,TRUE,FALSE,FALSE,,,97 000 000 ₸,,Седан,4.4 (гибрид),2 262 км,Автомат,Полный привод,Слева,зеленый,Да,all,97000000
Rolls-Royce Ghost,2009,https://kolesa.kz/a/show/218642576?search_id=dea713409444a65962ed7e87d7c6a43053f64854&search_type=filter&advert_position=46,82 000 000₸,,,Алматы,30 апреля,76,FALSE,FALSE,FALSE,,,82 000 000 ₸,2009 - 2014 1 поколение (RR4),Седан,6.6 (бензин),98 000 км,Автомат,Задний привод,Слева,,Да,all,82000000
Zeekr 9X,2025,https://kolesa.kz/a/show/209783399?search_id=dea713409444a65962ed7e87d7c6a43053f64854&search_type=filter&advert_position=47,60 000 000₸,,,Алматы,30 апреля,7362,FALSE,FALSE,FALSE,,54 909 000 ₸,60 000 000 ₸,2025 - н.в. 1 поколение,Кроссовер,2 (бензин),20 км,Автомат,Полный привод,Слева,черный металлик,Да,all,60000000
Lamborghini Urus,2017,https://kolesa.kz/a/show/213690509?search_id=dea713409444a65962ed7e87d7c6a43053f64854&search_type=filter&advert_position=48,130 000 000₸,,,Алматы,30 апреля,25698,FALSE,FALSE,FALSE,,,130 000 000 ₸,2017 - н.в. 1 поколение,Кроссовер,4 (бензин),37 000 км,Автомат,Полный привод,Слева,синий,Да,all,130000000
BYD Yangwang U8,2023,https://kolesa.kz/a/show/183357483?search_id=dea713409444a65962ed7e87d7c6a43053f64854&search_type=filter&advert_position=49,65 000 000₸,,,Шымкент,30 апреля,761,FALSE,FALSE,FALSE,,78 071 000 ₸,65 000 000 ₸,2023 - н.в. 1 поколение,Внедорожник,2 (гибрид),29 000 км,Автомат,Полный привод,Слева,бирюзовый,Да,all,65000000
BMW X7 XDrive 40i,2022,https://kolesa.kz/a/show/213945874?search_id=dea713409444a65962ed7e87d7c6a43053f64854&search_type=filter&advert_position=50,90 138 000₸,,,Аксу,30 апреля,1394,FALSE,FALSE,TRUE,,79 300 000 ₸,90 138 000 ₸,2022 - н.в. G07 рестайлинг,Кроссовер,3 (бензин),,Автомат,Полный привод,Слева,,Да,all,90138000
BMW 550,2023,https://kolesa.kz/a/show/217030536?search_id=dea713409444a65962ed7e87d7c6a43053f64854&search_type=filter&advert_position=51,68 250 000₸,,,Астана,30 апреля,455,TRUE,FALSE,FALSE,,,68 250 000 ₸,2023 - н.в. G60,Седан,3 (гибрид),9 462 км,Автомат,Полный привод,Слева,синий,Да,all,68250000
Land Rover Range Rover Sport Dynamic SE,2022,https://kolesa.kz/a/show/217206869?search_id=dea713409444a65962ed7e87d7c6a43053f64854&search_type=filter&advert_position=52,104 391 000₸,,,Павлодар,30 апреля,435,TRUE,FALSE,FALSE,,,104 391 000 ₸,2022 - н.в. 3 поколение,Внедорожник,3 (бензин),20 км,Автомат,Полный привод,Слева,черный металлик,Да,all,104391000
Land Rover Range Rover HSE,2021,https://kolesa.kz/a/show/218477041?search_id=dea713409444a65962ed7e87d7c6a43053f64854&search_type=filter&advert_position=53,124 069 000₸,,,Астана,30 апреля,166,FALSE,FALSE,TRUE,,,124 069 000 ₸,2021 - н.в. 5 поколение,Внедорожник,3 (бензин),1 км,Автомат,Полный привод,Слева,золотистый металлик,Да,all,124069000
Mercedes-Benz G 63 AMG 4MATIC,2018,https://kolesa.kz/a/show/217725896?search_id=dea713409444a65962ed7e87d7c6a43053f64854&search_type=filter&advert_position=54,85 000 000₸,,,Алматы,30 апреля,471,TRUE,FALSE,FALSE,,,85 000 000 ₸,2018 - н.в. W463,Внедорожник,4 (бензин),,Автомат,Полный привод,Слева,белый,Нет,all,85000000
Mercedes-Benz G 63 AMG,2024,https://kolesa.kz/a/show/215510123?search_id=dea713409444a65962ed7e87d7c6a43053f64854&search_type=filter&advert_position=55,153 000 000₸,,,Астана,30 апреля,563,FALSE,FALSE,FALSE,,177 311 000 ₸,153 000 000 ₸,2024 - н.в. W463 рестайлинг,Внедорожник,4 (бензин),18 000 км,Автомат,Полный привод,Слева,серебристый металлик,Да,all,153000000
Mercedes-Benz G 63 AMG,2018,https://kolesa.kz/a/show/217619316?search_id=dea713409444a65962ed7e87d7c6a43053f64854&search_type=filter&advert_position=56,76 000 000₸,,,Алматы,30 апреля,893,FALSE,FALSE,FALSE,,,76 000 000 ₸,2018 - н.в. W463,Внедорожник,4 (бензин),15 400 км,Автомат,Полный привод,Слева,черный,Нет,all,76000000
Lexus LX 600,2021,https://kolesa.kz/a/show/217394607?search_id=dea713409444a65962ed7e87d7c6a43053f64854&search_type=filter&advert_position=57,73 000 000₸,,,Актау,30 апреля,463,FALSE,FALSE,FALSE,,73 055 000 ₸,73 000 000 ₸,2021 - н.в. 4 поколение,Внедорожник,3.5 (бензин),90 000 км,Автомат,Полный привод,Слева,,Да,all,73000000
BMW M5,2024,https://kolesa.kz/a/show/217763006?search_id=dea713409444a65962ed7e87d7c6a43053f64854&search_type=filter&advert_position=58,113 056 188₸,,,Шымкент,30 апреля,865,TRUE,FALSE,FALSE,,,113 056 188 ₸,,Седан,4.4 (гибрид),,Автомат,Полный привод,Слева,синий,Да,all,113056188
BMW X7 XDrive 40i,2022,https://kolesa.kz/a/show/218603724?search_id=dea713409444a65962ed7e87d7c6a43053f64854&search_type=filter&advert_position=59,81 000 000₸,,,Костанай,30 апреля,52,FALSE,FALSE,TRUE,,79 300 000 ₸,81 000 000 ₸,2022 - н.в. G07 рестайлинг,Кроссовер,3 (бензин),,Автомат,Полный привод,Слева,черный металлик,Да,all,81000000
Mercedes-Maybach GLS 600,2019,https://kolesa.kz/a/show/218603018?search_id=dea713409444a65962ed7e87d7c6a43053f64854&search_type=filter&advert_position=60,117 000 000₸,,,Астана,30 апреля,62,FALSE,TRUE,FALSE,,,117 000 000 ₸,2019 - н.в. 1 поколение,Внедорожник,4 (гибрид),7 091 км,Автомат,Полный привод,Слева,,Да,all,117000000
BMW X7 XDrive 40i,2022,https://kolesa.kz/a/show/218603724?search_id=8c823cb8bdcad811b06f27aec73840489347aa24&search_type=filter&advert_position=61,81 000 000₸,,,Костанай,30 апреля,53,FALSE,FALSE,TRUE,,79 300 000 ₸,81 000 000 ₸,2022 - н.в. G07 рестайлинг,Кроссовер,3 (бензин),,Автомат,Полный привод,Слева,черный металлик,Да,all,81000000
Mercedes-Maybach GLS 600,2019,https://kolesa.kz/a/show/218603018?search_id=8c823cb8bdcad811b06f27aec73840489347aa24&search_type=filter&advert_position=62,117 000 000₸,,,Астана,30 апреля,63,FALSE,TRUE,FALSE,,,117 000 000 ₸,2019 - н.в. 1 поколение,Внедорожник,4 (гибрид),7 091 км,Автомат,Полный привод,Слева,,Да,all,117000000
Mercedes-Benz GLE 63 AMG,2019,https://kolesa.kz/a/show/214322582?search_id=8c823cb8bdcad811b06f27aec73840489347aa24&search_type=filter&advert_position=63,84 000 000₸,,,Алматы,30 апреля,3157,FALSE,FALSE,FALSE,,87 875 000 ₸,84 000 000 ₸,2019 - н.в. V167,Кроссовер,4 (бензин),2 800 км,Автомат,Полный привод,Слева,,Да,all,84000000
BMW X7 XDrive 40i,2022,https://kolesa.kz/a/show/216562089?search_id=8c823cb8bdcad811b06f27aec73840489347aa24&search_type=filter&advert_position=64,105 327 000₸,,,Павлодар,30 апреля,1061,FALSE,FALSE,TRUE,,,105 327 000 ₸,2022 - н.в. G07 рестайлинг,Кроссовер,3 (бензин),,Автомат,Полный привод,Слева,черный металлик,Да,all,105327000
Nissan Patrol,2024,https://kolesa.kz/a/show/209570347?search_id=8c823cb8bdcad811b06f27aec73840489347aa24&search_type=filter&advert_position=65,64 990 000₸,,,Алматы,30 апреля,4499,FALSE,FALSE,TRUE,,,64 990 000 ₸,2024 - н.в. Y63,Внедорожник,3.5 (бензин),,Автомат,Полный привод,Слева,,Да,all,64990000
Mercedes-Benz S 580 4MATIC,2020,https://kolesa.kz/a/show/217110090?search_id=8c823cb8bdcad811b06f27aec73840489347aa24&search_type=filter&advert_position=66,124 607 200₸,,,Алматы,30 апреля,1071,FALSE,FALSE,TRUE,,,124 607 200 ₸,2020 - н.в. W223,Седан,4 (бензин),7 км,Автомат,Полный привод,Слева,черный металлик,Да,all,124607200
Mercedes-Benz G 580 EQ 4MATIC,2018,https://kolesa.kz/a/show/198196233?search_id=8c823cb8bdcad811b06f27aec73840489347aa24&search_type=filter&advert_position=67,121 075 000₸,,,Алматы,30 апреля,8748,FALSE,FALSE,TRUE,,,121 075 000 ₸,2018 - н.в. W463,Внедорожник,,,Автомат,Полный привод,Слева,коричневый,Да,all,121075000
Mercedes-Benz G 63 AMG 4MATIC,2018,https://kolesa.kz/a/show/217733537?search_id=8c823cb8bdcad811b06f27aec73840489347aa24&search_type=filter&advert_position=68,85 000 000₸,,,Алматы,30 апреля,425,TRUE,FALSE,FALSE,,,85 000 000 ₸,2018 - н.в. W463,Внедорожник,4 (бензин),,Автомат,Полный привод,Слева,,Нет,all,85000000
Porsche Macan T,2021,https://kolesa.kz/a/show/216322072?search_id=8c823cb8bdcad811b06f27aec73840489347aa24&search_type=filter&advert_position=69,61 530 000₸,,,Алматы,30 апреля,345,FALSE,FALSE,TRUE,,,61 530 000 ₸,2021 - н.в. 1 поколение [2-й рестайлинг] (95B),Кроссовер,2 (бензин),,Робот,Полный привод,Слева,серый металлик,Да,all,61530000
Mercedes-Benz GLS 450 4MATIC,2019,https://kolesa.kz/a/show/172746914?search_id=8c823cb8bdcad811b06f27aec73840489347aa24&search_type=filter&advert_position=70,74 000 000₸,,,Астана,30 апреля,3733,FALSE,FALSE,TRUE,,84 971 000 ₸,74 000 000 ₸,2019 - н.в. X167,Внедорожник,3 (бензин),,Автомат,Полный привод,Слева,синий металлик,Да,all,74000000
Mercedes-Benz S 63 AMG,2020,https://kolesa.kz/a/show/180090209?search_id=8c823cb8bdcad811b06f27aec73840489347aa24&search_type=filter&advert_position=71,139 000 000₸,,,Астана,30 апреля,22849,FALSE,FALSE,FALSE,,,139 000 000 ₸,2020 - н.в. W223,Седан,4 (гибрид),,Автомат,Полный привод,Слева,черный металлик,Да,all,139000000
Toyota Land Cruiser,2021,https://kolesa.kz/a/show/217666358?search_id=8c823cb8bdcad811b06f27aec73840489347aa24&search_type=filter&advert_position=72,65 000 000₸,584 021₸/мес,72%,Алматы,30 апреля,435,FALSE,FALSE,FALSE,584 021₸,52 628 000 ₸,65 000 000 ₸,2021 - н.в. J300,Внедорожник,3.5 (бензин),15 000 км,Автомат,Полный привод,Слева,,Да,all,65000000
Mercedes-Benz G 63 AMG,2018,https://kolesa.kz/a/show/216752837?search_id=8c823cb8bdcad811b06f27aec73840489347aa24&search_type=filter&advert_position=73,108 000 000₸,,,Алматы,30 апреля,1820,FALSE,FALSE,FALSE,,113 951 000 ₸,108 000 000 ₸,2018 - н.в. W463,Внедорожник,4 (бензин),17 000 км,Автомат,Полный привод,Слева,,Да,all,108000000
Land Rover Range Rover,2017,https://kolesa.kz/a/show/217385594?search_id=8c823cb8bdcad811b06f27aec73840489347aa24&search_type=filter&advert_position=74,63 000 000₸,,,Астана,30 апреля,452,FALSE,FALSE,FALSE,,48 804 000 ₸,63 000 000 ₸,2017 - 2022 4 поколение рестайлинг,Внедорожник,5 (бензин),21 000 км,Автомат,Полный привод,Слева,бордовый,Да,all,63000000
Lexus LX 600,2021,https://kolesa.kz/a/show/211349855?search_id=8c823cb8bdcad811b06f27aec73840489347aa24&search_type=filter&advert_position=75,80 500 000₸,,,Уральск,30 апреля,2846,FALSE,FALSE,FALSE,,79 103 000 ₸,80 500 000 ₸,2021 - н.в. 4 поколение,Внедорожник,3.5 (бензин),50 050 км,Автомат,Полный привод,Слева,черный,Да,all,80500000
Lexus LX 600,2021,https://kolesa.kz/a/show/216543841?search_id=8c823cb8bdcad811b06f27aec73840489347aa24&search_type=filter&advert_position=76,75 000 000₸,,,Костанай,30 апреля,1106,FALSE,FALSE,FALSE,,73 055 000 ₸,75 000 000 ₸,2021 - н.в. 4 поколение,Внедорожник,3.5 (бензин),30 000 км,Автомат,Полный привод,Слева,,Да,all,75000000
BMW X5 M,2023,https://kolesa.kz/a/show/209339231?search_id=8c823cb8bdcad811b06f27aec73840489347aa24&search_type=filter&advert_position=77,101 000 000₸,,,Шымкент,30 апреля,21735,FALSE,FALSE,FALSE,,,101 000 000 ₸,2023 - н.в. F95 рестайлинг,Кроссовер,4.4 (бензин),9 900 км,Автомат,Полный привод,Слева,,Да,all,101000000
BMW X5 XDrive 40i,2023,https://kolesa.kz/a/show/214064187?search_id=8c823cb8bdcad811b06f27aec73840489347aa24&search_type=filter&advert_position=78,71 738 000₸,,,Аксу,30 апреля,1937,FALSE,FALSE,TRUE,,65 066 000 ₸,71 738 000 ₸,2023 - н.в. G05 рестайлинг,Кроссовер,3 (бензин),,Автомат,Полный привод,Слева,,Да,all,71738000
BMW X7 XDrive 40i,2022,https://kolesa.kz/a/show/213945858?search_id=8c823cb8bdcad811b06f27aec73840489347aa24&search_type=filter&advert_position=79,90 138 000₸,,,Семей,30 апреля,1770,FALSE,FALSE,TRUE,,79 300 000 ₸,90 138 000 ₸,2022 - н.в. G07 рестайлинг,Кроссовер,3 (бензин),,Автомат,Полный привод,Слева,,Да,all,90138000
BMW X7 XDrive 40i,2022,https://kolesa.kz/a/show/213945872?search_id=8c823cb8bdcad811b06f27aec73840489347aa24&search_type=filter&advert_position=80,90 138 000₸,,,Экибастуз,30 апреля,1677,TRUE,FALSE,FALSE,,79 300 000 ₸,90 138 000 ₸,2022 - н.в. G07 рестайлинг,Кроссовер,3 (бензин),,Автомат,Полный привод,Слева,,Да,all,90138000
BMW X5 M,2023,https://kolesa.kz/a/show/209339231?search_id=f15d0ee53bf495829642add6daa83fa76364d41c&search_type=filter&advert_position=81,101 000 000₸,,,Шымкент,30 апреля,21736,FALSE,FALSE,FALSE,,,101 000 000 ₸,2023 - н.в. F95 рестайлинг,Кроссовер,4.4 (бензин),9 900 км,Автомат,Полный привод,Слева,,Да,all,101000000
BMW X5 XDrive 40i,2023,https://kolesa.kz/a/show/214064187?search_id=f15d0ee53bf495829642add6daa83fa76364d41c&search_type=filter&advert_position=82,71 738 000₸,,,Аксу,30 апреля,1938,FALSE,FALSE,TRUE,,65 066 000 ₸,71 738 000 ₸,2023 - н.в. G05 рестайлинг,Кроссовер,3 (бензин),,Автомат,Полный привод,Слева,,Да,all,71738000
BMW X7 XDrive 40i,2022,https://kolesa.kz/a/show/213945858?search_id=f15d0ee53bf495829642add6daa83fa76364d41c&search_type=filter&advert_position=83,90 138 000₸,,,Семей,30 апреля,1771,FALSE,FALSE,TRUE,,79 300 000 ₸,90 138 000 ₸,2022 - н.в. G07 рестайлинг,Кроссовер,3 (бензин),,Автомат,Полный привод,Слева,,Да,all,90138000
BMW X7 XDrive 40i,2022,https://kolesa.kz/a/show/213945872?search_id=f15d0ee53bf495829642add6daa83fa76364d41c&search_type=filter&advert_position=84,90 138 000₸,,,Экибастуз,30 апреля,1678,TRUE,FALSE,FALSE,,79 300 000 ₸,90 138 000 ₸,2022 - н.в. G07 рестайлинг,Кроссовер,3 (бензин),,Автомат,Полный привод,Слева,,Да,all,90138000
Land Rover Range Rover Autobiography,2021,https://kolesa.kz/a/show/217205976?search_id=f15d0ee53bf495829642add6daa83fa76364d41c&search_type=filter&advert_position=85,137 094 000₸,,,Атырау,30 апреля,498,TRUE,FALSE,FALSE,,,137 094 000 ₸,2021 - н.в. 5 поколение,Внедорожник,4.4 (бензин),20 км,Автомат,Полный привод,Слева,черный металлик,Да,all,137094000
Infiniti QX80,2024,https://kolesa.kz/a/show/214043917?search_id=f15d0ee53bf495829642add6daa83fa76364d41c&search_type=filter&advert_position=86,76 990 000₸,,,Уральск,30 апреля,1278,FALSE,FALSE,TRUE,,,76 990 000 ₸,2024 - н.в. Z63,Внедорожник,3.5 (бензин),,Автомат,Полный привод,Слева,,Да,all,76990000
BMW X7 XDrive 40i,2022,https://kolesa.kz/a/show/215664918?search_id=f15d0ee53bf495829642add6daa83fa76364d41c&search_type=filter&advert_position=87,81 535 000₸,,,Актобе,30 апреля,277,FALSE,FALSE,TRUE,,79 300 000 ₸,81 535 000 ₸,2022 - н.в. G07 рестайлинг,Кроссовер,3 (бензин),12 км,Автомат,Полный привод,Слева,,Да,all,81535000
Land Rover Range Rover Sport,2022,https://kolesa.kz/a/show/218283699?search_id=f15d0ee53bf495829642add6daa83fa76364d41c&search_type=filter&advert_position=88,72 000 000₸,,,Алматы,30 апреля,114,FALSE,FALSE,FALSE,,71 247 000 ₸,72 000 000 ₸,2022 - н.в. 3 поколение,Внедорожник,3 (бензин),15 000 км,Автомат,Полный привод,Слева,,Да,all,72000000
Toyota Land Cruiser,2021,https://kolesa.kz/a/show/217030417?search_id=f15d0ee53bf495829642add6daa83fa76364d41c&search_type=filter&advert_position=89,64 000 000₸,584 021₸/мес,72%,Астана,30 апреля,1111,FALSE,FALSE,FALSE,584 021₸,67 236 000 ₸,64 000 000 ₸,2021 - н.в. J300,Внедорожник,3.5 (бензин),11 000 км,Автомат,Полный привод,Слева,черный металлик,Да,all,64000000
BMW XM 50e,2022,https://kolesa.kz/a/show/217763042?search_id=f15d0ee53bf495829642add6daa83fa76364d41c&search_type=filter&advert_position=90,102 271 014₸,,,Шымкент,30 апреля,571,TRUE,FALSE,FALSE,,,102 271 014 ₸,2022 - н.в. 1 поколение,Внедорожник,3 (гибрид),,Автомат,Полный привод,Слева,черный металлик,Да,all,102271014
Mercedes-Benz AMG GT,2017,https://kolesa.kz/a/show/217681502?search_id=f15d0ee53bf495829642add6daa83fa76364d41c&search_type=filter&advert_position=91,61 000 000₸,,,Алматы,30 апреля,39,FALSE,FALSE,FALSE,,,61 000 000 ₸,2017 - 2024 1 поколение рестайлинг,Купе,4 (бензин),37 000 км,Робот,Задний привод,Слева,серый металлик,Да,all,61000000
Toyota Land Cruiser Luxe,2021,https://kolesa.kz/a/show/217176952?search_id=f15d0ee53bf495829642add6daa83fa76364d41c&search_type=filter&advert_position=92,62 000 000₸,,,Астана,30 апреля,281,TRUE,FALSE,FALSE,,52 628 000 ₸,62 000 000 ₸,2021 - н.в. J300,Внедорожник,3.5 (бензин),23 005 км,Автомат,Полный привод,Слева,,Да,all,62000000
Infiniti QX80 Sensory,2024,https://kolesa.kz/a/show/208861201?search_id=f15d0ee53bf495829642add6daa83fa76364d41c&search_type=filter&advert_position=93,76 990 000₸,,,Алматы,30 апреля,4355,FALSE,FALSE,TRUE,,,76 990 000 ₸,2024 - н.в. Z63,Внедорожник,3.5 (бензин),,Автомат,Полный привод,Слева,,Да,all,76990000
Mercedes-Benz GLE 53 AMG 4MATIC,2019,https://kolesa.kz/a/show/210425685?search_id=f15d0ee53bf495829642add6daa83fa76364d41c&search_type=filter&advert_position=94,84 133 060₸,,,Алматы,30 апреля,5551,FALSE,FALSE,TRUE,,,84 133 060 ₸,2019 - н.в. V167,Кроссовер,3 (бензин),7 км,Автомат,Полный привод,Слева,серый металлик,Да,all,84133060
Land Rover Defender X-Dynamic SE,2019,https://kolesa.kz/a/show/212455553?search_id=f15d0ee53bf495829642add6daa83fa76364d41c&search_type=filter&advert_position=95,81 180 000₸,,,Астана,30 апреля,2314,FALSE,FALSE,TRUE,,,81 180 000 ₸,2019 - н.в. 2 поколение (L663),Внедорожник,3 (бензин),1 км,Автомат,Полный привод,Слева,белый,Да,all,81180000
Mercedes-Maybach GLS 600,2019,https://kolesa.kz/a/show/212071641?search_id=f15d0ee53bf495829642add6daa83fa76364d41c&search_type=filter&advert_position=96,135 000 000₸,,,Алматы,30 апреля,5412,FALSE,FALSE,FALSE,,,135 000 000 ₸,2019 - н.в. 1 поколение,Внедорожник,4 (гибрид),2 000 км,Автомат,Полный привод,Слева,черный,Да,all,135000000
Volkswagen Crafter,2016,https://kolesa.kz/a/show/166796887?search_id=f15d0ee53bf495829642add6daa83fa76364d41c&search_type=filter&advert_position=97,64 500 000₸,584 021₸/мес,72%,Алматы,30 апреля,8922,FALSE,FALSE,FALSE,584 021₸,,64 500 000 ₸,2016 - н.в. 2 поколение,Фургон,2 (дизель),53 500 км,Автомат,Передний привод,Слева,серый металлик,Да,all,64500000
BMW X5 XDrive 40i,2023,https://kolesa.kz/a/show/216241038?search_id=f15d0ee53bf495829642add6daa83fa76364d41c&search_type=filter&advert_position=98,65 000 000₸,,,Астана,30 апреля,717,TRUE,FALSE,FALSE,,,65 000 000 ₸,2023 - н.в. G05 рестайлинг,Кроссовер,3 (бензин),28 км,Автомат,Полный привод,Слева,,Нет,all,65000000
Porsche Taycan Turbo S,2019,https://kolesa.kz/a/show/209396637?search_id=f15d0ee53bf495829642add6daa83fa76364d41c&search_type=filter&advert_position=99,118 900 000₸,,,Алматы,30 апреля,3392,FALSE,FALSE,TRUE,,,118 900 000 ₸,2019 - н.в. 1 поколение (Y1A),Седан,,,Автомат,Полный привод,Слева,серый,Да,all,118900000
BMW M3,2020,https://kolesa.kz/a/show/202486679?search_id=f15d0ee53bf495829642add6daa83fa76364d41c&search_type=filter&advert_position=100,85 000 000₸,,,Алматы,30 апреля,1698,FALSE,FALSE,FALSE,,,85 000 000 ₸,2020 - н.в. G80,Универсал,3 (бензин),8 000 км,Автомат,Полный привод,Слева,,Да,all,85000000
Volkswagen Crafter,2016,https://kolesa.kz/a/show/166796887?search_id=2bd2911844d55d246ac40f60706891054ea53e8e&search_type=filter&advert_position=101,64 500 000₸,584 021₸/мес,72%,Алматы,30 апреля,8923,FALSE,FALSE,FALSE,584 021₸,,64 500 000 ₸,2016 - н.в. 2 поколение,Фургон,2 (дизель),53 500 км,Автомат,Передний привод,Слева,серый металлик,Да,all,64500000
BMW X5 XDrive 40i,2023,https://kolesa.kz/a/show/216241038?search_id=2bd2911844d55d246ac40f60706891054ea53e8e&search_type=filter&advert_position=102,65 000 000₸,,,Астана,30 апреля,718,TRUE,FALSE,FALSE,,,65 000 000 ₸,2023 - н.в. G05 рестайлинг,Кроссовер,3 (бензин),28 км,Автомат,Полный привод,Слева,,Нет,all,65000000
Porsche Taycan Turbo S,2019,https://kolesa.kz/a/show/209396637?search_id=2bd2911844d55d246ac40f60706891054ea53e8e&search_type=filter&advert_position=103,118 900 000₸,,,Алматы,30 апреля,3393,FALSE,FALSE,TRUE,,,118 900 000 ₸,2019 - н.в. 1 поколение (Y1A),Седан,,,Автомат,Полный привод,Слева,серый,Да,all,118900000
BMW M3,2020,https://kolesa.kz/a/show/202486679?search_id=2bd2911844d55d246ac40f60706891054ea53e8e&search_type=filter&advert_position=104,85 000 000₸,,,Алматы,30 апреля,1699,FALSE,FALSE,FALSE,,,85 000 000 ₸,2020 - н.в. G80,Универсал,3 (бензин),8 000 км,Автомат,Полный привод,Слева,,Да,all,85000000
Audi RS Q8,2019,https://kolesa.kz/a/show/212760175?search_id=2bd2911844d55d246ac40f60706891054ea53e8e&search_type=filter&advert_position=105,120 000 000₸,,,Алматы,30 апреля,5445,FALSE,FALSE,TRUE,,,120 000 000 ₸,2019 - н.в. 1 поколение (4MN),Внедорожник,4 (бензин),,Автомат,Полный привод,Слева,черный,Да,all,120000000
Infiniti QX80 Sensory,2024,https://kolesa.kz/a/show/213371510?search_id=2bd2911844d55d246ac40f60706891054ea53e8e&search_type=filter&advert_position=106,64 799 000₸,,,Алматы,30 апреля,2775,TRUE,FALSE,FALSE,,,64 799 000 ₸,2024 - н.в. Z63,Внедорожник,3.5 (бензин),,Автомат,Полный привод,Слева,белый металлик,Нет,all,64799000
BMW X5,2018,https://kolesa.kz/a/show/217768681?search_id=2bd2911844d55d246ac40f60706891054ea53e8e&search_type=filter&advert_position=107,69 800 000₸,584 021₸/мес,74%,Алматы,30 апреля,886,FALSE,FALSE,FALSE,584 021₸,,69 800 000 ₸,2018 - н.в. G05,Кроссовер,4.4 (бензин),4 800 км,Автомат,Полный привод,Слева,серый,Да,all,69800000
Mercedes-Benz GLS 63 AMG,2019,https://kolesa.kz/a/show/217631758?search_id=2bd2911844d55d246ac40f60706891054ea53e8e&search_type=filter&advert_position=108,95 000 000₸,,,Астана,30 апреля,394,FALSE,FALSE,FALSE,,,95 000 000 ₸,2019 - н.в. X167,Внедорожник,4 (бензин),22 000 км,Автомат,Полный привод,Слева,черный,Да,all,95000000
Mercedes-Benz S 450,2020,https://kolesa.kz/a/show/213653940?search_id=2bd2911844d55d246ac40f60706891054ea53e8e&search_type=filter&advert_position=109,79 000 000₸,,,Алматы,30 апреля,2457,FALSE,FALSE,FALSE,,79 319 000 ₸,79 000 000 ₸,2020 - н.в. W223,Седан,3 (бензин),27 000 км,Автомат,Полный привод,Слева,черный металлик,Да,all,79000000
Infiniti QX80,2024,https://kolesa.kz/a/show/218708689?search_id=2bd2911844d55d246ac40f60706891054ea53e8e&search_type=filter&advert_position=110,62 500 000₸,584 021₸/мес,71%,Алматы,30 апреля,58,FALSE,FALSE,FALSE,584 021₸,69 924 000 ₸,62 500 000 ₸,2024 - н.в. Z63,Внедорожник,3.5 (бензин),24 000 км,Автомат,Полный привод,Слева,,Да,all,62500000
Mercedes-Benz G 63 AMG,2018,https://kolesa.kz/a/show/199457546?search_id=2bd2911844d55d246ac40f60706891054ea53e8e&search_type=filter&advert_position=111,108 000 000₸,,,Алматы,30 апреля,32568,FALSE,FALSE,FALSE,,97 925 000 ₸,108 000 000 ₸,2018 - н.в. W463,Внедорожник,4 (бензин),28 000 км,Автомат,Полный привод,Слева,,Да,all,108000000
Cadillac Escalade,2020,https://kolesa.kz/a/show/217526242?search_id=2bd2911844d55d246ac40f60706891054ea53e8e&search_type=filter&advert_position=112,62 000 000₸,,,Алматы,30 апреля,393,FALSE,FALSE,FALSE,,54 294 000 ₸,62 000 000 ₸,2020 - н.в. 5 поколение,Внедорожник,6.2 (бензин),70 000 км,Автомат,Полный привод,Слева,черный,Да,all,62000000
BMW XM,2022,https://kolesa.kz/a/show/218212831?search_id=2bd2911844d55d246ac40f60706891054ea53e8e&search_type=filter&advert_position=113,115 000 000₸,,,Шымкент,30 апреля,237,FALSE,FALSE,FALSE,,96 699 000 ₸,115 000 000 ₸,2022 - н.в. 1 поколение,Внедорожник,4.4 (гибрид),9 000 км,Автомат,Полный привод,Слева,,Да,all,115000000
BMW X5,2024,https://kolesa.kz/a/show/214064151?search_id=2bd2911844d55d246ac40f60706891054ea53e8e&search_type=filter&advert_position=114,77 702 000₸,,,Экибастуз,30 апреля,1613,TRUE,FALSE,FALSE,,,77 702 000 ₸,,Кроссовер,3 (бензин),,Автомат,Полный привод,Слева,,Да,all,77702000
BMW X7 XDrive 40i,2022,https://kolesa.kz/a/show/212936410?search_id=2bd2911844d55d246ac40f60706891054ea53e8e&search_type=filter&advert_position=115,90 138 000₸,,,Павлодар,30 апреля,3957,FALSE,FALSE,TRUE,,79 300 000 ₸,90 138 000 ₸,2022 - н.в. G07 рестайлинг,Кроссовер,3 (бензин),,Автомат,Полный привод,Слева,,Да,all,90138000
BMW 850,2018,https://kolesa.kz/a/show/218644882?search_id=2bd2911844d55d246ac40f60706891054ea53e8e&search_type=filter&advert_position=116,73 000 000₸,,,Алматы,30 апреля,56,FALSE,FALSE,FALSE,,,73 000 000 ₸,2018 - н.в. G15,Купе,4.4 (бензин),36 000 км,Автомат,Полный привод,Слева,голубой,Да,all,73000000
Mercedes-Benz S 450 4MATIC,2020,https://kolesa.kz/a/show/164329402?search_id=2bd2911844d55d246ac40f60706891054ea53e8e&search_type=filter&advert_position=117,110 000 000₸,,,Астана,30 апреля,4304,FALSE,FALSE,TRUE,,,110 000 000 ₸,2020 - н.в. W223,Седан,3 (бензин),,Автомат,Полный привод,Слева,коричневый металлик,Да,all,110000000
Ford F-Series,2020,https://kolesa.kz/a/show/214300093?search_id=2bd2911844d55d246ac40f60706891054ea53e8e&search_type=filter&advert_position=118,60 000 000₸,,,Алматы,30 апреля,403,FALSE,FALSE,FALSE,,52 843 000 ₸,60 000 000 ₸,2020 - н.в. 14 поколение,Пикап,3.5 (бензин),45 000 км,Автомат,Полный привод,Слева,красный металлик,Да,all,60000000
Infiniti QX80,2024,https://kolesa.kz/a/show/212197819?search_id=2bd2911844d55d246ac40f60706891054ea53e8e&search_type=filter&advert_position=119,69 000 000₸,,,Астана,30 апреля,3463,TRUE,FALSE,FALSE,,,69 000 000 ₸,2024 - н.в. Z63,Внедорожник,3.5 (бензин),,Автомат,Полный привод,Слева,,Нет,all,69000000
Mercedes-Benz SL 420,2016,https://kolesa.kz/a/show/202674651?search_id=2bd2911844d55d246ac40f60706891054ea53e8e&search_type=filter&advert_position=120,89 000 000₸,,,Алматы,30 апреля,401,FALSE,FALSE,FALSE,,,89 000 000 ₸,2016 - н.в. R231 рестайлинг,Родстер,2 (бензин),15 000 км,Робот,Задний привод,Слева,,Да,all,89000000
BMW 850,2018,https://kolesa.kz/a/show/218644882?search_id=290fea5db706b57e9b0a441cf6ffa43bd2144ad2&search_type=filter&advert_position=121,73 000 000₸,,,Алматы,30 апреля,57,FALSE,FALSE,FALSE,,,73 000 000 ₸,2018 - н.в. G15,Купе,4.4 (бензин),36 000 км,Автомат,Полный привод,Слева,голубой,Да,all,73000000
Mercedes-Benz S 450 4MATIC,2020,https://kolesa.kz/a/show/164329402?search_id=290fea5db706b57e9b0a441cf6ffa43bd2144ad2&search_type=filter&advert_position=122,110 000 000₸,,,Астана,30 апреля,4305,FALSE,FALSE,TRUE,,,110 000 000 ₸,2020 - н.в. W223,Седан,3 (бензин),,Автомат,Полный привод,Слева,коричневый металлик,Да,all,110000000
Ford F-Series,2020,https://kolesa.kz/a/show/214300093?search_id=290fea5db706b57e9b0a441cf6ffa43bd2144ad2&search_type=filter&advert_position=123,60 000 000₸,,,Алматы,30 апреля,404,FALSE,FALSE,FALSE,,52 843 000 ₸,60 000 000 ₸,2020 - н.в. 14 поколение,Пикап,3.5 (бензин),45 000 км,Автомат,Полный привод,Слева,красный металлик,Да,all,60000000
Infiniti QX80,2024,https://kolesa.kz/a/show/212197819?search_id=290fea5db706b57e9b0a441cf6ffa43bd2144ad2&search_type=filter&advert_position=124,69 000 000₸,,,Астана,30 апреля,3464,TRUE,FALSE,FALSE,,,69 000 000 ₸,2024 - н.в. Z63,Внедорожник,3.5 (бензин),,Автомат,Полный привод,Слева,,Нет,all,69000000
Mercedes-Benz SL 420,2016,https://kolesa.kz/a/show/202674651?search_id=290fea5db706b57e9b0a441cf6ffa43bd2144ad2&search_type=filter&advert_position=125,89 000 000₸,,,Алматы,30 апреля,402,FALSE,FALSE,FALSE,,,89 000 000 ₸,2016 - н.в. R231 рестайлинг,Родстер,2 (бензин),15 000 км,Робот,Задний привод,Слева,,Да,all,89000000
BMW X7,2022,https://kolesa.kz/a/show/214726674?search_id=290fea5db706b57e9b0a441cf6ffa43bd2144ad2&search_type=filter&advert_position=126,70 888 888₸,584 021₸/мес,75%,Алматы,30 апреля,2222,FALSE,FALSE,FALSE,584 021₸,71 561 000 ₸,70 888 888 ₸,2022 - н.в. G07 рестайлинг,Кроссовер,3 (бензин),15 000 км,Автомат,Полный привод,Слева,,Да,all,70888888
BMW X6 XDrive 40i,2023,https://kolesa.kz/a/show/218050205?search_id=290fea5db706b57e9b0a441cf6ffa43bd2144ad2&search_type=filter&advert_position=127,73 869 977₸,,,Алматы,30 апреля,276,FALSE,FALSE,TRUE,,71 041 000 ₸,73 869 977 ₸,2023 - н.в. G06 рестайлинг,Кроссовер,3 (бензин),23 км,Автомат,Полный привод,Слева,белый металлик,Да,all,73869977
Lexus LX 600,2021,https://kolesa.kz/a/show/213947062?search_id=290fea5db706b57e9b0a441cf6ffa43bd2144ad2&search_type=filter&advert_position=128,88 000 000₸,,,Алматы,30 апреля,778,FALSE,FALSE,FALSE,,86 302 000 ₸,88 000 000 ₸,2021 - н.в. 4 поколение,Внедорожник,3.5 (бензин),500 км,Автомат,Полный привод,Слева,черный,Да,all,88000000
Lexus LX 600,2021,https://kolesa.kz/a/show/218707104?search_id=290fea5db706b57e9b0a441cf6ffa43bd2144ad2&search_type=filter&advert_position=129,84 500 000₸,,,Алматы,30 апреля,25,FALSE,FALSE,FALSE,,86 302 000 ₸,84 500 000 ₸,2021 - н.в. 4 поколение,Внедорожник,3.5 (бензин),4 200 км,Автомат,Полный привод,Слева,белый металлик,Да,all,84500000
Lexus LX 600,2021,https://kolesa.kz/a/show/218685333?search_id=290fea5db706b57e9b0a441cf6ffa43bd2144ad2&search_type=filter&advert_position=130,77 000 000₸,,,Алматы,30 апреля,46,FALSE,FALSE,FALSE,,79 103 000 ₸,77 000 000 ₸,2021 - н.в. 4 поколение,Внедорожник,3.5 (бензин),4 000 км,Автомат,Полный привод,Слева,серый металлик,Да,all,77000000
BYD Yangwang U8,2023,https://kolesa.kz/a/show/218420590?search_id=290fea5db706b57e9b0a441cf6ffa43bd2144ad2&search_type=filter&advert_position=131,65 000 000₸,,,Алматы,30 апреля,178,FALSE,FALSE,FALSE,,78 071 000 ₸,65 000 000 ₸,2023 - н.в. 1 поколение,Внедорожник,2 (гибрид),29 000 км,Автомат,Полный привод,Слева,бирюзовый,Да,all,65000000
Toyota Land Cruiser,2021,https://kolesa.kz/a/show/217103021?search_id=290fea5db706b57e9b0a441cf6ffa43bd2144ad2&search_type=filter&advert_position=132,60 888 888₸,584 021₸/мес,70%,Алматы,30 апреля,979,FALSE,FALSE,FALSE,584 021₸,60 621 000 ₸,60 888 888 ₸,2021 - н.в. J300,Внедорожник,3.5 (бензин),11 000 км,Автомат,Полный привод,Слева,серый металлик,Да,all,60888888
BMW X7 XDrive 40i,2024,https://kolesa.kz/a/show/213945878?search_id=290fea5db706b57e9b0a441cf6ffa43bd2144ad2&search_type=filter&advert_position=133,90 138 000₸,,,Петропавловск,30 апреля,1272,TRUE,FALSE,FALSE,,,90 138 000 ₸,,Кроссовер,3 (бензин),,Автомат,Полный привод,Слева,,Да,all,90138000
Land Rover Range Rover SE,2021,https://kolesa.kz/a/show/218482581?search_id=290fea5db706b57e9b0a441cf6ffa43bd2144ad2&search_type=filter&advert_position=134,111 977 000₸,,,Алматы,30 апреля,140,TRUE,FALSE,FALSE,,,111 977 000 ₸,2021 - н.в. 5 поколение,Внедорожник,3 (бензин),20 км,Автомат,Полный привод,Слева,зеленый,Да,all,111977000
BMW X6 XDrive 40i,2023,https://kolesa.kz/a/show/210194624?search_id=290fea5db706b57e9b0a441cf6ffa43bd2144ad2&search_type=filter&advert_position=135,67 500 000₸,,,Костанай,30 апреля,810,FALSE,FALSE,TRUE,,71 041 000 ₸,67 500 000 ₸,2023 - н.в. G06 рестайлинг,Кроссовер,3 (бензин),,Автомат,Полный привод,Слева,серый металлик,Да,all,67500000
Mercedes-Benz G 63 AMG,2018,https://kolesa.kz/a/show/214344464?search_id=290fea5db706b57e9b0a441cf6ffa43bd2144ad2&search_type=filter&advert_position=136,94 000 000₸,,,Алматы,30 апреля,62,FALSE,FALSE,FALSE,,104 010 000 ₸,94 000 000 ₸,2018 - н.в. W463,Внедорожник,4 (бензин),20 000 км,Автомат,Полный привод,Слева,,Да,all,94000000
Mercedes-Maybach S 580 4MATIC,2021,https://kolesa.kz/a/show/174156650?search_id=290fea5db706b57e9b0a441cf6ffa43bd2144ad2&search_type=filter&advert_position=137,155 000 000₸,,,Астана,30 апреля,4425,TRUE,FALSE,FALSE,,,155 000 000 ₸,2021 - н.в. Z223,Седан,4 (бензин),,Автомат,Полный привод,Слева,черный металлик,Да,all,155000000
Mercedes-Benz S 63 AMG 4MATIC,2020,https://kolesa.kz/a/show/212859091?search_id=290fea5db706b57e9b0a441cf6ffa43bd2144ad2&search_type=filter&advert_position=138,111 999 000₸,,,Алматы,30 апреля,14517,TRUE,FALSE,FALSE,,,111 999 000 ₸,2020 - н.в. W223,Седан,4 (гибрид),,Автомат,Полный привод,Слева,черный металлик,Да,all,111999000
Cadillac Escalade,2020,https://kolesa.kz/a/show/215517707?search_id=290fea5db706b57e9b0a441cf6ffa43bd2144ad2&search_type=filter&advert_position=139,75 000 000₸,,,Астана,30 апреля,398,FALSE,TRUE,FALSE,,,75 000 000 ₸,2020 - н.в. 5 поколение,Внедорожник,6.2 (бензин),3 000 км,Автомат,Полный привод,Слева,черный металлик,Да,all,75000000
Mercedes-Benz G 63 AMG,2018,https://kolesa.kz/a/show/217434518?search_id=290fea5db706b57e9b0a441cf6ffa43bd2144ad2&search_type=filter&advert_position=140,90 000 000₸,,,Атырау,30 апреля,934,FALSE,FALSE,FALSE,,97 925 000 ₸,90 000 000 ₸,2018 - н.в. W463,Внедорожник,4 (бензин),63 000 км,Автомат,Полный привод,Слева,,Да,all,90000000
BMW X7 XDrive 40i,2024,https://kolesa.kz/a/show/213945878?search_id=c01faf091d829632f9f106b3e41c6db09a3b5e6e&search_type=filter&advert_position=141,90 138 000₸,,,Петропавловск,30 апреля,1273,TRUE,FALSE,FALSE,,,90 138 000 ₸,,Кроссовер,3 (бензин),,Автомат,Полный привод,Слева,,Да,all,90138000
Land Rover Range Rover SE,2021,https://kolesa.kz/a/show/218482581?search_id=c01faf091d829632f9f106b3e41c6db09a3b5e6e&search_type=filter&advert_position=142,111 977 000₸,,,Алматы,30 апреля,141,TRUE,FALSE,FALSE,,,111 977 000 ₸,2021 - н.в. 5 поколение,Внедорожник,3 (бензин),20 км,Автомат,Полный привод,Слева,зеленый,Да,all,111977000
BMW X6 XDrive 40i,2023,https://kolesa.kz/a/show/210194624?search_id=c01faf091d829632f9f106b3e41c6db09a3b5e6e&search_type=filter&advert_position=143,67 500 000₸,,,Костанай,30 апреля,811,FALSE,FALSE,TRUE,,71 041 000 ₸,67 500 000 ₸,2023 - н.в. G06 рестайлинг,Кроссовер,3 (бензин),,Автомат,Полный привод,Слева,серый металлик,Да,all,67500000
Mercedes-Benz G 63 AMG,2018,https://kolesa.kz/a/show/214344464?search_id=c01faf091d829632f9f106b3e41c6db09a3b5e6e&search_type=filter&advert_position=144,94 000 000₸,,,Алматы,30 апреля,63,FALSE,FALSE,FALSE,,104 010 000 ₸,94 000 000 ₸,2018 - н.в. W463,Внедорожник,4 (бензин),20 000 км,Автомат,Полный привод,Слева,,Да,all,94000000
Mercedes-Maybach S 580 4MATIC,2021,https://kolesa.kz/a/show/174156650?search_id=c01faf091d829632f9f106b3e41c6db09a3b5e6e&search_type=filter&advert_position=145,155 000 000₸,,,Астана,30 апреля,4426,TRUE,FALSE,FALSE,,,155 000 000 ₸,2021 - н.в. Z223,Седан,4 (бензин),,Автомат,Полный привод,Слева,черный металлик,Да,all,155000000
Mercedes-Benz S 63 AMG 4MATIC,2020,https://kolesa.kz/a/show/212859091?search_id=c01faf091d829632f9f106b3e41c6db09a3b5e6e&search_type=filter&advert_position=146,111 999 000₸,,,Алматы,30 апреля,14518,TRUE,FALSE,FALSE,,,111 999 000 ₸,2020 - н.в. W223,Седан,4 (гибрид),,Автомат,Полный привод,Слева,черный металлик,Да,all,111999000
Cadillac Escalade,2020,https://kolesa.kz/a/show/215517707?search_id=c01faf091d829632f9f106b3e41c6db09a3b5e6e&search_type=filter&advert_position=147,75 000 000₸,,,Астана,30 апреля,399,FALSE,TRUE,FALSE,,,75 000 000 ₸,2020 - н.в. 5 поколение,Внедорожник,6.2 (бензин),3 000 км,Автомат,Полный привод,Слева,черный металлик,Да,all,75000000
Mercedes-Benz G 63 AMG,2018,https://kolesa.kz/a/show/217434518?search_id=c01faf091d829632f9f106b3e41c6db09a3b5e6e&search_type=filter&advert_position=148,90 000 000₸,,,Атырау,30 апреля,935,FALSE,FALSE,FALSE,,97 925 000 ₸,90 000 000 ₸,2018 - н.в. W463,Внедорожник,4 (бензин),63 000 км,Автомат,Полный привод,Слева,,Да,all,90000000
Infiniti QX80 Sensory,2024,https://kolesa.kz/a/show/209245150?search_id=c01faf091d829632f9f106b3e41c6db09a3b5e6e&search_type=filter&advert_position=149,76 990 000₸,,,Шымкент,30 апреля,2520,FALSE,FALSE,TRUE,,,76 990 000 ₸,2024 - н.в. Z63,Внедорожник,3.5 (бензин),,Автомат,Полный привод,Слева,,Да,all,76990000
BMW X7 XDrive 40i,2022,https://kolesa.kz/a/show/215664886?search_id=c01faf091d829632f9f106b3e41c6db09a3b5e6e&search_type=filter&advert_position=150,80 066 000₸,,,Уральск,30 апреля,350,FALSE,FALSE,TRUE,,79 300 000 ₸,80 066 000 ₸,2022 - н.в. G07 рестайлинг,Кроссовер,3 (бензин),10 км,Автомат,Полный привод,Слева,,Да,all,80066000
Mercedes-Benz GLE Coupe 63 AMG 4MATIC,2019,https://kolesa.kz/a/show/171777875?search_id=c01faf091d829632f9f106b3e41c6db09a3b5e6e&search_type=filter&advert_position=151,80 799 000₸,,,Алматы,30 апреля,5833,FALSE,FALSE,TRUE,,,80 799 000 ₸,2019 - н.в. C293,Кроссовер,4 (бензин),15 км,Автомат,Полный привод,Слева,черный металлик,Да,all,80799000
Land Rover Range Rover Autobiography,2021,https://kolesa.kz/a/show/216356563?search_id=c01faf091d829632f9f106b3e41c6db09a3b5e6e&search_type=filter&advert_position=152,138 977 000₸,,,Павлодар,30 апреля,1125,TRUE,FALSE,FALSE,,,138 977 000 ₸,2021 - н.в. 5 поколение,Внедорожник,4.4 (бензин),,Автомат,Полный привод,Слева,,Да,all,138977000
Porsche 911 Carrera S,2024,https://kolesa.kz/a/show/214594108?search_id=c01faf091d829632f9f106b3e41c6db09a3b5e6e&search_type=filter&advert_position=153,145 260 600₸,,,Алматы,30 апреля,3015,FALSE,FALSE,TRUE,,,145 260 600 ₸,2024 - н.в. 992 рестайлинг (992),Купе,3 (бензин),,Робот,Задний привод,Слева,серый,Да,all,145260600
Audi Q8 55 TFSI Quattro Sport,2018,https://kolesa.kz/a/show/197586210?search_id=c01faf091d829632f9f106b3e41c6db09a3b5e6e&search_type=filter&advert_position=154,63 890 000₸,,,Алматы,30 апреля,2948,FALSE,FALSE,TRUE,,,63 890 000 ₸,2018 - н.в. 1 поколение (4MN),Кроссовер,3 (бензин),5 км,Автомат,Полный привод,Слева,белый,Да,all,63890000
Lexus GX 550 Overtrail,2023,https://kolesa.kz/a/show/210210059?search_id=c01faf091d829632f9f106b3e41c6db09a3b5e6e&search_type=filter&advert_position=155,66 190 000₸,,,Караганда,30 апреля,4459,FALSE,FALSE,TRUE,,59 305 000 ₸,66 190 000 ₸,2023 - н.в. 3 поколение (J250),Внедорожник,3.4 (бензин),,Автомат,Полный привод,Слева,белый металлик,Да,all,66190000
Mercedes-Benz GLS 580,2019,https://kolesa.kz/a/show/213555594?search_id=c01faf091d829632f9f106b3e41c6db09a3b5e6e&search_type=filter&advert_position=156,63 000 000₸,,,Алматы,30 апреля,295,FALSE,FALSE,FALSE,,,63 000 000 ₸,2019 - н.в. X167,Внедорожник,4 (бензин),77 000 км,Автомат,Полный привод,Слева,серебристый металлик,Да,all,63000000
BMW 740,2022,https://kolesa.kz/a/show/188352941?search_id=c01faf091d829632f9f106b3e41c6db09a3b5e6e&search_type=filter&advert_position=157,68 000 000₸,,,Алматы,30 апреля,634,FALSE,FALSE,FALSE,,67 508 000 ₸,68 000 000 ₸,2022 - н.в. G70,Седан,3 (бензин),20 000 км,Автомат,Полный привод,Слева,черный,Да,all,68000000
Lexus LX 600,2021,https://kolesa.kz/a/show/218210133?search_id=c01faf091d829632f9f106b3e41c6db09a3b5e6e&search_type=filter&advert_position=158,75 000 000₸,,,Кызылорда,30 апреля,199,FALSE,FALSE,FALSE,,69 560 000 ₸,75 000 000 ₸,2021 - н.в. 4 поколение,Внедорожник,3.5 (бензин),68 000 км,Автомат,Полный привод,Слева,белый,Да,all,75000000
Mercedes-Benz GLE 63 AMG,2019,https://kolesa.kz/a/show/217203484?search_id=c01faf091d829632f9f106b3e41c6db09a3b5e6e&search_type=filter&advert_position=159,79 500 000₸,,,Алматы,30 апреля,932,FALSE,TRUE,FALSE,,,79 500 000 ₸,2019 - н.в. V167,Кроссовер,4 (бензин),17 500 км,Автомат,Полный привод,Слева,,Да,all,79500000
Tank 700,2023,https://kolesa.kz/a/show/217448489?search_id=c01faf091d829632f9f106b3e41c6db09a3b5e6e&search_type=filter&advert_position=160,63 000 000₸,,,Астана,30 апреля,1477,FALSE,FALSE,FALSE,,,63 000 000 ₸,2023 - н.в. 1 поколение,Внедорожник,3 (гибрид),888 км,Автомат,Полный привод,Слева,черный,Да,all,63000000
Mercedes-Benz GLS 580,2019,https://kolesa.kz/a/show/213555594?search_id=84b2cad5949545e6471c1c889abec080d212f66b&search_type=filter&advert_position=161,63 000 000₸,,,Алматы,30 апреля,296,FALSE,FALSE,FALSE,,,63 000 000 ₸,2019 - н.в. X167,Внедорожник,4 (бензин),77 000 км,Автомат,Полный привод,Слева,серебристый металлик,Да,all,63000000
BMW 740,2022,https://kolesa.kz/a/show/188352941?search_id=84b2cad5949545e6471c1c889abec080d212f66b&search_type=filter&advert_position=162,68 000 000₸,,,Алматы,30 апреля,635,FALSE,FALSE,FALSE,,67 508 000 ₸,68 000 000 ₸,2022 - н.в. G70,Седан,3 (бензин),20 000 км,Автомат,Полный привод,Слева,черный,Да,all,68000000
Lexus LX 600,2021,https://kolesa.kz/a/show/218210133?search_id=84b2cad5949545e6471c1c889abec080d212f66b&search_type=filter&advert_position=163,75 000 000₸,,,Кызылорда,30 апреля,200,FALSE,FALSE,FALSE,,69 560 000 ₸,75 000 000 ₸,2021 - н.в. 4 поколение,Внедорожник,3.5 (бензин),68 000 км,Автомат,Полный привод,Слева,белый,Да,all,75000000
Mercedes-Benz GLE 63 AMG,2019,https://kolesa.kz/a/show/217203484?search_id=84b2cad5949545e6471c1c889abec080d212f66b&search_type=filter&advert_position=164,79 500 000₸,,,Алматы,30 апреля,933,FALSE,TRUE,FALSE,,,79 500 000 ₸,2019 - н.в. V167,Кроссовер,4 (бензин),17 500 км,Автомат,Полный привод,Слева,,Да,all,79500000
Tank 700,2023,https://kolesa.kz/a/show/217448489?search_id=84b2cad5949545e6471c1c889abec080d212f66b&search_type=filter&advert_position=165,63 000 000₸,,,Астана,30 апреля,1478,FALSE,FALSE,FALSE,,,63 000 000 ₸,2023 - н.в. 1 поколение,Внедорожник,3 (гибрид),888 км,Автомат,Полный привод,Слева,черный,Да,all,63000000
Land Rover Range Rover Sport Dynamic SE,2022,https://kolesa.kz/a/show/218044320?search_id=84b2cad5949545e6471c1c889abec080d212f66b&search_type=filter&advert_position=166,104 171 000₸,,,Усть-Каменогорск,30 апреля,259,TRUE,FALSE,FALSE,,,104 171 000 ₸,2022 - н.в. 3 поколение,Внедорожник,3 (бензин),20 км,Автомат,Полный привод,Слева,черный металлик,Да,all,104171000
BMW X7,2024,https://kolesa.kz/a/show/217762933?search_id=84b2cad5949545e6471c1c889abec080d212f66b&search_type=filter&advert_position=167,98 055 641₸,,,Шымкент,30 апреля,404,TRUE,FALSE,FALSE,,,98 055 641 ₸,,Кроссовер,4.4 (бензин),3 км,Автомат,Полный привод,Слева,белый,Да,all,98055641
Toyota Land Cruiser,2021,https://kolesa.kz/a/show/217706817?search_id=84b2cad5949545e6471c1c889abec080d212f66b&search_type=filter&advert_position=168,71 000 000₸,,,Шымкент,30 апреля,674,FALSE,FALSE,FALSE,,,71 000 000 ₸,2021 - н.в. J300,Внедорожник,3.5 (гибрид),,Автомат,Полный привод,Слева,,Да,all,71000000
Lexus LX 600,2021,https://kolesa.kz/a/show/207259193?search_id=84b2cad5949545e6471c1c889abec080d212f66b&search_type=filter&advert_position=169,88 000 000₸,,,Семей,30 апреля,1336,FALSE,FALSE,FALSE,,86 302 000 ₸,88 000 000 ₸,2021 - н.в. 4 поколение,Внедорожник,3.5 (бензин),2 900 км,Автомат,Полный привод,Слева,серебристый металлик,Да,all,88000000
Mercedes-Benz EQS SUV,2022,https://kolesa.kz/a/show/195893020?search_id=84b2cad5949545e6471c1c889abec080d212f66b&search_type=filter&advert_position=170,93 000 000₸,,,Щучинск,30 апреля,3734,FALSE,FALSE,FALSE,,,93 000 000 ₸,2022 - н.в. 1 поколение,Кроссовер,,50 км,Автомат,Полный привод,Слева,черный металлик,Да,all,93000000
Mercedes-Benz S 400,2020,https://kolesa.kz/a/show/201838428?search_id=84b2cad5949545e6471c1c889abec080d212f66b&search_type=filter&advert_position=171,60 000 000₸,,,Шымкент,30 апреля,197,FALSE,FALSE,FALSE,,,60 000 000 ₸,2020 - н.в. W223,Седан,2.9 (дизель),71 000 км,Автомат,Полный привод,Слева,,Да,all,60000000
Toyota Land Cruiser,2021,https://kolesa.kz/a/show/217211927?search_id=84b2cad5949545e6471c1c889abec080d212f66b&search_type=filter&advert_position=172,65 000 000₸,584 021₸/мес,72%,Алматы,30 апреля,1050,FALSE,FALSE,FALSE,584 021₸,60 621 000 ₸,65 000 000 ₸,2021 - н.в. J300,Внедорожник,3.5 (бензин),6 000 км,Автомат,Полный привод,Слева,черный металлик,Да,all,65000000
Lexus LX 600 Luxury 7S,2021,https://kolesa.kz/a/show/217091182?search_id=84b2cad5949545e6471c1c889abec080d212f66b&search_type=filter&advert_position=173,64 000 000₸,,,Астана,30 апреля,745,TRUE,FALSE,FALSE,,69 560 000 ₸,64 000 000 ₸,2021 - н.в. 4 поколение,Внедорожник,3.5 (бензин),89 922 км,Автомат,Полный привод,Слева,белый,Да,all,64000000
Infiniti QX80,2024,https://kolesa.kz/a/show/214043637?search_id=84b2cad5949545e6471c1c889abec080d212f66b&search_type=filter&advert_position=174,76 990 000₸,,,Актобе,30 апреля,1351,FALSE,FALSE,TRUE,,,76 990 000 ₸,2024 - н.в. Z63,Внедорожник,3.5 (бензин),,Автомат,Полный привод,Слева,,Да,all,76990000
BMW M5,2024,https://kolesa.kz/a/show/217947250?search_id=84b2cad5949545e6471c1c889abec080d212f66b&search_type=filter&advert_position=175,79 000 000₸,,,Алматы,30 апреля,778,TRUE,FALSE,FALSE,,101 992 000 ₸,79 000 000 ₸,2024 - н.в. G90,Седан,4.4 (гибрид),,Автомат,Полный привод,Слева,,Да,all,79000000
Mercedes-Benz SL 63 AMG,2016,https://kolesa.kz/a/show/217741333?search_id=84b2cad5949545e6471c1c889abec080d212f66b&search_type=filter&advert_position=176,140 000 000₸,,,Алматы,30 апреля,809,TRUE,FALSE,FALSE,,,140 000 000 ₸,2016 - н.в. R231 рестайлинг,Родстер,5.5 (бензин),500 км,Автомат,Задний привод,Слева,,Нет,all,140000000
BMW X6 XDrive 40i,2023,https://kolesa.kz/a/show/209640734?search_id=84b2cad5949545e6471c1c889abec080d212f66b&search_type=filter&advert_position=177,63 000 000₸,,,Алматы,30 апреля,3197,TRUE,FALSE,FALSE,,71 041 000 ₸,63 000 000 ₸,2023 - н.в. G06 рестайлинг,Кроссовер,3 (бензин),,Автомат,Полный привод,Слева,черный,Да,all,63000000
Mercedes-Benz G 63 AMG,2018,https://kolesa.kz/a/show/218477126?search_id=84b2cad5949545e6471c1c889abec080d212f66b&search_type=filter&advert_position=178,92 000 000₸,,,Алматы,30 апреля,203,FALSE,FALSE,FALSE,,104 010 000 ₸,92 000 000 ₸,2018 - н.в. W463,Внедорожник,4 (бензин),38 000 км,Автомат,Полный привод,Слева,черный металлик,Да,all,92000000
Mercedes-Benz G 550,2018,https://kolesa.kz/a/show/215478890?search_id=84b2cad5949545e6471c1c889abec080d212f66b&search_type=filter&advert_position=179,110 000 000₸,,,Астана,30 апреля,1699,FALSE,FALSE,FALSE,,,110 000 000 ₸,2018 - н.в. W463,Внедорожник,4 (бензин),61 000 км,Автомат,Полный привод,Слева,черный,Да,all,110000000
Land Rover Range Rover Sport SV,2022,https://kolesa.kz/a/show/218514350?search_id=84b2cad5949545e6471c1c889abec080d212f66b&search_type=filter&advert_position=180,160 914 000₸,,,Алматы,30 апреля,131,TRUE,FALSE,FALSE,,,160 914 000 ₸,2022 - н.в. 3 поколение,Внедорожник,4.4 (бензин),21 км,Автомат,Полный привод,Слева,синий металлик,Да,all,160914000
Infiniti QX80,2024,https://kolesa.kz/a/show/210923705?search_id=9931fd608a35c0a1aa8e30f7dd1aa0c580116ce2&search_type=filter&advert_position=181,69 990 000₸,,,Актау,30 апреля,2679,FALSE,FALSE,TRUE,,,69 990 000 ₸,2024 - н.в. Z63,Внедорожник,3.5 (бензин),,Автомат,Полный привод,Слева,,Да,all,69990000
Mercedes-Benz GLE Coupe 4MATIC,2019,https://kolesa.kz/a/show/198800172?search_id=9931fd608a35c0a1aa8e30f7dd1aa0c580116ce2&search_type=filter&advert_position=182,65 000 000₸,,,Алматы,30 апреля,3788,FALSE,FALSE,TRUE,,,65 000 000 ₸,2019 - н.в. C293,Кроссовер,3 (бензин),,Автомат,Полный привод,Слева,зеленый металлик,Да,all,65000000
Land Rover Defender X-Dynamic SE,2019,https://kolesa.kz/a/show/211709461?search_id=9931fd608a35c0a1aa8e30f7dd1aa0c580116ce2&search_type=filter&advert_position=183,81 190 000₸,,,Астана,30 апреля,4310,FALSE,FALSE,TRUE,,,81 190 000 ₸,2019 - н.в. 2 поколение (L663),Внедорожник,3 (бензин),1 км,Автомат,Полный привод,Слева,зеленый металлик,Да,all,81190000
Porsche 911 Carrera 4 GTS,2024,https://kolesa.kz/a/show/214300927?search_id=9931fd608a35c0a1aa8e30f7dd1aa0c580116ce2&search_type=filter&advert_position=184,165 291 000₸,,,Алматы,30 апреля,4309,FALSE,FALSE,TRUE,,,165 291 000 ₸,2024 - н.в. 992 рестайлинг (992),Купе,3.6 (гибрид),,Робот,Полный привод,Слева,черный металлик,Да,all,165291000
Toyota Sequoia,2022,https://kolesa.kz/a/show/195775023?search_id=9931fd608a35c0a1aa8e30f7dd1aa0c580116ce2&search_type=filter&advert_position=185,61 000 000₸,,,Атырау,30 апреля,216,FALSE,FALSE,FALSE,,58 610 000 ₸,61 000 000 ₸,2022 - н.в. 3 поколение,Внедорожник,3.5 (гибрид),45 000 км,Автомат,Полный привод,Слева,,Да,all,61000000
Mercedes-Benz CLE 53 AMG,2023,https://kolesa.kz/a/show/217113344?search_id=9931fd608a35c0a1aa8e30f7dd1aa0c580116ce2&search_type=filter&advert_position=186,75 800 000₸,,,Алматы,30 апреля,508,FALSE,FALSE,FALSE,,,75 800 000 ₸,2023 - н.в. 1 поколение,Купе,3 (бензин),10 000 км,Автомат,Полный привод,Слева,жёлтый,Да,all,75800000
Mercedes-Benz AMG GT,2017,https://kolesa.kz/a/show/213236906?search_id=9931fd608a35c0a1aa8e30f7dd1aa0c580116ce2&search_type=filter&advert_position=187,105 000 000₸,,,Алматы,30 апреля,251,FALSE,FALSE,FALSE,,,105 000 000 ₸,2017 - 2024 1 поколение рестайлинг,Купе,4 (бензин),9 400 км,Робот,Задний привод,Слева,белый металлик,Да,all,105000000
Land Rover Defender,2019,https://kolesa.kz/a/show/218225181?search_id=9931fd608a35c0a1aa8e30f7dd1aa0c580116ce2&search_type=filter&advert_position=188,82 000 000₸,,,Алматы,30 апреля,225,FALSE,FALSE,FALSE,,63 830 000 ₸,82 000 000 ₸,2019 - н.в. 2 поколение (L663),Внедорожник,3 (бензин),25 000 км,Автомат,Полный привод,Слева,,Да,all,82000000
Jeep Wagoneer,2021,https://kolesa.kz/a/show/218178244?search_id=9931fd608a35c0a1aa8e30f7dd1aa0c580116ce2&search_type=filter&advert_position=189,65 000 000₸,,,Алматы,30 апреля,145,FALSE,FALSE,FALSE,,,65 000 000 ₸,2021 - н.в. WS,Внедорожник,6.4 (бензин),66 000 км,Автомат,Полный привод,Слева,,Да,all,65000000
Land Rover Range Rover Sport,2022,https://kolesa.kz/a/show/215614567?search_id=9931fd608a35c0a1aa8e30f7dd1aa0c580116ce2&search_type=filter&advert_position=190,68 400 000₸,,,Алматы,30 апреля,1396,FALSE,TRUE,FALSE,,71 247 000 ₸,68 400 000 ₸,2022 - н.в. 3 поколение,Внедорожник,3 (бензин),21 140 км,Автомат,Полный привод,Слева,,Да,all,68400000
BMW X7,2022,https://kolesa.kz/a/show/206049475?search_id=9931fd608a35c0a1aa8e30f7dd1aa0c580116ce2&search_type=filter&advert_position=191,66 000 000₸,584 021₸/мес,73%,Алматы,30 апреля,210,FALSE,FALSE,FALSE,584 021₸,71 561 000 ₸,66 000 000 ₸,2022 - н.в. G07 рестайлинг,Кроссовер,3 (бензин),59 000 км,Автомат,Полный привод,Слева,серый металлик,Да,all,66000000
Porsche Taycan,2019,https://kolesa.kz/a/show/217337615?search_id=9931fd608a35c0a1aa8e30f7dd1aa0c580116ce2&search_type=filter&advert_position=192,63 000 000₸,,,Алматы,30 апреля,336,FALSE,FALSE,FALSE,,,63 000 000 ₸,2019 - н.в. 1 поколение (Y1A),Седан,,5 000 км,Автомат,Полный привод,Слева,бордовый,Да,all,63000000
Mercedes-Benz AMG GT,2017,https://kolesa.kz/a/show/181663493?search_id=9931fd608a35c0a1aa8e30f7dd1aa0c580116ce2&search_type=filter&advert_position=193,70 000 000₸,,,Астана,30 апреля,226,FALSE,FALSE,FALSE,,66 800 000 ₸,70 000 000 ₸,2017 - 2024 1 поколение рестайлинг,Лифтбек,4 (бензин),33 500 км,Робот,Полный привод,Слева,черный,Да,all,70000000
Porsche Cayenne Coupe,2017,https://kolesa.kz/a/show/215717853?search_id=9931fd608a35c0a1aa8e30f7dd1aa0c580116ce2&search_type=filter&advert_position=194,65 000 000₸,,,Астана,30 апреля,37,FALSE,FALSE,FALSE,,,65 000 000 ₸,2017 - 2023 3 поколение (9YB),Кроссовер,4 (бензин),18 000 км,Автомат,Полный привод,Слева,черный,Да,all,65000000
Mercedes-Benz V 300 Exclusive,2014,https://kolesa.kz/a/show/129056025?search_id=9931fd608a35c0a1aa8e30f7dd1aa0c580116ce2&search_type=filter&advert_position=195,75 000 000₸,,,Астана,30 апреля,3315,FALSE,FALSE,TRUE,,,75 000 000 ₸,2014 - н.в. W447,Минивэн,2 (дизель),,Автомат,Полный привод,Слева,черный металлик,Нет,all,75000000
Toyota Sequoia,2022,https://kolesa.kz/a/show/218388023?search_id=9931fd608a35c0a1aa8e30f7dd1aa0c580116ce2&search_type=filter&advert_position=196,60 000 000₸,,,Семей,30 апреля,126,FALSE,FALSE,FALSE,,58 610 000 ₸,60 000 000 ₸,2022 - н.в. 3 поколение,Внедорожник,3.5 (гибрид),8 932 км,Автомат,Полный привод,Слева,белый металлик,Да,all,60000000
McLaren 570S,2015,https://kolesa.kz/a/show/217318295?search_id=9931fd608a35c0a1aa8e30f7dd1aa0c580116ce2&search_type=filter&advert_position=197,125 000 000₸,,,Алматы,30 апреля,1545,FALSE,FALSE,FALSE,,,125 000 000 ₸,2015 - 2021 1 поколение,Купе,3.8 (бензин),39 000 км,Робот,Задний привод,Слева,,Да,all,125000000
Land Rover Range Rover Sport Dynamic SE,2022,https://kolesa.kz/a/show/218041801?search_id=9931fd608a35c0a1aa8e30f7dd1aa0c580116ce2&search_type=filter&advert_position=198,104 171 000₸,,,Шымкент,30 апреля,311,TRUE,FALSE,FALSE,,,104 171 000 ₸,2022 - н.в. 3 поколение,Внедорожник,3 (бензин),20 км,Автомат,Полный привод,Слева,черный металлик,Да,all,104171000
Lexus LX 600,2021,https://kolesa.kz/a/show/218405980?search_id=9931fd608a35c0a1aa8e30f7dd1aa0c580116ce2&search_type=filter&advert_position=199,90 000 000₸,,,Астана,30 апреля,262,FALSE,FALSE,FALSE,,,90 000 000 ₸,2021 - н.в. 4 поколение,Внедорожник,3.5 (бензин),,Автомат,Полный привод,Слева,белый металлик,Да,all,90000000
BMW 850,2018,https://kolesa.kz/a/show/217860594?search_id=9931fd608a35c0a1aa8e30f7dd1aa0c580116ce2&search_type=filter&advert_position=200,67 000 000₸,,,Караганда,30 апреля,218,FALSE,FALSE,FALSE,,,67 000 000 ₸,2018 - н.в. G15,Седан,4.4 (бензин),17 500 км,Автомат,Полный привод,Слева,белый,Да,all,67000000
Lexus LX 600,2021,https://kolesa.kz/a/show/218405980?search_id=69a4bc3caa9c486658dfc3910d455105b1255d58&search_type=filter&advert_position=201,90 000 000₸,,,Астана,30 апреля,263,FALSE,FALSE,FALSE,,,90 000 000 ₸,2021 - н.в. 4 поколение,Внедорожник,3.5 (бензин),,Автомат,Полный привод,Слева,белый металлик,Да,all,90000000
BMW 850,2018,https://kolesa.kz/a/show/217860594?search_id=69a4bc3caa9c486658dfc3910d455105b1255d58&search_type=filter&advert_position=202,67 000 000₸,,,Караганда,30 апреля,219,FALSE,FALSE,FALSE,,,67 000 000 ₸,2018 - н.в. G15,Седан,4.4 (бензин),17 500 км,Автомат,Полный привод,Слева,белый,Да,all,67000000
BMW X5 XDrive 40i,2023,https://kolesa.kz/a/show/217092561?search_id=69a4bc3caa9c486658dfc3910d455105b1255d58&search_type=filter&advert_position=203,66 000 000₸,,,Алматы,30 апреля,236,TRUE,FALSE,FALSE,,59 457 000 ₸,66 000 000 ₸,2023 - н.в. G05 рестайлинг,Кроссовер,3 (бензин),18 577 км,Автомат,Полный привод,Слева,черный,Да,all,66000000
BMW X5 XDrive 40i,2023,https://kolesa.kz/a/show/215576457?search_id=69a4bc3caa9c486658dfc3910d455105b1255d58&search_type=filter&advert_position=204,72 248 000₸,,,Уральск,30 апреля,384,FALSE,FALSE,TRUE,,65 066 000 ₸,72 248 000 ₸,2023 - н.в. G05 рестайлинг,Кроссовер,3 (бензин),10 км,Автомат,Полный привод,Слева,,Да,all,72248000
Cadillac Escalade,2020,https://kolesa.kz/a/show/218547804?search_id=69a4bc3caa9c486658dfc3910d455105b1255d58&search_type=filter&advert_position=205,68 000 000₸,,,Алматы,30 апреля,260,FALSE,TRUE,FALSE,,61 959 000 ₸,68 000 000 ₸,2020 - н.в. 5 поколение,Внедорожник,6.2 (бензин),15 000 км,Автомат,Полный привод,Слева,черный,Да,all,68000000
BMW X7 XDrive 40i,2022,https://kolesa.kz/a/show/217272999?search_id=69a4bc3caa9c486658dfc3910d455105b1255d58&search_type=filter&advert_position=206,78 350 515₸,,,Астана,30 апреля,448,TRUE,FALSE,FALSE,,79 300 000 ₸,78 350 515 ₸,2022 - н.в. G07 рестайлинг,Кроссовер,3 (бензин),2 691 км,Автомат,Полный привод,Слева,серый,Да,all,78350515
Mercedes-Benz G 63 AMG,2018,https://kolesa.kz/a/show/217016748?search_id=69a4bc3caa9c486658dfc3910d455105b1255d58&search_type=filter&advert_position=207,100 000 000₸,,,Алматы,30 апреля,933,FALSE,FALSE,FALSE,,92 185 000 ₸,100 000 000 ₸,2018 - н.в. W463,Внедорожник,4 (бензин),50 000 км,Автомат,Полный привод,Слева,черный,Да,all,100000000
Land Rover Range Rover Autobiography,2021,https://kolesa.kz/a/show/218470473?search_id=69a4bc3caa9c486658dfc3910d455105b1255d58&search_type=filter&advert_position=208,139 273 000₸,,,Алматы,30 апреля,137,TRUE,FALSE,FALSE,,,139 273 000 ₸,2021 - н.в. 5 поколение,Внедорожник,4.4 (бензин),20 км,Автомат,Полный привод,Слева,золотистый металлик,Да,all,139273000
Infiniti QX80,2024,https://kolesa.kz/a/show/209495326?search_id=69a4bc3caa9c486658dfc3910d455105b1255d58&search_type=filter&advert_position=209,76 990 000₸,,,Атырау,30 апреля,2175,FALSE,FALSE,TRUE,,,76 990 000 ₸,2024 - н.в. Z63,Внедорожник,3.5 (бензин),,Автомат,Полный привод,Слева,,Да,all,76990000
Mercedes-Benz GLE 450 4MATIC,2019,https://kolesa.kz/a/show/215862894?search_id=69a4bc3caa9c486658dfc3910d455105b1255d58&search_type=filter&advert_position=210,70 836 560₸,,,Алматы,30 апреля,1261,FALSE,FALSE,TRUE,,,70 836 560 ₸,2019 - н.в. V167,Кроссовер,3 (бензин),9 км,Автомат,Полный привод,Слева,белый металлик,Да,all,70836560
Mercedes-Benz EQE SUV,2022,https://kolesa.kz/a/show/213114735?search_id=69a4bc3caa9c486658dfc3910d455105b1255d58&search_type=filter&advert_position=211,63 899 000₸,,,Алматы,30 апреля,1790,FALSE,FALSE,TRUE,,,63 899 000 ₸,2022 - н.в. 1 поколение,Внедорожник,,,Автомат,Полный привод,Слева,коричневый металлик,Да,all,63899000
Porsche 911 Carrera,2018,https://kolesa.kz/a/show/217640708?search_id=69a4bc3caa9c486658dfc3910d455105b1255d58&search_type=filter&advert_position=212,79 900 000₸,,,Алматы,30 апреля,990,TRUE,FALSE,FALSE,,,79 900 000 ₸,2018 - н.в. 992,Кабриолет,3 (бензин),,Робот,Задний привод,Слева,,Нет,all,79900000
Mercedes-Benz G 63 AMG 4MATIC,2018,https://kolesa.kz/a/show/217931880?search_id=69a4bc3caa9c486658dfc3910d455105b1255d58&search_type=filter&advert_position=213,71 000 000₸,,,Астана,30 апреля,873,TRUE,FALSE,FALSE,,,71 000 000 ₸,2018 - н.в. W463,Внедорожник,4 (бензин),,Автомат,Полный привод,Слева,,Нет,all,71000000
BMW X7 XDrive 40i,2022,https://kolesa.kz/a/show/214307116?search_id=69a4bc3caa9c486658dfc3910d455105b1255d58&search_type=filter&advert_position=214,76 050 000₸,,,Астана,30 апреля,2633,TRUE,FALSE,FALSE,,79 300 000 ₸,76 050 000 ₸,2022 - н.в. G07 рестайлинг,Кроссовер,3 (бензин),,Автомат,Полный привод,Слева,,Да,all,76050000
Porsche Cayenne Coupe GTS,2023,https://kolesa.kz/a/show/216624332?search_id=69a4bc3caa9c486658dfc3910d455105b1255d58&search_type=filter&advert_position=215,119 925 000₸,,,Алматы,30 апреля,344,FALSE,FALSE,TRUE,,,119 925 000 ₸,2023 - н.в. 3 поколение рестайлинг (9YB),Кроссовер,4 (бензин),,Автомат,Полный привод,Слева,белый,Да,all,119925000
BMW XM 50e,2022,https://kolesa.kz/a/show/216363242?search_id=69a4bc3caa9c486658dfc3910d455105b1255d58&search_type=filter&advert_position=216,102 271 014₸,,,Алматы,30 апреля,1562,FALSE,FALSE,TRUE,,,102 271 014 ₸,2022 - н.в. 1 поколение,Внедорожник,3 (гибрид),,Автомат,Полный привод,Слева,черный металлик,Да,all,102271014
BMW i7,2022,https://kolesa.kz/a/show/218615983?search_id=69a4bc3caa9c486658dfc3910d455105b1255d58&search_type=filter&advert_position=217,80 000 000₸,,,Алматы,30 апреля,30,FALSE,FALSE,FALSE,,,80 000 000 ₸,2022 - н.в. 1 поколение,Седан,,11 600 км,Автомат,Полный привод,Слева,,Да,all,80000000
Mercedes-Benz GLE Coupe 53 AMG 4MATIC,2019,https://kolesa.kz/a/show/218587881?search_id=69a4bc3caa9c486658dfc3910d455105b1255d58&search_type=filter&advert_position=218,68 000 000₸,,,Алматы,30 апреля,53,TRUE,FALSE,FALSE,,,68 000 000 ₸,2019 - н.в. C293,Кроссовер,3 (бензин),25 км,Автомат,Полный привод,Слева,,Нет,all,68000000
Land Rover Defender X-Dynamic SE,2019,https://kolesa.kz/a/show/211009116?search_id=69a4bc3caa9c486658dfc3910d455105b1255d58&search_type=filter&advert_position=219,82 151 000₸,,,Астана,30 апреля,303,FALSE,FALSE,TRUE,,,82 151 000 ₸,2019 - н.в. 2 поколение (L663),Внедорожник,3 (бензин),5 км,Автомат,Полный привод,Слева,черный металлик,Да,all,82151000
Mercedes-Benz V 300 D Avantgarde,2014,https://kolesa.kz/a/show/129055877?search_id=69a4bc3caa9c486658dfc3910d455105b1255d58&search_type=filter&advert_position=220,85 000 000₸,,,Астана,30 апреля,3498,TRUE,FALSE,FALSE,,,85 000 000 ₸,2014 - н.в. W447,Минивэн,2 (дизель),,Автомат,Полный привод,Слева,черный металлик,Да,all,85000000
BMW XM 50e,2022,https://kolesa.kz/a/show/216363242?search_id=13d1fe968609c19132cfaed18be1d3e77ae9a937&search_type=filter&advert_position=221,102 271 014₸,,,Алматы,30 апреля,1563,FALSE,FALSE,TRUE,,,102 271 014 ₸,2022 - н.в. 1 поколение,Внедорожник,3 (гибрид),,Автомат,Полный привод,Слева,черный металлик,Да,all,102271014
BMW i7,2022,https://kolesa.kz/a/show/218615983?search_id=13d1fe968609c19132cfaed18be1d3e77ae9a937&search_type=filter&advert_position=222,80 000 000₸,,,Алматы,30 апреля,31,FALSE,FALSE,FALSE,,,80 000 000 ₸,2022 - н.в. 1 поколение,Седан,,11 600 км,Автомат,Полный привод,Слева,,Да,all,80000000
Mercedes-Benz GLE Coupe 53 AMG 4MATIC,2019,https://kolesa.kz/a/show/218587881?search_id=13d1fe968609c19132cfaed18be1d3e77ae9a937&search_type=filter&advert_position=223,68 000 000₸,,,Алматы,30 апреля,54,TRUE,FALSE,FALSE,,,68 000 000 ₸,2019 - н.в. C293,Кроссовер,3 (бензин),25 км,Автомат,Полный привод,Слева,,Нет,all,68000000
Land Rover Defender X-Dynamic SE,2019,https://kolesa.kz/a/show/211009116?search_id=13d1fe968609c19132cfaed18be1d3e77ae9a937&search_type=filter&advert_position=224,82 151 000₸,,,Астана,30 апреля,304,FALSE,FALSE,TRUE,,,82 151 000 ₸,2019 - н.в. 2 поколение (L663),Внедорожник,3 (бензин),5 км,Автомат,Полный привод,Слева,черный металлик,Да,all,82151000
Mercedes-Benz V 300 D Avantgarde,2014,https://kolesa.kz/a/show/129055877?search_id=13d1fe968609c19132cfaed18be1d3e77ae9a937&search_type=filter&advert_position=225,85 000 000₸,,,Астана,30 апреля,3499,TRUE,FALSE,FALSE,,,85 000 000 ₸,2014 - н.в. W447,Минивэн,2 (дизель),,Автомат,Полный привод,Слева,черный металлик,Да,all,85000000
BMW 530 XDrive,2023,https://kolesa.kz/a/show/218362764?search_id=13d1fe968609c19132cfaed18be1d3e77ae9a937&search_type=filter&advert_position=226,66 623 974₸,,,Астана,30 апреля,177,FALSE,FALSE,TRUE,,,66 623 974 ₸,2023 - н.в. G60,Седан,2 (бензин),,Автомат,Полный привод,Слева,,Да,all,66623974
BMW 530 XDrive,2023,https://kolesa.kz/a/show/218362580?search_id=13d1fe968609c19132cfaed18be1d3e77ae9a937&search_type=filter&advert_position=227,69 506 904₸,,,Астана,30 апреля,155,FALSE,FALSE,TRUE,,,69 506 904 ₸,2023 - н.в. G60,Седан,2 (бензин),,Автомат,Полный привод,Слева,,Да,all,69506904
BMW 530 XDrive,2023,https://kolesa.kz/a/show/218362247?search_id=13d1fe968609c19132cfaed18be1d3e77ae9a937&search_type=filter&advert_position=228,68 111 229₸,,,Астана,30 апреля,115,FALSE,FALSE,TRUE,,,68 111 229 ₸,2023 - н.в. G60,Седан,2 (бензин),,Автомат,Полный привод,Слева,,Да,all,68111229
Ford F-Series,2020,https://kolesa.kz/a/show/203436180?search_id=13d1fe968609c19132cfaed18be1d3e77ae9a937&search_type=filter&advert_position=229,69 000 000₸,,,Астана,30 апреля,211,FALSE,FALSE,FALSE,,,69 000 000 ₸,2020 - н.в. 14 поколение,Пикап,3.5 (бензин),40 000 км,Автомат,Полный привод,Слева,,Да,all,69000000
BMW X7,2022,https://kolesa.kz/a/show/218437925?search_id=13d1fe968609c19132cfaed18be1d3e77ae9a937&search_type=filter&advert_position=230,65 000 000₸,584 021₸/мес,72%,Астана,30 апреля,118,FALSE,FALSE,FALSE,584 021₸,61 285 000 ₸,65 000 000 ₸,2022 - н.в. G07 рестайлинг,Кроссовер,3 (бензин),40 000 км,Автомат,Полный привод,Слева,,Да,all,65000000
BMW X7,2022,https://kolesa.kz/a/show/208801795?search_id=13d1fe968609c19132cfaed18be1d3e77ae9a937&search_type=filter&advert_position=231,62 000 000₸,584 021₸/мес,71%,Астана,30 апреля,9313,FALSE,FALSE,FALSE,584 021₸,79 300 000 ₸,62 000 000 ₸,2022 - н.в. G07 рестайлинг,Кроссовер,3 (бензин),9 000 км,Автомат,Полный привод,Слева,,Да,all,62000000
Toyota Land Cruiser,2021,https://kolesa.kz/a/show/218133066?search_id=13d1fe968609c19132cfaed18be1d3e77ae9a937&search_type=filter&advert_position=232,70 000 000₸,584 021₸/мес,74%,Астана,30 апреля,397,FALSE,FALSE,FALSE,584 021₸,67 236 000 ₸,70 000 000 ₸,2021 - н.в. J300,Внедорожник,3.5 (бензин),8 000 км,Автомат,Полный привод,Слева,,Да,all,70000000
Land Rover Range Rover Sport Dynamic HSE,2022,https://kolesa.kz/a/show/217409491?search_id=13d1fe968609c19132cfaed18be1d3e77ae9a937&search_type=filter&advert_position=233,111 398 000₸,,,Шымкент,30 апреля,337,TRUE,FALSE,FALSE,,,111 398 000 ₸,2022 - н.в. 3 поколение,Внедорожник,3 (бензин),20 км,Автомат,Полный привод,Слева,серый,Да,all,111398000
Toyota Sequoia,2022,https://kolesa.kz/a/show/216602818?search_id=13d1fe968609c19132cfaed18be1d3e77ae9a937&search_type=filter&advert_position=234,65 100 000₸,,,Алматы,30 апреля,1648,TRUE,FALSE,FALSE,,,65 100 000 ₸,2022 - н.в. 3 поколение,Внедорожник,3.5 (гибрид),,Автомат,Полный привод,Слева,,Нет,all,65100000
Mercedes-Benz G 500 4MATIC,2024,https://kolesa.kz/a/show/186323245?search_id=13d1fe968609c19132cfaed18be1d3e77ae9a937&search_type=filter&advert_position=235,157 000 000₸,,,Астана,30 апреля,6954,FALSE,FALSE,TRUE,,,157 000 000 ₸,2024 - н.в. W465 рестайлинг,Внедорожник,3 (бензин),,Автомат,Полный привод,Слева,серый металлик,Да,all,157000000
BMW X5 M60i,2024,https://kolesa.kz/a/show/217762992?search_id=13d1fe968609c19132cfaed18be1d3e77ae9a937&search_type=filter&advert_position=236,87 889 724₸,,,Шымкент,30 апреля,257,TRUE,FALSE,FALSE,,,87 889 724 ₸,,Кроссовер,4.4 (бензин),2 км,Автомат,Полный привод,Слева,синий,Да,all,87889724
Land Rover Range Rover Autobiography,2021,https://kolesa.kz/a/show/212840249?search_id=13d1fe968609c19132cfaed18be1d3e77ae9a937&search_type=filter&advert_position=237,109 000 000₸,,,Алматы,30 апреля,447,TRUE,FALSE,FALSE,,135 040 000 ₸,109 000 000 ₸,2021 - н.в. 5 поколение,Внедорожник,4.4 (бензин),,Автомат,Полный привод,Слева,белый,Да,all,109000000
BMW X5 M,2019,https://kolesa.kz/a/show/217119624?search_id=13d1fe968609c19132cfaed18be1d3e77ae9a937&search_type=filter&advert_position=238,60 000 000₸,,,Астана,30 апреля,750,FALSE,FALSE,FALSE,,62 482 000 ₸,60 000 000 ₸,2019 - н.в. F95,Кроссовер,4.4 (бензин),39 000 км,Автомат,Полный привод,Слева,,Да,all,60000000
Mercedes-Benz G 63 AMG,2018,https://kolesa.kz/a/show/208797742?search_id=13d1fe968609c19132cfaed18be1d3e77ae9a937&search_type=filter&advert_position=239,131 000 000₸,,,Астана,30 апреля,6506,FALSE,FALSE,FALSE,,193 829 000 ₸,131 000 000 ₸,2018 - н.в. W463,Внедорожник,4 (бензин),,Автомат,Полный привод,Слева,,Да,all,131000000
BMW X5 XDrive 40i,2023,https://kolesa.kz/a/show/218362077?search_id=13d1fe968609c19132cfaed18be1d3e77ae9a937&search_type=filter&advert_position=240,75 417 397₸,,,Астана,30 апреля,166,FALSE,FALSE,TRUE,,65 066 000 ₸,75 417 397 ₸,2023 - н.в. G05 рестайлинг,Кроссовер,3 (бензин),,Автомат,Полный привод,Слева,,Да,all,75417397
Mercedes-Benz G 63 AMG,2018,https://kolesa.kz/a/show/208797742?search_id=426ce9be46fcc6b33c4aed37bfb918622d01db9c&search_type=filter&advert_position=241,131 000 000₸,,,Астана,30 апреля,6508,FALSE,FALSE,FALSE,,193 829 000 ₸,131 000 000 ₸,2018 - н.в. W463,Внедорожник,4 (бензин),,Автомат,Полный привод,Слева,,Да,all,131000000
BMW X5 XDrive 40i,2023,https://kolesa.kz/a/show/218362077?search_id=426ce9be46fcc6b33c4aed37bfb918622d01db9c&search_type=filter&advert_position=242,75 417 397₸,,,Астана,30 апреля,167,FALSE,FALSE,TRUE,,65 066 000 ₸,75 417 397 ₸,2023 - н.в. G05 рестайлинг,Кроссовер,3 (бензин),,Автомат,Полный привод,Слева,,Да,all,75417397
Mercedes-Benz S 580,2026,https://kolesa.kz/a/show/218230039?search_id=426ce9be46fcc6b33c4aed37bfb918622d01db9c&search_type=filter&advert_position=243,92 000 000₸,,,Алматы,30 апреля,191,FALSE,FALSE,FALSE,,,92 000 000 ₸,2026 - н.в. W223 рестайлинг,Седан,4 (бензин),3 км,Автомат,Полный привод,Слева,черный,Да,all,92000000
Genesis GV80 Coupe 3.5T,2023,https://kolesa.kz/a/show/214047996?search_id=426ce9be46fcc6b33c4aed37bfb918622d01db9c&search_type=filter&advert_position=244,62 016 669₸,,,Астана,30 апреля,2725,FALSE,FALSE,TRUE,,,62 016 669 ₸,2023 - н.в. 1 поколение,Кроссовер,3.5 (бензин),,Автомат,Полный привод,Слева,черный,Да,all,62016669
Land Rover Range Rover Autobiography,2021,https://kolesa.kz/a/show/218473468?search_id=426ce9be46fcc6b33c4aed37bfb918622d01db9c&search_type=filter&advert_position=245,144 946 000₸,,,Алматы,30 апреля,193,TRUE,FALSE,FALSE,,,144 946 000 ₸,2021 - н.в. 5 поколение,Внедорожник,4.4 (бензин),20 км,Автомат,Полный привод,Слева,зеленый металлик,Да,all,144946000
Land Rover Range Rover,2021,https://kolesa.kz/a/show/208793408?search_id=426ce9be46fcc6b33c4aed37bfb918622d01db9c&search_type=filter&advert_position=246,102 000 000₸,,,Астана,30 апреля,5355,FALSE,FALSE,FALSE,,135 040 000 ₸,102 000 000 ₸,2021 - н.в. 5 поколение,Внедорожник,4.4 (бензин),11 000 км,Автомат,Полный привод,Слева,,Да,all,102000000
Mercedes-Benz GLS 63 AMG,2019,https://kolesa.kz/a/show/199757891?search_id=426ce9be46fcc6b33c4aed37bfb918622d01db9c&search_type=filter&advert_position=247,67 500 000₸,,,Алматы,30 апреля,37889,FALSE,TRUE,FALSE,,,67 500 000 ₸,2019 - н.в. X167,Внедорожник,4 (бензин),35 000 км,Автомат,Полный привод,Слева,черный металлик,Да,all,67500000
Infiniti QX80,2024,https://kolesa.kz/a/show/210922881?search_id=426ce9be46fcc6b33c4aed37bfb918622d01db9c&search_type=filter&advert_position=248,69 900 000₸,,,Алматы,30 апреля,3060,FALSE,FALSE,TRUE,,,69 900 000 ₸,2024 - н.в. Z63,Внедорожник,3.5 (бензин),,Автомат,Полный привод,Слева,,Да,all,69900000
BMW X6 XDrive 40i,2023,https://kolesa.kz/a/show/215570124?search_id=426ce9be46fcc6b33c4aed37bfb918622d01db9c&search_type=filter&advert_position=249,74 127 000₸,,,Уральск,30 апреля,96,FALSE,FALSE,TRUE,,71 041 000 ₸,74 127 000 ₸,2023 - н.в. G06 рестайлинг,Кроссовер,3 (бензин),13 км,Автомат,Полный привод,Слева,,Да,all,74127000
Mercedes-Benz EQS SUV,2022,https://kolesa.kz/a/show/210254700?search_id=426ce9be46fcc6b33c4aed37bfb918622d01db9c&search_type=filter&advert_position=250,95 049 240₸,,,Алматы,30 апреля,3081,FALSE,FALSE,TRUE,,,95 049 240 ₸,2022 - н.в. 1 поколение,Кроссовер,,6 км,Автомат,Полный привод,Слева,синий металлик,Да,all,95049240
BMW X7,2022,https://kolesa.kz/a/show/218670955?search_id=426ce9be46fcc6b33c4aed37bfb918622d01db9c&search_type=filter&advert_position=251,60 000 000₸,,,Алматы,30 апреля,59,FALSE,FALSE,FALSE,,,60 000 000 ₸,2022 - н.в. G07 рестайлинг,Кроссовер,3 (бензин),80 000 км,Автомат,Полный привод,Слева,серебристый,Нет,all,60000000
Lamborghini Urus,2017,https://kolesa.kz/a/show/218583592?search_id=426ce9be46fcc6b33c4aed37bfb918622d01db9c&search_type=filter&advert_position=252,125 000 000₸,,,Алматы,30 апреля,81,TRUE,FALSE,FALSE,,,125 000 000 ₸,2017 - н.в. 1 поколение,Кроссовер,4 (бензин),,Автомат,Полный привод,Слева,,Нет,all,125000000
BMW X7 XDrive 40i,2022,https://kolesa.kz/a/show/212754664?search_id=426ce9be46fcc6b33c4aed37bfb918622d01db9c&search_type=filter&advert_position=253,61 000 000₸,,,Алматы,30 апреля,4961,TRUE,FALSE,FALSE,,,61 000 000 ₸,2022 - н.в. G07 рестайлинг,Кроссовер,3 (бензин),,Автомат,Полный привод,Слева,,Нет,all,61000000
Land Rover Range Rover HSE,2021,https://kolesa.kz/a/show/218588619?search_id=426ce9be46fcc6b33c4aed37bfb918622d01db9c&search_type=filter&advert_position=254,118 329 000₸,,,Алматы,30 апреля,84,TRUE,FALSE,FALSE,,,118 329 000 ₸,2021 - н.в. 5 поколение,Внедорожник,3 (бензин),20 км,Автомат,Полный привод,Слева,зеленый металлик,Да,all,118329000
Porsche Taycan GTS,2019,https://kolesa.kz/a/show/209395930?search_id=426ce9be46fcc6b33c4aed37bfb918622d01db9c&search_type=filter&advert_position=255,95 900 000₸,,,Алматы,30 апреля,2586,FALSE,FALSE,TRUE,,,95 900 000 ₸,2019 - н.в. 1 поколение (Y1A),Седан,,,Автомат,Полный привод,Слева,синий,Да,all,95900000
Lexus LX 600 VIP Black Edition,2021,https://kolesa.kz/a/show/210988953?search_id=426ce9be46fcc6b33c4aed37bfb918622d01db9c&search_type=filter&advert_position=256,94 230 500₸,,,Актобе,30 апреля,625,TRUE,FALSE,FALSE,,86 302 000 ₸,94 230 500 ₸,2021 - н.в. 4 поколение,Внедорожник,3.5 (бензин),,Автомат,Полный привод,Слева,,Да,all,94230500
Audi RS Q8,2019,https://kolesa.kz/a/show/212756257?search_id=426ce9be46fcc6b33c4aed37bfb918622d01db9c&search_type=filter&advert_position=257,120 000 000₸,,,Алматы,30 апреля,3305,FALSE,FALSE,TRUE,,,120 000 000 ₸,2019 - н.в. 1 поколение (4MN),Внедорожник,4 (бензин),,Автомат,Полный привод,Слева,красный,Да,all,120000000
Infiniti QX80 Autograph,2024,https://kolesa.kz/a/show/209675452?search_id=426ce9be46fcc6b33c4aed37bfb918622d01db9c&search_type=filter&advert_position=258,61 542 000₸,,,Алматы,30 апреля,3469,TRUE,FALSE,FALSE,,69 924 000 ₸,61 542 000 ₸,2024 - н.в. Z63,Внедорожник,3.5 (бензин),13 394 км,Автомат,Полный привод,Слева,белый металлик,Да,all,61542000
Maserati GranCabrio Trofeo,2024,https://kolesa.kz/a/show/174285076?search_id=426ce9be46fcc6b33c4aed37bfb918622d01db9c&search_type=filter&advert_position=259,131 400 000₸,,,Астана,30 апреля,4880,TRUE,FALSE,FALSE,,,131 400 000 ₸,2024 - н.в. 2 поколение,Кабриолет,3 (бензин),,Автомат,Задний привод,Слева,белый металлик,Да,all,131400000
Mercedes-Benz G 63 AMG 4MATIC,2018,https://kolesa.kz/a/show/215149233?search_id=426ce9be46fcc6b33c4aed37bfb918622d01db9c&search_type=filter&advert_position=260,192 000 000₸,,,Шымкент,30 апреля,2391,FALSE,FALSE,TRUE,,,192 000 000 ₸,2018 - н.в. W463,Внедорожник,4 (бензин),26 км,Автомат,Полный привод,Слева,черный металлик,Да,all,192000000
Mercedes-Benz G 63 AMG 4MATIC,2018,https://kolesa.kz/a/show/215149233?search_id=b3acb23580b69474b476b73ebe863e5afa3af34e&search_type=filter&advert_position=261,192 000 000₸,,,Шымкент,30 апреля,2392,FALSE,FALSE,TRUE,,,192 000 000 ₸,2018 - н.в. W463,Внедорожник,4 (бензин),26 км,Автомат,Полный привод,Слева,черный металлик,Да,all,192000000
Mercedes-Benz GLE Coupe 4MATIC,2019,https://kolesa.kz/a/show/209258422?search_id=b3acb23580b69474b476b73ebe863e5afa3af34e&search_type=filter&advert_position=262,74 200 000₸,,,Астана,30 апреля,1223,FALSE,FALSE,TRUE,,,74 200 000 ₸,2019 - н.в. C293,Кроссовер,3 (бензин),26 км,Автомат,Полный привод,Слева,черный металлик,Да,all,74200000
Mercedes-Benz G 63 AMG 4MATIC,2018,https://kolesa.kz/a/show/190251158?search_id=b3acb23580b69474b476b73ebe863e5afa3af34e&search_type=filter&advert_position=263,159 900 000₸,,,Алматы,30 апреля,4501,FALSE,FALSE,TRUE,,146 412 000 ₸,159 900 000 ₸,2018 - н.в. W463,Внедорожник,4 (бензин),26 км,Автомат,Полный привод,Слева,коричневый металлик,Да,all,159900000
Lincoln Navigator,2017,https://kolesa.kz/a/show/217005318?search_id=b3acb23580b69474b476b73ebe863e5afa3af34e&search_type=filter&advert_position=264,82 000 000₸,,,Алматы,30 апреля,756,TRUE,FALSE,FALSE,,,82 000 000 ₸,2017 - н.в. 4 поколение,Внедорожник,3.5 (бензин),,Автомат,Полный привод,Слева,,Да,all,82000000
Nissan Patrol Platinum City,2024,https://kolesa.kz/a/show/216193795?search_id=b3acb23580b69474b476b73ebe863e5afa3af34e&search_type=filter&advert_position=265,61 900 000₸,,,Алматы,30 апреля,2213,FALSE,TRUE,FALSE,,,61 900 000 ₸,2024 - н.в. Y63,Внедорожник,3.5 (бензин),,Автомат,Полный привод,Слева,черный металлик,Да,all,61900000
Lexus LX 700h F Sport,2021,https://kolesa.kz/a/show/202869684?search_id=b3acb23580b69474b476b73ebe863e5afa3af34e&search_type=filter&advert_position=266,108 500 000₸,,,Алматы,30 апреля,7192,TRUE,FALSE,FALSE,,,108 500 000 ₸,2021 - н.в. 4 поколение,Внедорожник,3.4 (бензин),,Автомат,Полный привод,Слева,,Да,all,108500000
Lexus LX 700h Luxury,2021,https://kolesa.kz/a/show/218587884?search_id=b3acb23580b69474b476b73ebe863e5afa3af34e&search_type=filter&advert_position=267,91 500 000₸,,,Алматы,30 апреля,108,TRUE,FALSE,FALSE,,,91 500 000 ₸,2021 - н.в. 4 поколение,Внедорожник,3.4 (бензин),,Автомат,Полный привод,Слева,,Да,all,91500000
Mercedes-Benz AMG GT,2023,https://kolesa.kz/a/show/217644558?search_id=b3acb23580b69474b476b73ebe863e5afa3af34e&search_type=filter&advert_position=268,103 000 000₸,,,Алматы,30 апреля,993,TRUE,FALSE,FALSE,,,103 000 000 ₸,2023 - н.в. 2 поколение,Купе,4 (гибрид),,Автомат,Полный привод,Слева,,Нет,all,103000000
BMW X6 XDrive 40i,2023,https://kolesa.kz/a/show/213365212?search_id=b3acb23580b69474b476b73ebe863e5afa3af34e&search_type=filter&advert_position=269,78 224 000₸,,,Шымкент,30 апреля,527,FALSE,FALSE,TRUE,,71 041 000 ₸,78 224 000 ₸,2023 - н.в. G06 рестайлинг,Кроссовер,3 (бензин),,Автомат,Полный привод,Слева,черный металлик,Да,all,78224000
Land Rover Range Rover SE,2021,https://kolesa.kz/a/show/214600263?search_id=b3acb23580b69474b476b73ebe863e5afa3af34e&search_type=filter&advert_position=270,114 554 000₸,,,Усть-Каменогорск,30 апреля,393,TRUE,FALSE,FALSE,,,114 554 000 ₸,2021 - н.в. 5 поколение,Внедорожник,3 (бензин),,Автомат,Полный привод,Слева,,Да,all,114554000
Lexus LX 700h VIP,2021,https://kolesa.kz/a/show/217613971?search_id=b3acb23580b69474b476b73ebe863e5afa3af34e&search_type=filter&advert_position=271,89 000 000₸,,,Алматы,30 апреля,877,TRUE,FALSE,FALSE,,,89 000 000 ₸,2021 - н.в. 4 поколение,Внедорожник,3.4 (бензин),,Автомат,Полный привод,Слева,,Да,all,89000000
Toyota Land Cruiser,2021,https://kolesa.kz/a/show/218515706?search_id=b3acb23580b69474b476b73ebe863e5afa3af34e&search_type=filter&advert_position=272,63 500 000₸,584 021₸/мес,72%,Алматы,30 апреля,206,FALSE,FALSE,FALSE,584 021₸,60 621 000 ₸,63 500 000 ₸,2021 - н.в. J300,Внедорожник,3.5 (бензин),24 000 км,Автомат,Полный привод,Слева,черный,Да,all,63500000
Cadillac Escalade Premium Luxury Platinum,2024,https://kolesa.kz/a/show/215703621?search_id=b3acb23580b69474b476b73ebe863e5afa3af34e&search_type=filter&advert_position=273,97 770 000₸,,,Алматы,30 апреля,995,FALSE,FALSE,TRUE,,100 000 000 ₸,97 770 000 ₸,2024 - н.в. 5 поколение рестайлинг,Внедорожник,6.2 (бензин),,Автомат,Полный привод,Слева,,Да,all,97770000
Mercedes-Benz G 63 AMG 4MATIC,2018,https://kolesa.kz/a/show/195478833?search_id=b3acb23580b69474b476b73ebe863e5afa3af34e&search_type=filter&advert_position=274,154 000 000₸,,,Алматы,30 апреля,478,TRUE,FALSE,FALSE,,193 829 000 ₸,154 000 000 ₸,2018 - н.в. W463,Внедорожник,4 (бензин),,Автомат,Полный привод,Слева,бронза,Да,all,154000000
BMW X7 XDrive 40i,2022,https://kolesa.kz/a/show/216435017?search_id=b3acb23580b69474b476b73ebe863e5afa3af34e&search_type=filter&advert_position=275,80 623 078₸,,,Алматы,30 апреля,225,FALSE,FALSE,TRUE,,79 300 000 ₸,80 623 078 ₸,2022 - н.в. G07 рестайлинг,Кроссовер,3 (бензин),23 км,Автомат,Полный привод,Слева,серый металлик,Да,all,80623078
RAM 1500 RHO,2023,https://kolesa.kz/a/show/212484867?search_id=b3acb23580b69474b476b73ebe863e5afa3af34e&search_type=filter&advert_position=276,64 000 000₸,,,Астана,30 апреля,2646,TRUE,FALSE,FALSE,,,64 000 000 ₸,2023 - н.в. 2 поколение рестайлинг,Пикап,3 (бензин),,Автомат,Полный привод,Слева,,Да,all,64000000
Mercedes-Benz V 300,2014,https://kolesa.kz/a/show/214399005?search_id=b3acb23580b69474b476b73ebe863e5afa3af34e&search_type=filter&advert_position=277,109 000 000₸,,,Алматы,30 апреля,3210,TRUE,FALSE,FALSE,,,109 000 000 ₸,2014 - н.в. W447,Минивэн,2 (бензин),,Автомат,Задний привод,Слева,,Да,all,109000000
Ford F-Series,2020,https://kolesa.kz/a/show/213933018?search_id=b3acb23580b69474b476b73ebe863e5afa3af34e&search_type=filter&advert_position=278,67 000 000₸,,,Алматы,30 апреля,578,FALSE,FALSE,FALSE,,64 157 000 ₸,67 000 000 ₸,2020 - н.в. 14 поколение,Пикап,3.5 (бензин),18 500 км,Автомат,Полный привод,Слева,белый металлик,Да,all,67000000
Nissan Patrol Platinum City,2024,https://kolesa.kz/a/show/216197315?search_id=b3acb23580b69474b476b73ebe863e5afa3af34e&search_type=filter&advert_position=279,61 900 000₸,,,Алматы,30 апреля,1737,FALSE,TRUE,FALSE,,,61 900 000 ₸,2024 - н.в. Y63,Внедорожник,3.5 (бензин),,Автомат,Полный привод,Слева,белый металлик,Да,all,61900000
Toyota Land Cruiser Prestige Off-Road,2021,https://kolesa.kz/a/show/179546929?search_id=b3acb23580b69474b476b73ebe863e5afa3af34e&search_type=filter&advert_position=280,67 190 000₸,,,Астана,30 апреля,328,FALSE,FALSE,TRUE,,67 236 000 ₸,67 190 000 ₸,2021 - н.в. J300,Внедорожник,3.5 (бензин),,Автомат,Полный привод,Слева,белый металлик,Да,all,67190000
BMW X5 XDrive 40i,2023,https://kolesa.kz/a/show/203236742?search_id=751d3286c96e30e99eb8fa77b46dbef70601dd62&search_type=filter&advert_position=281,76 744 000₸,,,Усть-Каменогорск,30 апреля,1092,FALSE,FALSE,TRUE,,65 066 000 ₸,76 744 000 ₸,2023 - н.в. G05 рестайлинг,Кроссовер,3 (бензин),,Автомат,Полный привод,Слева,серый металлик,Да,all,76744000
Mercedes-Benz GLS 450 4MATIC,2019,https://kolesa.kz/a/show/215829048?search_id=751d3286c96e30e99eb8fa77b46dbef70601dd62&search_type=filter&advert_position=282,75 500 000₸,,,Шымкент,30 апреля,1583,FALSE,FALSE,TRUE,,,75 500 000 ₸,2019 - н.в. X167,Внедорожник,3 (бензин),2 км,Автомат,Полный привод,Слева,черный металлик,Да,all,75500000
BMW X6 XDrive 40i,2023,https://kolesa.kz/a/show/213365245?search_id=751d3286c96e30e99eb8fa77b46dbef70601dd62&search_type=filter&advert_position=283,75 300 000₸,,,Шымкент,30 апреля,1048,FALSE,FALSE,TRUE,,71 041 000 ₸,75 300 000 ₸,2023 - н.в. G06 рестайлинг,Кроссовер,3 (бензин),,Автомат,Полный привод,Слева,черный металлик,Да,all,75300000
BMW X6 XDrive 40i,2023,https://kolesa.kz/a/show/215618865?search_id=751d3286c96e30e99eb8fa77b46dbef70601dd62&search_type=filter&advert_position=284,71 731 365₸,,,Алматы,30 апреля,1366,FALSE,FALSE,TRUE,,71 041 000 ₸,71 731 365 ₸,2023 - н.в. G06 рестайлинг,Кроссовер,3 (бензин),,Автомат,Полный привод,Слева,зеленый металлик,Да,all,71731365
Mercedes-Benz EQE SUV,2022,https://kolesa.kz/a/show/203778889?search_id=751d3286c96e30e99eb8fa77b46dbef70601dd62&search_type=filter&advert_position=285,68 900 000₸,,,Актобе,30 апреля,539,FALSE,FALSE,TRUE,,,68 900 000 ₸,2022 - н.в. 1 поколение,Внедорожник,,26 км,Автомат,Полный привод,Слева,коричневый металлик,Да,all,68900000
Mercedes-Benz V 300 Exclusive,2014,https://kolesa.kz/a/show/208918668?search_id=751d3286c96e30e99eb8fa77b46dbef70601dd62&search_type=filter&advert_position=286,69 000 000₸,,,Костанай,30 апреля,2433,FALSE,FALSE,TRUE,,,69 000 000 ₸,2014 - н.в. W447,Минивэн,2 (бензин),26 км,Автомат,Задний привод,Слева,черный металлик,Да,all,69000000
Mercedes-Benz GLS 450 4MATIC,2019,https://kolesa.kz/a/show/213144241?search_id=751d3286c96e30e99eb8fa77b46dbef70601dd62&search_type=filter&advert_position=287,76 700 000₸,,,Караганда,30 апреля,2238,FALSE,FALSE,TRUE,,84 971 000 ₸,76 700 000 ₸,2019 - н.в. X167,Внедорожник,3 (бензин),26 км,Автомат,Полный привод,Слева,черный металлик,Да,all,76700000
Land Rover Range Rover Autobiography,2021,https://kolesa.kz/a/show/218473259?search_id=751d3286c96e30e99eb8fa77b46dbef70601dd62&search_type=filter&advert_position=288,139 273 000₸,,,Шымкент,30 апреля,102,TRUE,FALSE,FALSE,,,139 273 000 ₸,2021 - н.в. 5 поколение,Внедорожник,4.4 (бензин),20 км,Автомат,Полный привод,Слева,золотистый металлик,Да,all,139273000
Infiniti QX80,2024,https://kolesa.kz/a/show/213983886?search_id=751d3286c96e30e99eb8fa77b46dbef70601dd62&search_type=filter&advert_position=289,76 990 000₸,,,Астана,30 апреля,1249,FALSE,FALSE,TRUE,,,76 990 000 ₸,2024 - н.в. Z63,Внедорожник,3.5 (бензин),,Автомат,Полный привод,Слева,,Да,all,76990000
Infiniti QX80,2024,https://kolesa.kz/a/show/210924659?search_id=751d3286c96e30e99eb8fa77b46dbef70601dd62&search_type=filter&advert_position=290,88 990 000₸,,,Актау,30 апреля,2534,FALSE,FALSE,TRUE,,,88 990 000 ₸,2024 - н.в. Z63,Внедорожник,3.5 (бензин),,Автомат,Полный привод,Слева,,Да,all,88990000
Mercedes-Benz GLE Coupe 450 AMG 4MATIC,2019,https://kolesa.kz/a/show/188464492?search_id=751d3286c96e30e99eb8fa77b46dbef70601dd62&search_type=filter&advert_position=291,67 722 000₸,,,Алматы,30 апреля,1972,FALSE,FALSE,TRUE,,,67 722 000 ₸,2019 - н.в. C293,Кроссовер,3 (бензин),15 км,Автомат,Полный привод,Слева,белый,Да,all,67722000
Mercedes-Benz GLS 450 4MATIC,2019,https://kolesa.kz/a/show/211911521?search_id=751d3286c96e30e99eb8fa77b46dbef70601dd62&search_type=filter&advert_position=292,74 000 000₸,,,Астана,30 апреля,5445,TRUE,FALSE,FALSE,,,74 000 000 ₸,2019 - н.в. X167,Внедорожник,3 (бензин),,Автомат,Полный привод,Слева,черный,Нет,all,74000000
BMW X7 XDrive 40i,2022,https://kolesa.kz/a/show/214474958?search_id=751d3286c96e30e99eb8fa77b46dbef70601dd62&search_type=filter&advert_position=293,69 000 000₸,,,Алматы,30 апреля,2786,TRUE,FALSE,FALSE,,,69 000 000 ₸,2022 - н.в. G07 рестайлинг,Кроссовер,3 (бензин),,Автомат,Полный привод,Слева,,Нет,all,69000000
Porsche Cayenne Coupe Turbo GT,2023,https://kolesa.kz/a/show/198014462?search_id=751d3286c96e30e99eb8fa77b46dbef70601dd62&search_type=filter&advert_position=294,184 500 000₸,,,Алматы,30 апреля,1032,FALSE,FALSE,TRUE,,,184 500 000 ₸,2023 - н.в. 3 поколение рестайлинг (9YB),Кроссовер,4 (бензин),,Автомат,Полный привод,Слева,серый,Да,all,184500000
Mercedes-Benz G 63 AMG 4MATIC,2024,https://kolesa.kz/a/show/129053974?search_id=751d3286c96e30e99eb8fa77b46dbef70601dd62&search_type=filter&advert_position=295,213 000 000₸,,,Астана,30 апреля,9237,TRUE,FALSE,FALSE,,174 225 000 ₸,213 000 000 ₸,2024 - н.в. W463 рестайлинг,Внедорожник,4 (бензин),,Автомат,Полный привод,Слева,черный металлик,Да,all,213000000
BMW X5 XDrive 40i,2023,https://kolesa.kz/a/show/216458689?search_id=751d3286c96e30e99eb8fa77b46dbef70601dd62&search_type=filter&advert_position=296,72 411 921₸,,,Алматы,30 апреля,694,FALSE,FALSE,TRUE,,65 066 000 ₸,72 411 921 ₸,2023 - н.в. G05 рестайлинг,Кроссовер,3 (бензин),7 км,Автомат,Полный привод,Слева,серый металлик,Да,all,72411921
Maserati GranCabrio Trofeo,2024,https://kolesa.kz/a/show/174184851?search_id=751d3286c96e30e99eb8fa77b46dbef70601dd62&search_type=filter&advert_position=297,131 400 000₸,,,Алматы,30 апреля,4694,FALSE,FALSE,TRUE,,,131 400 000 ₸,2024 - н.в. 2 поколение,Кабриолет,3 (бензин),,Автомат,Задний привод,Слева,белый металлик,Да,all,131400000
Toyota Land Cruiser Luxe,2021,https://kolesa.kz/a/show/179550040?search_id=751d3286c96e30e99eb8fa77b46dbef70601dd62&search_type=filter&advert_position=298,70 890 000₸,,,Астана,30 апреля,2046,FALSE,FALSE,TRUE,,67 236 000 ₸,70 890 000 ₸,2021 - н.в. J300,Внедорожник,3.5 (бензин),,Автомат,Полный привод,Слева,черный металлик,Да,all,70890000
Maserati GranCabrio Folgore,2024,https://kolesa.kz/a/show/192098848?search_id=751d3286c96e30e99eb8fa77b46dbef70601dd62&search_type=filter&advert_position=299,125 000 000₸,,,Алматы,30 апреля,3580,FALSE,FALSE,TRUE,,,125 000 000 ₸,2024 - н.в. 2 поколение,Кабриолет,,,Автомат,Полный привод,Слева,синий,Да,all,125000000
Mercedes-Benz GLE Coupe 450 AMG 4MATIC,2019,https://kolesa.kz/a/show/207246116?search_id=751d3286c96e30e99eb8fa77b46dbef70601dd62&search_type=filter&advert_position=300,72 800 000₸,,,Уральск,30 апреля,1081,FALSE,FALSE,TRUE,,,72 800 000 ₸,2019 - н.в. C293,Кроссовер,3 (бензин),26 км,Автомат,Полный привод,Слева,белый,Да,all,72800000
Porsche Cayenne Coupe Turbo GT,2023,https://kolesa.kz/a/show/198014462?search_id=2b1fdbe94c8d9bc998b55045329ac5749c8c173b&search_type=filter&advert_position=301,184 500 000₸,,,Алматы,30 апреля,1033,FALSE,FALSE,TRUE,,,184 500 000 ₸,2023 - н.в. 3 поколение рестайлинг (9YB),Кроссовер,4 (бензин),,Автомат,Полный привод,Слева,серый,Да,all,184500000
Mercedes-Benz G 63 AMG 4MATIC,2024,https://kolesa.kz/a/show/129053974?search_id=2b1fdbe94c8d9bc998b55045329ac5749c8c173b&search_type=filter&advert_position=302,213 000 000₸,,,Астана,30 апреля,9238,TRUE,FALSE,FALSE,,174 225 000 ₸,213 000 000 ₸,2024 - н.в. W463 рестайлинг,Внедорожник,4 (бензин),,Автомат,Полный привод,Слева,черный металлик,Да,all,213000000
BMW X5 XDrive 40i,2023,https://kolesa.kz/a/show/216458689?search_id=2b1fdbe94c8d9bc998b55045329ac5749c8c173b&search_type=filter&advert_position=303,72 411 921₸,,,Алматы,30 апреля,695,FALSE,FALSE,TRUE,,65 066 000 ₸,72 411 921 ₸,2023 - н.в. G05 рестайлинг,Кроссовер,3 (бензин),7 км,Автомат,Полный привод,Слева,серый металлик,Да,all,72411921
Maserati GranCabrio Trofeo,2024,https://kolesa.kz/a/show/174184851?search_id=2b1fdbe94c8d9bc998b55045329ac5749c8c173b&search_type=filter&advert_position=304,131 400 000₸,,,Алматы,30 апреля,4695,FALSE,FALSE,TRUE,,,131 400 000 ₸,2024 - н.в. 2 поколение,Кабриолет,3 (бензин),,Автомат,Задний привод,Слева,белый металлик,Да,all,131400000
Toyota Land Cruiser Luxe,2021,https://kolesa.kz/a/show/179550040?search_id=2b1fdbe94c8d9bc998b55045329ac5749c8c173b&search_type=filter&advert_position=305,70 890 000₸,,,Астана,30 апреля,2047,FALSE,FALSE,TRUE,,67 236 000 ₸,70 890 000 ₸,2021 - н.в. J300,Внедорожник,3.5 (бензин),,Автомат,Полный привод,Слева,черный металлик,Да,all,70890000
Maserati GranCabrio Folgore,2024,https://kolesa.kz/a/show/192098848?search_id=2b1fdbe94c8d9bc998b55045329ac5749c8c173b&search_type=filter&advert_position=306,125 000 000₸,,,Алматы,30 апреля,3581,FALSE,FALSE,TRUE,,,125 000 000 ₸,2024 - н.в. 2 поколение,Кабриолет,,,Автомат,Полный привод,Слева,синий,Да,all,125000000
Mercedes-Benz GLE Coupe 450 AMG 4MATIC,2019,https://kolesa.kz/a/show/207246116?search_id=2b1fdbe94c8d9bc998b55045329ac5749c8c173b&search_type=filter&advert_position=307,72 800 000₸,,,Уральск,30 апреля,1082,FALSE,FALSE,TRUE,,,72 800 000 ₸,2019 - н.в. C293,Кроссовер,3 (бензин),26 км,Автомат,Полный привод,Слева,белый,Да,all,72800000
Mercedes-Benz GLS 450 4MATIC,2019,https://kolesa.kz/a/show/213148621?search_id=2b1fdbe94c8d9bc998b55045329ac5749c8c173b&search_type=filter&advert_position=308,75 800 000₸,,,Костанай,30 апреля,2549,FALSE,FALSE,TRUE,,84 971 000 ₸,75 800 000 ₸,2019 - н.в. X167,Внедорожник,3 (бензин),26 км,Автомат,Полный привод,Слева,черный металлик,Да,all,75800000
Lexus LX 700h F Sport,2021,https://kolesa.kz/a/show/210955848?search_id=2b1fdbe94c8d9bc998b55045329ac5749c8c173b&search_type=filter&advert_position=309,102 500 000₸,,,Семей,30 апреля,6267,TRUE,FALSE,FALSE,,,102 500 000 ₸,2021 - н.в. 4 поколение,Внедорожник,3.5 (гибрид),,Автомат,Полный привод,Слева,черный металлик,Да,all,102500000
Ford F-Series,2020,https://kolesa.kz/a/show/211339609?search_id=2b1fdbe94c8d9bc998b55045329ac5749c8c173b&search_type=filter&advert_position=310,67 000 000₸,,,Алматы,30 апреля,2359,TRUE,FALSE,FALSE,,,67 000 000 ₸,2020 - н.в. 14 поколение,Пикап,6.7 (дизель),,Автомат,Полный привод,Слева,,Да,all,67000000
Dodge RAM,2018,https://kolesa.kz/a/show/212091609?search_id=2b1fdbe94c8d9bc998b55045329ac5749c8c173b&search_type=filter&advert_position=311,64 000 000₸,,,Алматы,30 апреля,1976,TRUE,FALSE,FALSE,,,64 000 000 ₸,2018 - н.в. 5 поколение,Пикап,3 (бензин),,Автомат,Полный привод,Слева,,Да,all,64000000
GMC Yukon,2020,https://kolesa.kz/a/show/214311493?search_id=2b1fdbe94c8d9bc998b55045329ac5749c8c173b&search_type=filter&advert_position=312,84 700 000₸,,,Алматы,30 апреля,3785,TRUE,FALSE,FALSE,,,84 700 000 ₸,2020 - н.в. GMT1YC,Внедорожник,6.2 (бензин),,Автомат,Полный привод,Слева,,Да,all,84700000
Land Rover Range Rover,2021,https://kolesa.kz/a/show/217649157?search_id=2b1fdbe94c8d9bc998b55045329ac5749c8c173b&search_type=filter&advert_position=313,103 000 000₸,,,Алматы,30 апреля,316,TRUE,FALSE,FALSE,,,103 000 000 ₸,2021 - н.в. 5 поколение,Внедорожник,4.4 (бензин),,Автомат,Полный привод,Слева,,Нет,all,103000000
Infiniti QX80 Sensory,2024,https://kolesa.kz/a/show/213983888?search_id=2b1fdbe94c8d9bc998b55045329ac5749c8c173b&search_type=filter&advert_position=314,76 990 000₸,,,Кокшетау,30 апреля,1499,FALSE,FALSE,TRUE,,,76 990 000 ₸,2024 - н.в. Z63,Внедорожник,3.5 (бензин),,Автомат,Полный привод,Слева,,Да,all,76990000
Porsche 911 Carrera GTS,2018,https://kolesa.kz/a/show/217628514?search_id=2b1fdbe94c8d9bc998b55045329ac5749c8c173b&search_type=filter&advert_position=315,84 000 000₸,,,Алматы,30 апреля,1199,TRUE,FALSE,FALSE,,,84 000 000 ₸,2018 - н.в. 992,Кабриолет,3 (бензин),,Робот,Задний привод,Слева,,Нет,all,84000000
Toyota Land Cruiser GR Sport,2021,https://kolesa.kz/a/show/211800019?search_id=2b1fdbe94c8d9bc998b55045329ac5749c8c173b&search_type=filter&advert_position=316,73 990 000₸,,,Алматы,30 апреля,7523,FALSE,FALSE,TRUE,,,73 990 000 ₸,2021 - н.в. J300,Внедорожник,3.5 (бензин),,Автомат,Полный привод,Слева,черный,Да,all,73990000
Mercedes-Benz GLE 53 AMG,2019,https://kolesa.kz/a/show/205343066?search_id=2b1fdbe94c8d9bc998b55045329ac5749c8c173b&search_type=filter&advert_position=317,72 000 000₸,,,Алматы,30 апреля,153,FALSE,FALSE,FALSE,,,72 000 000 ₸,2019 - н.в. V167,Кроссовер,3 (бензин),6 000 км,Автомат,Полный привод,Слева,черный металлик,Да,all,72000000
Lincoln Navigator,2017,https://kolesa.kz/a/show/217004694?search_id=2b1fdbe94c8d9bc998b55045329ac5749c8c173b&search_type=filter&advert_position=318,72 000 000₸,,,Алматы,30 апреля,805,TRUE,FALSE,FALSE,,,72 000 000 ₸,2017 - н.в. 4 поколение,Внедорожник,3.5 (бензин),,Автомат,Полный привод,Слева,,Да,all,72000000
Mercedes-Benz G 63 AMG 4MATIC,2018,https://kolesa.kz/a/show/209667429?search_id=2b1fdbe94c8d9bc998b55045329ac5749c8c173b&search_type=filter&advert_position=319,176 500 000₸,,,Алматы,30 апреля,3923,TRUE,FALSE,FALSE,,193 829 000 ₸,176 500 000 ₸,2018 - н.в. W463,Внедорожник,4 (бензин),,Автомат,Полный привод,Слева,,Да,all,176500000
Audi e-tron GT,2020,https://kolesa.kz/a/show/217210198?search_id=2b1fdbe94c8d9bc998b55045329ac5749c8c173b&search_type=filter&advert_position=320,69 900 000₸,,,Алматы,30 апреля,655,TRUE,FALSE,FALSE,,,69 900 000 ₸,2020 - н.в. 1 поколение,Седан,,16 300 км,Автомат,Полный привод,Слева,,Да,all,69900000
Lincoln Navigator,2017,https://kolesa.kz/a/show/217004694?search_id=98af25d4bbe0c15f4015cce29f8891ad9c8ea72c&search_type=filter&advert_position=321,72 000 000₸,,,Алматы,30 апреля,806,TRUE,FALSE,FALSE,,,72 000 000 ₸,2017 - н.в. 4 поколение,Внедорожник,3.5 (бензин),,Автомат,Полный привод,Слева,,Да,all,72000000
Mercedes-Benz G 63 AMG 4MATIC,2018,https://kolesa.kz/a/show/209667429?search_id=98af25d4bbe0c15f4015cce29f8891ad9c8ea72c&search_type=filter&advert_position=322,176 500 000₸,,,Алматы,30 апреля,3924,TRUE,FALSE,FALSE,,193 829 000 ₸,176 500 000 ₸,2018 - н.в. W463,Внедорожник,4 (бензин),,Автомат,Полный привод,Слева,,Да,all,176500000
Audi e-tron GT,2020,https://kolesa.kz/a/show/217210198?search_id=98af25d4bbe0c15f4015cce29f8891ad9c8ea72c&search_type=filter&advert_position=323,69 900 000₸,,,Алматы,30 апреля,656,TRUE,FALSE,FALSE,,,69 900 000 ₸,2020 - н.в. 1 поколение,Седан,,16 300 км,Автомат,Полный привод,Слева,,Да,all,69900000
BMW X5 XDrive 40i,2023,https://kolesa.kz/a/show/203220929?search_id=98af25d4bbe0c15f4015cce29f8891ad9c8ea72c&search_type=filter&advert_position=324,75 224 000₸,,,Усть-Каменогорск,30 апреля,633,FALSE,FALSE,TRUE,,65 066 000 ₸,75 224 000 ₸,2023 - н.в. G05 рестайлинг,Кроссовер,3 (бензин),,Автомат,Полный привод,Слева,серый металлик,Да,all,75224000
Mercedes-Benz S 450,2020,https://kolesa.kz/a/show/217030625?search_id=98af25d4bbe0c15f4015cce29f8891ad9c8ea72c&search_type=filter&advert_position=325,76 997 473₸,,,Астана,30 апреля,368,TRUE,FALSE,FALSE,,79 319 000 ₸,76 997 473 ₸,2020 - н.в. W223,Седан,3 (бензин),39 019 км,Автомат,Полный привод,Слева,черный,Да,all,76997473
Mercedes-Benz EQS SUV,2022,https://kolesa.kz/a/show/203784466?search_id=98af25d4bbe0c15f4015cce29f8891ad9c8ea72c&search_type=filter&advert_position=326,104 600 000₸,,,Атырау,30 апреля,2121,FALSE,FALSE,TRUE,,,104 600 000 ₸,2022 - н.в. 1 поколение,Кроссовер,,26 км,Автомат,Полный привод,Слева,синий металлик,Да,all,104600000
Mercedes-Benz GLE Coupe 450 AMG 4MATIC,2019,https://kolesa.kz/a/show/213477331?search_id=98af25d4bbe0c15f4015cce29f8891ad9c8ea72c&search_type=filter&advert_position=327,71 000 000₸,,,Шымкент,30 апреля,1194,FALSE,FALSE,TRUE,,,71 000 000 ₸,2019 - н.в. C293,Кроссовер,3 (бензин),26 км,Автомат,Полный привод,Слева,белый,Да,all,71000000
Mercedes-Benz GLE 450 4MATIC,2019,https://kolesa.kz/a/show/210321511?search_id=98af25d4bbe0c15f4015cce29f8891ad9c8ea72c&search_type=filter&advert_position=328,72 900 000₸,,,Актау,30 апреля,1936,FALSE,FALSE,TRUE,,,72 900 000 ₸,2019 - н.в. V167,Кроссовер,3 (бензин),26 км,Автомат,Полный привод,Слева,серый металлик,Да,all,72900000
Land Rover Defender X-Dynamic SE,2019,https://kolesa.kz/a/show/217207825?search_id=98af25d4bbe0c15f4015cce29f8891ad9c8ea72c&search_type=filter&advert_position=329,81 327 000₸,,,Усть-Каменогорск,30 апреля,286,TRUE,FALSE,FALSE,,,81 327 000 ₸,2019 - н.в. 2 поколение (L663),Внедорожник,3 (бензин),20 км,Автомат,Полный привод,Слева,белый,Да,all,81327000
Land Rover Range Rover Sport Dynamic SE,2022,https://kolesa.kz/a/show/216061083?search_id=98af25d4bbe0c15f4015cce29f8891ad9c8ea72c&search_type=filter&advert_position=330,99 997 000₸,,,Астана,30 апреля,1123,FALSE,FALSE,TRUE,,,99 997 000 ₸,2022 - н.в. 3 поколение,Внедорожник,3 (бензин),1 км,Автомат,Полный привод,Слева,серый,Да,all,99997000
Land Rover Range Rover Autobiography,2021,https://kolesa.kz/a/show/218473368?search_id=98af25d4bbe0c15f4015cce29f8891ad9c8ea72c&search_type=filter&advert_position=331,139 273 000₸,,,Павлодар,30 апреля,97,TRUE,FALSE,FALSE,,,139 273 000 ₸,2021 - н.в. 5 поколение,Внедорожник,4.4 (бензин),20 км,Автомат,Полный привод,Слева,золотистый металлик,Да,all,139273000
BMW X5 M60i,2023,https://kolesa.kz/a/show/215220650?search_id=98af25d4bbe0c15f4015cce29f8891ad9c8ea72c&search_type=filter&advert_position=332,87 889 724₸,,,Алматы,30 апреля,2170,FALSE,FALSE,TRUE,,,87 889 724 ₸,2023 - н.в. G05 рестайлинг,Кроссовер,4.4 (бензин),2 км,Автомат,Полный привод,Слева,синий,Да,all,87889724
BMW X5 XDrive 40i,2023,https://kolesa.kz/a/show/213365282?search_id=98af25d4bbe0c15f4015cce29f8891ad9c8ea72c&search_type=filter&advert_position=333,76 744 000₸,,,Караганда,30 апреля,171,FALSE,FALSE,TRUE,,65 066 000 ₸,76 744 000 ₸,2023 - н.в. G05 рестайлинг,Кроссовер,3 (бензин),,Автомат,Полный привод,Слева,серый металлик,Да,all,76744000
Cadillac Escalade Sport Platinum,2024,https://kolesa.kz/a/show/211504348?search_id=98af25d4bbe0c15f4015cce29f8891ad9c8ea72c&search_type=filter&advert_position=334,90 000 000₸,,,Алматы,30 апреля,3788,TRUE,FALSE,FALSE,,100 000 000 ₸,90 000 000 ₸,2024 - н.в. 5 поколение рестайлинг,Внедорожник,6.2 (бензин),,Автомат,Полный привод,Слева,,Да,all,90000000
Jeep Wrangler Rubicon 392,2017,https://kolesa.kz/a/show/213191155?search_id=98af25d4bbe0c15f4015cce29f8891ad9c8ea72c&search_type=filter&advert_position=335,60 000 000₸,,,Алматы,30 апреля,2723,TRUE,FALSE,FALSE,,,60 000 000 ₸,2017 - н.в. JL,Внедорожник,6.4 (бензин),,Автомат,Полный привод,Слева,,Да,all,60000000
Mercedes-Benz S 580 4MATIC,2026,https://kolesa.kz/a/show/215638254?search_id=98af25d4bbe0c15f4015cce29f8891ad9c8ea72c&search_type=filter&advert_position=336,128 000 000₸,,,Алматы,30 апреля,2446,FALSE,FALSE,TRUE,,,128 000 000 ₸,2026 - н.в. W223 рестайлинг,Седан,4 (бензин),26 км,Автомат,Полный привод,Слева,черный металлик,Да,all,128000000
Lexus GX 550 Overtrail,2023,https://kolesa.kz/a/show/196945347?search_id=98af25d4bbe0c15f4015cce29f8891ad9c8ea72c&search_type=filter&advert_position=337,66 190 000₸,,,Астана,30 апреля,822,FALSE,FALSE,TRUE,,,66 190 000 ₸,2023 - н.в. 3 поколение (J250),Внедорожник,3.5 (бензин),,Автомат,Полный привод,Слева,черный металлик,Да,all,66190000
Mercedes-Maybach S 580 4MATIC,2026,https://kolesa.kz/a/show/215823924?search_id=98af25d4bbe0c15f4015cce29f8891ad9c8ea72c&search_type=filter&advert_position=338,118 000 000₸,,,Алматы,30 апреля,1128,FALSE,FALSE,TRUE,,,118 000 000 ₸,2026 - н.в. Z223 рестайлинг,Седан,4 (бензин),26 км,Автомат,Полный привод,Слева,черный металлик,Да,all,118000000
Mercedes-Benz GLE Coupe 53 AMG 4MATIC,2019,https://kolesa.kz/a/show/215517844?search_id=98af25d4bbe0c15f4015cce29f8891ad9c8ea72c&search_type=filter&advert_position=339,79 600 000₸,,,Атырау,30 апреля,196,FALSE,FALSE,TRUE,,,79 600 000 ₸,2019 - н.в. C293,Кроссовер,3 (бензин),26 км,Автомат,Полный привод,Слева,черный металлик,Да,all,79600000
Cadillac Escalade,2020,https://kolesa.kz/a/show/207826495?search_id=98af25d4bbe0c15f4015cce29f8891ad9c8ea72c&search_type=filter&advert_position=340,63 700 000₸,,,Алматы,30 апреля,443,FALSE,TRUE,FALSE,,61 959 000 ₸,63 700 000 ₸,2020 - н.в. 5 поколение,Внедорожник,6.2 (бензин),,Автомат,Полный привод,Слева,черный,Да,all,63700000
Mercedes-Maybach S 580 4MATIC,2026,https://kolesa.kz/a/show/215823924?search_id=ad7836ac19a270cc2a9286f3ac23f625db7ab519&search_type=filter&advert_position=341,118 000 000₸,,,Алматы,30 апреля,1129,FALSE,FALSE,TRUE,,,118 000 000 ₸,2026 - н.в. Z223 рестайлинг,Седан,4 (бензин),26 км,Автомат,Полный привод,Слева,черный металлик,Да,all,118000000
Mercedes-Benz GLE Coupe 53 AMG 4MATIC,2019,https://kolesa.kz/a/show/215517844?search_id=ad7836ac19a270cc2a9286f3ac23f625db7ab519&search_type=filter&advert_position=342,79 600 000₸,,,Атырау,30 апреля,197,FALSE,FALSE,TRUE,,,79 600 000 ₸,2019 - н.в. C293,Кроссовер,3 (бензин),26 км,Автомат,Полный привод,Слева,черный металлик,Да,all,79600000
Cadillac Escalade,2020,https://kolesa.kz/a/show/207826495?search_id=ad7836ac19a270cc2a9286f3ac23f625db7ab519&search_type=filter&advert_position=343,63 700 000₸,,,Алматы,30 апреля,444,FALSE,TRUE,FALSE,,61 959 000 ₸,63 700 000 ₸,2020 - н.в. 5 поколение,Внедорожник,6.2 (бензин),,Автомат,Полный привод,Слева,черный,Да,all,63700000
Infiniti QX80 Sensory,2024,https://kolesa.kz/a/show/210923474?search_id=ad7836ac19a270cc2a9286f3ac23f625db7ab519&search_type=filter&advert_position=344,69 990 000₸,,,Тараз,30 апреля,2088,FALSE,FALSE,TRUE,,,69 990 000 ₸,2024 - н.в. Z63,Внедорожник,3.5 (бензин),,Автомат,Полный привод,Слева,,Да,all,69990000
Mercedes-Benz GLE Coupe 53 AMG 4MATIC,2019,https://kolesa.kz/a/show/217110436?search_id=ad7836ac19a270cc2a9286f3ac23f625db7ab519&search_type=filter&advert_position=345,83 175 480₸,,,Алматы,30 апреля,579,FALSE,FALSE,TRUE,,,83 175 480 ₸,2019 - н.в. C293,Кроссовер,3 (бензин),7 км,Автомат,Полный привод,Слева,черный металлик,Да,all,83175480
Mercedes-Maybach S 580 4MATIC,2021,https://kolesa.kz/a/show/198284718?search_id=ad7836ac19a270cc2a9286f3ac23f625db7ab519&search_type=filter&advert_position=346,140 545 000₸,,,Алматы,30 апреля,5234,TRUE,FALSE,FALSE,,,140 545 000 ₸,2021 - н.в. Z223,Седан,4 (бензин),,Автомат,Полный привод,Слева,черный,Да,all,140545000
Porsche Cayenne V6,2023,https://kolesa.kz/a/show/214415325?search_id=ad7836ac19a270cc2a9286f3ac23f625db7ab519&search_type=filter&advert_position=347,88 320 000₸,,,Алматы,30 апреля,2160,FALSE,FALSE,TRUE,,,88 320 000 ₸,2023 - н.в. 3 поколение рестайлинг,Кроссовер,3 (бензин),,Автомат,Полный привод,Слева,серый металлик,Да,all,88320000
Mercedes-Benz GLE 450 4MATIC+,2019,https://kolesa.kz/a/show/209252314?search_id=ad7836ac19a270cc2a9286f3ac23f625db7ab519&search_type=filter&advert_position=348,60 000 000₸,,,Алматы,30 апреля,267,TRUE,FALSE,FALSE,,,60 000 000 ₸,2019 - н.в. V167,Кроссовер,3 (бензин),,Автомат,Полный привод,Слева,белый,Да,all,60000000
Mercedes-Benz G 63 AMG,2018,https://kolesa.kz/a/show/218069378?search_id=ad7836ac19a270cc2a9286f3ac23f625db7ab519&search_type=filter&advert_position=349,113 500 000₸,,,Алматы,30 апреля,752,FALSE,FALSE,FALSE,,,113 500 000 ₸,2018 - н.в. W463,Внедорожник,4 (бензин),4 км,Автомат,Полный привод,Слева,черный,Нет,all,113500000
Lexus LX 700h Luxury+,2021,https://kolesa.kz/a/show/215318629?search_id=ad7836ac19a270cc2a9286f3ac23f625db7ab519&search_type=filter&advert_position=350,106 200 000₸,,,Алматы,30 апреля,5947,TRUE,FALSE,FALSE,,,106 200 000 ₸,2021 - н.в. 4 поколение,Внедорожник,3.4 (бензин),,Автомат,Полный привод,Слева,черный,Нет,all,106200000
Dodge RAM,2018,https://kolesa.kz/a/show/213093311?search_id=ad7836ac19a270cc2a9286f3ac23f625db7ab519&search_type=filter&advert_position=351,93 999 000₸,,,Алматы,30 апреля,8646,TRUE,FALSE,FALSE,,,93 999 000 ₸,2018 - н.в. 5 поколение,Пикап,6.2 (бензин),,Автомат,Полный привод,Слева,оранжевый металлик,Да,all,93999000
Lexus LX 600,2021,https://kolesa.kz/a/show/217733690?search_id=ad7836ac19a270cc2a9286f3ac23f625db7ab519&search_type=filter&advert_position=352,85 000 000₸,,,Алматы,30 апреля,616,FALSE,FALSE,FALSE,,86 302 000 ₸,85 000 000 ₸,2021 - н.в. 4 поколение,Внедорожник,3.5 (бензин),8 500 км,Автомат,Полный привод,Слева,,Да,all,85000000
Genesis G90,2021,https://kolesa.kz/a/show/206975249?search_id=ad7836ac19a270cc2a9286f3ac23f625db7ab519&search_type=filter&advert_position=353,90 905 500₸,,,Астана,30 апреля,7449,FALSE,FALSE,TRUE,,,90 905 500 ₸,2021 - н.в. 2 поколение,Седан,3.5 (бензин),,Автомат,Полный привод,Слева,черный,Да,all,90905500
Mercedes-Benz GLE Coupe 450 AMG 4MATIC,2019,https://kolesa.kz/a/show/209665846?search_id=ad7836ac19a270cc2a9286f3ac23f625db7ab519&search_type=filter&advert_position=354,69 000 000₸,,,Костанай,30 апреля,1013,FALSE,FALSE,TRUE,,,69 000 000 ₸,2019 - н.в. C293,Кроссовер,3 (бензин),26 км,Автомат,Полный привод,Слева,белый,Да,all,69000000
Mercedes-Benz GLE 450 4MATIC,2019,https://kolesa.kz/a/show/208803945?search_id=ad7836ac19a270cc2a9286f3ac23f625db7ab519&search_type=filter&advert_position=355,70 000 000₸,,,Шымкент,30 апреля,510,FALSE,FALSE,TRUE,,,70 000 000 ₸,2019 - н.в. V167,Кроссовер,3 (бензин),26 км,Автомат,Полный привод,Слева,белый,Да,all,70000000
Mercedes-Benz GLE Coupe 450 AMG 4MATIC,2019,https://kolesa.kz/a/show/215065858?search_id=ad7836ac19a270cc2a9286f3ac23f625db7ab519&search_type=filter&advert_position=356,66 200 000₸,,,Алматы,30 апреля,1873,FALSE,FALSE,TRUE,,,66 200 000 ₸,2019 - н.в. C293,Кроссовер,3 (бензин),26 км,Автомат,Полный привод,Слева,серый металлик,Да,all,66200000
Land Rover Range Rover Sport Dynamic SE,2022,https://kolesa.kz/a/show/218041773?search_id=ad7836ac19a270cc2a9286f3ac23f625db7ab519&search_type=filter&advert_position=357,104 171 000₸,,,Алматы,30 апреля,237,TRUE,FALSE,FALSE,,,104 171 000 ₸,2022 - н.в. 3 поколение,Внедорожник,3 (бензин),20 км,Автомат,Полный привод,Слева,черный металлик,Да,all,104171000
Cadillac Escalade,2024,https://kolesa.kz/a/show/212579606?search_id=ad7836ac19a270cc2a9286f3ac23f625db7ab519&search_type=filter&advert_position=358,85 000 000₸,,,Алматы,30 апреля,3482,TRUE,FALSE,FALSE,,100 000 000 ₸,85 000 000 ₸,2024 - н.в. 5 поколение рестайлинг,Внедорожник,6.2 (бензин),,Автомат,Полный привод,Слева,,Да,all,85000000
Porsche Panamera GTS,2023,https://kolesa.kz/a/show/216264527?search_id=ad7836ac19a270cc2a9286f3ac23f625db7ab519&search_type=filter&advert_position=359,129 000 000₸,,,Алматы,30 апреля,1141,TRUE,FALSE,FALSE,,,129 000 000 ₸,2023 - н.в. 972,Лифтбек,4 (бензин),,Робот,Полный привод,Слева,,Да,all,129000000
Toyota Land Cruiser Prestige,2021,https://kolesa.kz/a/show/213527208?search_id=ad7836ac19a270cc2a9286f3ac23f625db7ab519&search_type=filter&advert_position=360,62 120 500₸,,,Алматы,30 апреля,3816,FALSE,FALSE,TRUE,,67 236 000 ₸,62 120 500 ₸,2021 - н.в. J300,Внедорожник,3.5 (бензин),1 км,Автомат,Полный привод,Слева,,Да,all,62120500
BMW 760,2022,https://kolesa.kz/a/show/214439242?search_id=951d7ee020a36b05c95aeae2d8a5f31eaff9f8a6&search_type=filter&advert_position=361,77 500 000₸,,,Алматы,30 апреля,591,FALSE,FALSE,FALSE,,,77 500 000 ₸,2022 - н.в. G70,Седан,4.4 (бензин),2 100 км,Автомат,Полный привод,Слева,серый металлик,Да,all,77500000
Land Rover Defender S,2019,https://kolesa.kz/a/show/217207113?search_id=951d7ee020a36b05c95aeae2d8a5f31eaff9f8a6&search_type=filter&advert_position=362,81 724 000₸,,,Шымкент,30 апреля,267,TRUE,FALSE,FALSE,,,81 724 000 ₸,2019 - н.в. 2 поколение (L663),Внедорожник,3 (бензин),20 км,Автомат,Полный привод,Слева,белый,Да,all,81724000
BMW X5 XDrive 40i,2023,https://kolesa.kz/a/show/218614447?search_id=951d7ee020a36b05c95aeae2d8a5f31eaff9f8a6&search_type=filter&advert_position=363,66 000 000₸,,,Костанай,30 апреля,57,FALSE,FALSE,TRUE,,65 066 000 ₸,66 000 000 ₸,2023 - н.в. G05 рестайлинг,Кроссовер,3 (бензин),,Автомат,Полный привод,Слева,черный металлик,Да,all,66000000
Mercedes-Benz G 63 AMG 4MATIC,2018,https://kolesa.kz/a/show/206837227?search_id=951d7ee020a36b05c95aeae2d8a5f31eaff9f8a6&search_type=filter&advert_position=364,139 000 000₸,,,Астана,30 апреля,5137,TRUE,FALSE,FALSE,,,139 000 000 ₸,2018 - н.в. W463,Внедорожник,4 (бензин),,Автомат,Полный привод,Слева,,Нет,all,139000000
Mercedes-Benz GLE 450 4MATIC,2019,https://kolesa.kz/a/show/190115852?search_id=951d7ee020a36b05c95aeae2d8a5f31eaff9f8a6&search_type=filter&advert_position=365,70 000 000₸,,,Астана,30 апреля,2833,FALSE,FALSE,TRUE,,,70 000 000 ₸,2019 - н.в. V167,Кроссовер,3 (бензин),,Автомат,Полный привод,Слева,черный металлик,Да,all,70000000
Toyota Land Cruiser Premium+,2021,https://kolesa.kz/a/show/200921622?search_id=951d7ee020a36b05c95aeae2d8a5f31eaff9f8a6&search_type=filter&advert_position=366,75 890 000₸,,,Шымкент,30 апреля,4710,FALSE,FALSE,TRUE,,67 236 000 ₸,75 890 000 ₸,2021 - н.в. J300,Внедорожник,3.5 (бензин),,Автомат,Полный привод,Слева,белый металлик,Да,all,75890000
Dodge RAM,2018,https://kolesa.kz/a/show/217945233?search_id=951d7ee020a36b05c95aeae2d8a5f31eaff9f8a6&search_type=filter&advert_position=367,63 999 000₸,,,Алматы,30 апреля,350,TRUE,FALSE,FALSE,,53 224 000 ₸,63 999 000 ₸,2018 - н.в. 5 поколение,Пикап,3 (бензин),7 км,Автомат,Полный привод,Слева,зеленый,Да,all,63999000
Land Rover Range Rover,2021,https://kolesa.kz/a/show/218348868?search_id=951d7ee020a36b05c95aeae2d8a5f31eaff9f8a6&search_type=filter&advert_position=368,122 000 000₸,,,Алматы,30 апреля,137,FALSE,FALSE,FALSE,,135 040 000 ₸,122 000 000 ₸,2021 - н.в. 5 поколение,Внедорожник,4.4 (бензин),3 100 км,Автомат,Полный привод,Слева,белый,Да,all,122000000
Maserati Grecale Trofeo,2022,https://kolesa.kz/a/show/192097731?search_id=951d7ee020a36b05c95aeae2d8a5f31eaff9f8a6&search_type=filter&advert_position=369,62 200 000₸,,,Алматы,30 апреля,2185,TRUE,FALSE,FALSE,,,62 200 000 ₸,2022 - н.в. 1 поколение,Кроссовер,3 (бензин),,Робот,Полный привод,Слева,синий,Да,all,62200000
Mercedes-Benz GLE 450 4MATIC,2019,https://kolesa.kz/a/show/197367464?search_id=951d7ee020a36b05c95aeae2d8a5f31eaff9f8a6&search_type=filter&advert_position=370,68 600 000₸,,,Атырау,30 апреля,610,FALSE,FALSE,TRUE,,,68 600 000 ₸,2019 - н.в. V167,Кроссовер,3 (бензин),26 км,Автомат,Полный привод,Слева,черный металлик,Да,all,68600000
Mercedes-Benz GLE Coupe 53 AMG 4MATIC,2019,https://kolesa.kz/a/show/202338838?search_id=951d7ee020a36b05c95aeae2d8a5f31eaff9f8a6&search_type=filter&advert_position=371,89 800 000₸,,,Астана,30 апреля,3138,FALSE,FALSE,TRUE,,,89 800 000 ₸,2019 - н.в. C293,Кроссовер,3 (бензин),26 км,Автомат,Полный привод,Слева,черный металлик,Да,all,89800000
Mercedes-Benz GLS 450 4MATIC,2019,https://kolesa.kz/a/show/208806544?search_id=951d7ee020a36b05c95aeae2d8a5f31eaff9f8a6&search_type=filter&advert_position=372,89 000 000₸,,,Актау,30 апреля,3445,FALSE,FALSE,TRUE,,84 971 000 ₸,89 000 000 ₸,2019 - н.в. X167,Внедорожник,3 (бензин),26 км,Автомат,Полный привод,Слева,черный металлик,Да,all,89000000
BMW X7,2024,https://kolesa.kz/a/show/217762969?search_id=951d7ee020a36b05c95aeae2d8a5f31eaff9f8a6&search_type=filter&advert_position=373,96 641 305₸,,,Шымкент,30 апреля,329,TRUE,FALSE,FALSE,,,96 641 305 ₸,,Кроссовер,4.4 (бензин),6 км,Автомат,Полный привод,Слева,синий,Да,all,96641305
GMC Sierra,2022,https://kolesa.kz/a/show/211340338?search_id=951d7ee020a36b05c95aeae2d8a5f31eaff9f8a6&search_type=filter&advert_position=374,68 000 000₸,,,Алматы,30 апреля,540,TRUE,FALSE,FALSE,,,68 000 000 ₸,2022 - н.в. 4 поколение рестайлинг,Пикап,6.6 (дизель),,Автомат,Полный привод,Слева,,Да,all,68000000
Cadillac Escalade Sport Platinum,2024,https://kolesa.kz/a/show/211504885?search_id=951d7ee020a36b05c95aeae2d8a5f31eaff9f8a6&search_type=filter&advert_position=375,90 000 000₸,,,Алматы,30 апреля,6400,TRUE,FALSE,FALSE,,100 000 000 ₸,90 000 000 ₸,2024 - н.в. 5 поколение рестайлинг,Внедорожник,6.2 (бензин),,Автомат,Полный привод,Слева,,Да,all,90000000
Ford F-Series,2020,https://kolesa.kz/a/show/216633460?search_id=951d7ee020a36b05c95aeae2d8a5f31eaff9f8a6&search_type=filter&advert_position=376,74 900 000₸,,,Алматы,30 апреля,1302,TRUE,FALSE,FALSE,,,74 900 000 ₸,2020 - н.в. 14 поколение,Пикап,3.5 (бензин),,Автомат,Полный привод,Слева,,Да,all,74900000
Dodge RAM,2018,https://kolesa.kz/a/show/211989225?search_id=951d7ee020a36b05c95aeae2d8a5f31eaff9f8a6&search_type=filter&advert_position=377,66 500 000₸,,,Алматы,30 апреля,371,TRUE,FALSE,FALSE,,,66 500 000 ₸,2018 - н.в. 5 поколение,Пикап,6.2 (бензин),19 500 км,Автомат,Полный привод,Слева,,Да,all,66500000
Toyota Land Cruiser Premium+,2021,https://kolesa.kz/a/show/198101771?search_id=951d7ee020a36b05c95aeae2d8a5f31eaff9f8a6&search_type=filter&advert_position=378,72 855 500₸,,,Алматы,30 апреля,5326,FALSE,FALSE,TRUE,,67 236 000 ₸,72 855 500 ₸,2021 - н.в. J300,Внедорожник,3.5 (бензин),,Автомат,Полный привод,Слева,,Да,all,72855500
BMW X7 XDrive 40i,2022,https://kolesa.kz/a/show/203223074?search_id=951d7ee020a36b05c95aeae2d8a5f31eaff9f8a6&search_type=filter&advert_position=379,84 221 000₸,,,Усть-Каменогорск,30 апреля,877,FALSE,FALSE,TRUE,,79 300 000 ₸,84 221 000 ₸,2022 - н.в. G07 рестайлинг,Кроссовер,3 (бензин),,Автомат,Полный привод,Слева,серый металлик,Да,all,84221000
BMW X6 XDrive 40i,2023,https://kolesa.kz/a/show/196884246?search_id=951d7ee020a36b05c95aeae2d8a5f31eaff9f8a6&search_type=filter&advert_position=380,75 300 000₸,,,Усть-Каменогорск,30 апреля,1385,FALSE,FALSE,TRUE,,71 041 000 ₸,75 300 000 ₸,2023 - н.в. G06 рестайлинг,Кроссовер,3 (бензин),,Автомат,Полный привод,Слева,черный металлик,Да,all,75300000
Ford F-Series,2020,https://kolesa.kz/a/show/216633460?search_id=f047c697ebba793d9d2479ab988f84d04c0eba3a&search_type=filter&advert_position=381,74 900 000₸,,,Алматы,30 апреля,1303,TRUE,FALSE,FALSE,,,74 900 000 ₸,2020 - н.в. 14 поколение,Пикап,3.5 (бензин),,Автомат,Полный привод,Слева,,Да,all,74900000
Dodge RAM,2018,https://kolesa.kz/a/show/211989225?search_id=f047c697ebba793d9d2479ab988f84d04c0eba3a&search_type=filter&advert_position=382,66 500 000₸,,,Алматы,30 апреля,372,TRUE,FALSE,FALSE,,,66 500 000 ₸,2018 - н.в. 5 поколение,Пикап,6.2 (бензин),19 500 км,Автомат,Полный привод,Слева,,Да,all,66500000
Toyota Land Cruiser Premium+,2021,https://kolesa.kz/a/show/198101771?search_id=f047c697ebba793d9d2479ab988f84d04c0eba3a&search_type=filter&advert_position=383,72 855 500₸,,,Алматы,30 апреля,5327,FALSE,FALSE,TRUE,,67 236 000 ₸,72 855 500 ₸,2021 - н.в. J300,Внедорожник,3.5 (бензин),,Автомат,Полный привод,Слева,,Да,all,72855500
BMW X7 XDrive 40i,2022,https://kolesa.kz/a/show/203223074?search_id=f047c697ebba793d9d2479ab988f84d04c0eba3a&search_type=filter&advert_position=384,84 221 000₸,,,Усть-Каменогорск,30 апреля,878,FALSE,FALSE,TRUE,,79 300 000 ₸,84 221 000 ₸,2022 - н.в. G07 рестайлинг,Кроссовер,3 (бензин),,Автомат,Полный привод,Слева,серый металлик,Да,all,84221000
BMW X6 XDrive 40i,2023,https://kolesa.kz/a/show/196884246?search_id=f047c697ebba793d9d2479ab988f84d04c0eba3a&search_type=filter&advert_position=385,75 300 000₸,,,Усть-Каменогорск,30 апреля,1386,FALSE,FALSE,TRUE,,71 041 000 ₸,75 300 000 ₸,2023 - н.в. G06 рестайлинг,Кроссовер,3 (бензин),,Автомат,Полный привод,Слева,черный металлик,Да,all,75300000
BMW X5 XDrive 40i,2023,https://kolesa.kz/a/show/213365202?search_id=f047c697ebba793d9d2479ab988f84d04c0eba3a&search_type=filter&advert_position=386,75 224 000₸,,,Шымкент,30 апреля,121,FALSE,FALSE,TRUE,,65 066 000 ₸,75 224 000 ₸,2023 - н.в. G05 рестайлинг,Кроссовер,3 (бензин),,Автомат,Полный привод,Слева,серый металлик,Да,all,75224000
Mercedes-Benz S 450 4MATIC,2026,https://kolesa.kz/a/show/215626064?search_id=f047c697ebba793d9d2479ab988f84d04c0eba3a&search_type=filter&advert_position=387,118 000 000₸,,,Алматы,30 апреля,1690,FALSE,FALSE,TRUE,,,118 000 000 ₸,2026 - н.в. W223 рестайлинг,Седан,3 (бензин),26 км,Автомат,Полный привод,Слева,черный металлик,Да,all,118000000
BMW 740,2022,https://kolesa.kz/a/show/217030598?search_id=f047c697ebba793d9d2479ab988f84d04c0eba3a&search_type=filter&advert_position=388,74 990 000₸,,,Астана,30 апреля,450,TRUE,FALSE,FALSE,,74 560 000 ₸,74 990 000 ₸,2022 - н.в. G70,Седан,3 (бензин),8 715 км,Автомат,Полный привод,Слева,синий,Да,all,74990000
Mercedes-Benz GLE 63 AMG 4MATIC+,2019,https://kolesa.kz/a/show/217844575?search_id=f047c697ebba793d9d2479ab988f84d04c0eba3a&search_type=filter&advert_position=389,78 000 000₸,,,Алматы,30 апреля,430,TRUE,FALSE,FALSE,,87 875 000 ₸,78 000 000 ₸,2019 - н.в. V167,Кроссовер,4 (бензин),14 500 км,Автомат,Полный привод,Слева,черный,Да,all,78000000
Land Rover Range Rover SE,2021,https://kolesa.kz/a/show/218578414?search_id=f047c697ebba793d9d2479ab988f84d04c0eba3a&search_type=filter&advert_position=390,110 683 000₸,,,Астана,30 апреля,59,FALSE,FALSE,TRUE,,,110 683 000 ₸,2021 - н.в. 5 поколение,Внедорожник,3 (бензин),1 км,Автомат,Полный привод,Слева,зеленый металлик,Да,all,110683000
Audi RS 6 TFSI Quattro,2019,https://kolesa.kz/a/show/209806566?search_id=f047c697ebba793d9d2479ab988f84d04c0eba3a&search_type=filter&advert_position=391,66 000 000₸,,,Алматы,30 апреля,21216,TRUE,FALSE,FALSE,,,66 000 000 ₸,2019 - н.в. С8,Универсал,4 (бензин),,Автомат,Полный привод,Слева,серый,Да,all,66000000
Toyota Land Cruiser Prestige Off-Road,2021,https://kolesa.kz/a/show/211820410?search_id=f047c697ebba793d9d2479ab988f84d04c0eba3a&search_type=filter&advert_position=392,67 190 000₸,,,Астана,30 апреля,4518,FALSE,FALSE,TRUE,,67 236 000 ₸,67 190 000 ₸,2021 - н.в. J300,Внедорожник,3.5 (бензин),,Автомат,Полный привод,Слева,,Да,all,67190000
Lexus GX 550 Overtrail,2024,https://kolesa.kz/a/show/210900306?search_id=f047c697ebba793d9d2479ab988f84d04c0eba3a&search_type=filter&advert_position=393,66 190 000₸,,,Кокшетау,30 апреля,712,FALSE,FALSE,TRUE,,,66 190 000 ₸,,Внедорожник,3.5 (бензин),,Автомат,Полный привод,Слева,черный металлик,Да,all,66190000
Dodge RAM,2018,https://kolesa.kz/a/show/214308345?search_id=f047c697ebba793d9d2479ab988f84d04c0eba3a&search_type=filter&advert_position=394,65 000 000₸,,,Астана,30 апреля,1447,TRUE,FALSE,FALSE,,71 692 000 ₸,65 000 000 ₸,2018 - н.в. 5 поколение,Пикап,6.2 (бензин),31 000 км,Автомат,Полный привод,Слева,,Да,all,65000000
Dodge RAM,2018,https://kolesa.kz/a/show/214306441?search_id=f047c697ebba793d9d2479ab988f84d04c0eba3a&search_type=filter&advert_position=395,64 000 000₸,,,Алматы,30 апреля,2432,TRUE,FALSE,FALSE,,71 692 000 ₸,64 000 000 ₸,2018 - н.в. 5 поколение,Пикап,6.2 (бензин),34 000 км,Автомат,Полный привод,Слева,,Да,all,64000000
Toyota Land Cruiser Premium+,2021,https://kolesa.kz/a/show/216714661?search_id=f047c697ebba793d9d2479ab988f84d04c0eba3a&search_type=filter&advert_position=396,79 990 000₸,,,Алматы,30 апреля,1342,FALSE,TRUE,FALSE,,,79 990 000 ₸,2021 - н.в. J300,Внедорожник,3.5 (гибрид),,Автомат,Полный привод,Слева,черный металлик,Да,all,79990000
Mercedes-Benz GLS 450 4MATIC,2019,https://kolesa.kz/a/show/209245272?search_id=f047c697ebba793d9d2479ab988f84d04c0eba3a&search_type=filter&advert_position=397,90 000 000₸,,,Уральск,30 апреля,2414,FALSE,FALSE,TRUE,,84 971 000 ₸,90 000 000 ₸,2019 - н.в. X167,Внедорожник,3 (бензин),26 км,Автомат,Полный привод,Слева,черный,Да,all,90000000
Mercedes-Benz V 300 Exclusive,2014,https://kolesa.kz/a/show/208920584?search_id=f047c697ebba793d9d2479ab988f84d04c0eba3a&search_type=filter&advert_position=398,66 500 000₸,,,Шымкент,30 апреля,1835,FALSE,FALSE,TRUE,,,66 500 000 ₸,2014 - н.в. W447,Минивэн,2 (дизель),26 км,Автомат,Полный привод,Слева,черный металлик,Да,all,66500000
Audi Q7 55 TFSI,2015,https://kolesa.kz/a/show/208697540?search_id=f047c697ebba793d9d2479ab988f84d04c0eba3a&search_type=filter&advert_position=399,62 990 000₸,,,Костанай,30 апреля,2042,TRUE,FALSE,FALSE,,,62 990 000 ₸,2015 - н.в. 2 поколение (4M),Кроссовер,3 (бензин),,Автомат,Полный привод,Слева,,Да,all,62990000
Toyota Land Cruiser GR Sport,2021,https://kolesa.kz/a/show/210342110?search_id=f047c697ebba793d9d2479ab988f84d04c0eba3a&search_type=filter&advert_position=400,72 390 000₸,,,Астана,30 апреля,2518,FALSE,FALSE,TRUE,,67 236 000 ₸,72 390 000 ₸,2021 - н.в. J300,Внедорожник,3.5 (бензин),,Автомат,Полный привод,Слева,,Да,all,72390000
Mercedes-Benz V 300 Exclusive,2014,https://kolesa.kz/a/show/208920584?search_id=b45b1c13ba49b872845e94966bf8200fec8a96de&search_type=filter&advert_position=401,66 500 000₸,,,Шымкент,30 апреля,1836,FALSE,FALSE,TRUE,,,66 500 000 ₸,2014 - н.в. W447,Минивэн,2 (дизель),26 км,Автомат,Полный привод,Слева,черный металлик,Да,all,66500000
Audi Q7 55 TFSI,2015,https://kolesa.kz/a/show/208697540?search_id=b45b1c13ba49b872845e94966bf8200fec8a96de&search_type=filter&advert_position=402,62 990 000₸,,,Костанай,30 апреля,2043,TRUE,FALSE,FALSE,,,62 990 000 ₸,2015 - н.в. 2 поколение (4M),Кроссовер,3 (бензин),,Автомат,Полный привод,Слева,,Да,all,62990000
Toyota Land Cruiser GR Sport,2021,https://kolesa.kz/a/show/210342110?search_id=b45b1c13ba49b872845e94966bf8200fec8a96de&search_type=filter&advert_position=403,72 390 000₸,,,Астана,30 апреля,2519,FALSE,FALSE,TRUE,,67 236 000 ₸,72 390 000 ₸,2021 - н.в. J300,Внедорожник,3.5 (бензин),,Автомат,Полный привод,Слева,,Да,all,72390000
Toyota Land Cruiser Premium,2021,https://kolesa.kz/a/show/211904968?search_id=b45b1c13ba49b872845e94966bf8200fec8a96de&search_type=filter&advert_position=404,74 890 000₸,,,Астана,30 апреля,2447,FALSE,FALSE,TRUE,,67 236 000 ₸,74 890 000 ₸,2021 - н.в. J300,Внедорожник,3.5 (бензин),,Автомат,Полный привод,Слева,черный,Да,all,74890000
Mercedes-Maybach S 580 4MATIC,2021,https://kolesa.kz/a/show/208955353?search_id=b45b1c13ba49b872845e94966bf8200fec8a96de&search_type=filter&advert_position=405,155 801 340₸,,,Алматы,30 апреля,5459,TRUE,FALSE,FALSE,,,155 801 340 ₸,2021 - н.в. Z223,Седан,4 (бензин),7 км,Автомат,Полный привод,Слева,черный металлик,Да,all,155801340
Mercedes-Benz S 450 4MATIC,2020,https://kolesa.kz/a/show/213957109?search_id=b45b1c13ba49b872845e94966bf8200fec8a96de&search_type=filter&advert_position=406,102 020 000₸,,,Алматы,30 апреля,2946,FALSE,FALSE,TRUE,,,102 020 000 ₸,2020 - н.в. W223,Седан,3 (бензин),,Автомат,Полный привод,Слева,черный металлик,Да,all,102020000
BMW X7 XDrive 40i,2022,https://kolesa.kz/a/show/206437041?fromUserSearch=1&search_id=b45b1c13ba49b872845e94966bf8200fec8a96de&search_type=filter&advert_position=407,67 000 000₸,,,Алматы,30 апреля,2471,TRUE,FALSE,FALSE,,,67 000 000 ₸,2022 - н.в. G07 рестайлинг,Кроссовер,3 (бензин),,Автомат,Полный привод,Слева,,Нет,all,67000000
Porsche Taycan 4S Cross Turismo,2019,https://kolesa.kz/a/show/209397448?search_id=b45b1c13ba49b872845e94966bf8200fec8a96de&search_type=filter&advert_position=408,86 600 000₸,,,Алматы,30 апреля,2300,FALSE,FALSE,TRUE,,,86 600 000 ₸,2019 - н.в. 1 поколение (Y1A),Универсал,,,Автомат,Полный привод,Слева,серый,Да,all,86600000
Mercedes-Benz G 63 AMG 4MATIC,2024,https://kolesa.kz/a/show/129055899?search_id=b45b1c13ba49b872845e94966bf8200fec8a96de&search_type=filter&advert_position=409,210 000 000₸,,,Астана,30 апреля,13397,FALSE,FALSE,TRUE,,,210 000 000 ₸,2024 - н.в. W465 рестайлинг,Внедорожник,4 (бензин),1 км,Автомат,Полный привод,Слева,серый металлик,Да,all,210000000
Lexus GX 550 Overtrail,2023,https://kolesa.kz/a/show/190809350?search_id=b45b1c13ba49b872845e94966bf8200fec8a96de&search_type=filter&advert_position=410,66 590 000₸,,,Шымкент,30 апреля,5266,FALSE,FALSE,TRUE,,,66 590 000 ₸,2023 - н.в. 3 поколение (J250),Внедорожник,3.5 (бензин),,Автомат,Полный привод,Слева,белый металлик,Да,all,66590000
Toyota Land Cruiser Prestige,2021,https://kolesa.kz/a/show/209122374?search_id=b45b1c13ba49b872845e94966bf8200fec8a96de&search_type=filter&advert_position=411,61 120 500₸,,,Алматы,30 апреля,3072,FALSE,FALSE,TRUE,,67 236 000 ₸,61 120 500 ₸,2021 - н.в. J300,Внедорожник,3.5 (бензин),,Автомат,Полный привод,Слева,белый металлик,Да,all,61120500
BMW X7,2022,https://kolesa.kz/a/show/215200366?search_id=b45b1c13ba49b872845e94966bf8200fec8a96de&search_type=filter&advert_position=412,98 055 641₸,,,Алматы,30 апреля,84,FALSE,FALSE,TRUE,,,98 055 641 ₸,2022 - н.в. G07 рестайлинг,Кроссовер,4.4 (бензин),3 км,Автомат,Полный привод,Слева,белый,Да,all,98055641
Toyota Land Cruiser Luxe,2021,https://kolesa.kz/a/show/218469338?search_id=b45b1c13ba49b872845e94966bf8200fec8a96de&search_type=filter&advert_position=413,63 000 000₸,,,Астана,30 апреля,167,TRUE,FALSE,FALSE,,67 236 000 ₸,63 000 000 ₸,2021 - н.в. J300,Внедорожник,3.5 (бензин),12 453 км,Автомат,Полный привод,Слева,черный,Да,all,63000000
Dodge RAM,2018,https://kolesa.kz/a/show/214309162?search_id=b45b1c13ba49b872845e94966bf8200fec8a96de&search_type=filter&advert_position=414,66 500 000₸,,,Усть-Каменогорск,30 апреля,1438,TRUE,FALSE,FALSE,,71 692 000 ₸,66 500 000 ₸,2018 - н.в. 5 поколение,Пикап,6.2 (бензин),22 000 км,Автомат,Полный привод,Слева,,Да,all,66500000
Lexus LX 700h,2021,https://kolesa.kz/a/show/217645888?search_id=b45b1c13ba49b872845e94966bf8200fec8a96de&search_type=filter&advert_position=415,73 000 000₸,,,Алматы,30 апреля,361,TRUE,FALSE,FALSE,,,73 000 000 ₸,2021 - н.в. 4 поколение,Внедорожник,3.5 (гибрид),,Автомат,Полный привод,Слева,,Нет,all,73000000
Mercedes-Benz GLE Coupe 450 AMG 4MATIC,2019,https://kolesa.kz/a/show/215067239?search_id=b45b1c13ba49b872845e94966bf8200fec8a96de&search_type=filter&advert_position=416,66 000 000₸,,,Алматы,30 апреля,814,FALSE,FALSE,TRUE,,,66 000 000 ₸,2019 - н.в. C293,Кроссовер,3 (бензин),26 км,Автомат,Полный привод,Слева,белый,Да,all,66000000
Mercedes-Benz GLE Coupe 4MATIC,2019,https://kolesa.kz/a/show/209266596?search_id=b45b1c13ba49b872845e94966bf8200fec8a96de&search_type=filter&advert_position=417,74 000 000₸,,,Шымкент,30 апреля,729,FALSE,FALSE,TRUE,,,74 000 000 ₸,2019 - н.в. C293,Кроссовер,3 (бензин),26 км,Автомат,Полный привод,Слева,белый,Да,all,74000000
Mercedes-Benz S 580 4MATIC,2020,https://kolesa.kz/a/show/190252490?search_id=b45b1c13ba49b872845e94966bf8200fec8a96de&search_type=filter&advert_position=418,97 500 000₸,,,Алматы,30 апреля,2395,FALSE,FALSE,TRUE,,79 524 000 ₸,97 500 000 ₸,2020 - н.в. W223,Седан,4 (бензин),26 км,Автомат,Полный привод,Слева,черный металлик,Да,all,97500000
BMW X5 M,2024,https://kolesa.kz/a/show/217030757?search_id=b45b1c13ba49b872845e94966bf8200fec8a96de&search_type=filter&advert_position=419,99 900 000₸,,,Астана,30 апреля,440,TRUE,FALSE,FALSE,,,99 900 000 ₸,,Кроссовер,4.4 (бензин),1 411 км,Автомат,Полный привод,Слева,черный,Да,all,99900000
Toyota Land Cruiser GR Sport,2021,https://kolesa.kz/a/show/210834079?search_id=b45b1c13ba49b872845e94966bf8200fec8a96de&search_type=filter&advert_position=420,64 000 000₸,,,Семей,30 апреля,1785,TRUE,FALSE,FALSE,,,64 000 000 ₸,2021 - н.в. J300,Внедорожник,3.5 (гибрид),,Автомат,Полный привод,Слева,белый металлик,Да,all,64000000
BMW X5 M,2024,https://kolesa.kz/a/show/217030757?search_id=66904f5c3ddf37834fc06bb0f020ff82ff97e899&search_type=filter&advert_position=421,99 900 000₸,,,Астана,30 апреля,441,TRUE,FALSE,FALSE,,,99 900 000 ₸,,Кроссовер,4.4 (бензин),1 411 км,Автомат,Полный привод,Слева,черный,Да,all,99900000
Toyota Land Cruiser GR Sport,2021,https://kolesa.kz/a/show/210834079?search_id=66904f5c3ddf37834fc06bb0f020ff82ff97e899&search_type=filter&advert_position=422,64 000 000₸,,,Семей,30 апреля,1786,TRUE,FALSE,FALSE,,,64 000 000 ₸,2021 - н.в. J300,Внедорожник,3.5 (гибрид),,Автомат,Полный привод,Слева,белый металлик,Да,all,64000000
Toyota Land Cruiser GR Sport,2021,https://kolesa.kz/a/show/211905384?search_id=66904f5c3ddf37834fc06bb0f020ff82ff97e899&search_type=filter&advert_position=423,73 990 000₸,,,Астана,30 апреля,653,FALSE,FALSE,TRUE,,,73 990 000 ₸,2021 - н.в. J300,Внедорожник,3.5 (бензин),,Автомат,Полный привод,Слева,черный,Да,all,73990000
Toyota Land Cruiser Premium+,2021,https://kolesa.kz/a/show/167255375?search_id=66904f5c3ddf37834fc06bb0f020ff82ff97e899&search_type=filter&advert_position=424,76 690 000₸,,,Астана,30 апреля,5772,FALSE,FALSE,TRUE,,,76 690 000 ₸,2021 - н.в. J300,Внедорожник,3.5 (бензин),,Автомат,Полный привод,Слева,белый,Да,all,76690000
BMW X7 XDrive 40i,2022,https://kolesa.kz/a/show/213365224?search_id=66904f5c3ddf37834fc06bb0f020ff82ff97e899&search_type=filter&advert_position=425,84 221 000₸,,,Караганда,30 апреля,374,FALSE,FALSE,TRUE,,79 300 000 ₸,84 221 000 ₸,2022 - н.в. G07 рестайлинг,Кроссовер,3 (бензин),,Автомат,Полный привод,Слева,серый металлик,Да,all,84221000
BMW X7 XDrive 40i,2022,https://kolesa.kz/a/show/215389401?search_id=66904f5c3ddf37834fc06bb0f020ff82ff97e899&search_type=filter&advert_position=426,86 228 000₸,,,Усть-Каменогорск,30 апреля,833,FALSE,FALSE,TRUE,,79 300 000 ₸,86 228 000 ₸,2022 - н.в. G07 рестайлинг,Кроссовер,3 (бензин),,Автомат,Полный привод,Слева,серый металлик,Да,all,86228000
Infiniti QX80 Autograph,2024,https://kolesa.kz/a/show/202141684?search_id=66904f5c3ddf37834fc06bb0f020ff82ff97e899&search_type=filter&advert_position=427,89 990 000₸,,,Астана,30 апреля,4349,FALSE,FALSE,TRUE,,,89 990 000 ₸,2024 - н.в. Z63,Внедорожник,3.5 (бензин),,Автомат,Полный привод,Слева,,Да,all,89990000
BMW X7 XDrive 40i,2022,https://kolesa.kz/a/show/216434847?search_id=66904f5c3ddf37834fc06bb0f020ff82ff97e899&search_type=filter&advert_position=428,84 372 932₸,,,Алматы,30 апреля,407,FALSE,FALSE,TRUE,,79 300 000 ₸,84 372 932 ₸,2022 - н.в. G07 рестайлинг,Кроссовер,3 (бензин),,Автомат,Полный привод,Слева,,Да,all,84372932
Lexus LX 600 Luxury,2021,https://kolesa.kz/a/show/215314062?search_id=66904f5c3ddf37834fc06bb0f020ff82ff97e899&search_type=filter&advert_position=429,90 990 000₸,,,Актобе,30 апреля,1988,TRUE,FALSE,FALSE,,,90 990 000 ₸,2021 - н.в. 4 поколение,Внедорожник,3.5 (бензин),,Автомат,Полный привод,Слева,,Да,all,90990000
Lexus LX 600,2021,https://kolesa.kz/a/show/212167601?search_id=66904f5c3ddf37834fc06bb0f020ff82ff97e899&search_type=filter&advert_position=430,88 000 000₸,,,Алматы,30 апреля,510,FALSE,FALSE,FALSE,,86 302 000 ₸,88 000 000 ₸,2021 - н.в. 4 поколение,Внедорожник,3.5 (бензин),4 500 км,Автомат,Полный привод,Слева,черный,Да,all,88000000
BMW X6 XDrive 40i,2023,https://kolesa.kz/a/show/213200440?search_id=66904f5c3ddf37834fc06bb0f020ff82ff97e899&search_type=filter&advert_position=431,71 148 302₸,,,Астана,30 апреля,2159,FALSE,FALSE,TRUE,,71 041 000 ₸,71 148 302 ₸,2023 - н.в. G06 рестайлинг,Кроссовер,3 (бензин),,Автомат,Полный привод,Слева,,Да,all,71148302
Cadillac Escalade Sport Platinum,2024,https://kolesa.kz/a/show/215704004?search_id=66904f5c3ddf37834fc06bb0f020ff82ff97e899&search_type=filter&advert_position=432,97 770 000₸,,,Алматы,30 апреля,1427,FALSE,FALSE,TRUE,,100 000 000 ₸,97 770 000 ₸,2024 - н.в. 5 поколение рестайлинг,Внедорожник,6.2 (бензин),,Автомат,Полный привод,Слева,,Да,all,97770000
Lexus LX 700h Luxury,2021,https://kolesa.kz/a/show/210954761?search_id=66904f5c3ddf37834fc06bb0f020ff82ff97e899&search_type=filter&advert_position=433,100 000 000₸,,,Семей,30 апреля,3494,TRUE,FALSE,FALSE,,,100 000 000 ₸,2021 - н.в. 4 поколение,Внедорожник,3.5 (гибрид),,Автомат,Полный привод,Слева,черный металлик,Да,all,100000000
Mercedes-Benz GLE Coupe 4MATIC,2019,https://kolesa.kz/a/show/209260328?search_id=66904f5c3ddf37834fc06bb0f020ff82ff97e899&search_type=filter&advert_position=434,73 000 000₸,,,Актобе,30 апреля,1266,FALSE,FALSE,TRUE,,,73 000 000 ₸,2019 - н.в. C293,Кроссовер,3 (бензин),26 км,Автомат,Полный привод,Слева,серый металлик,Да,all,73000000
Mercedes-Benz GLE 450 4MATIC,2019,https://kolesa.kz/a/show/206626251?search_id=66904f5c3ddf37834fc06bb0f020ff82ff97e899&search_type=filter&advert_position=435,66 700 000₸,,,Шымкент,30 апреля,1324,FALSE,FALSE,TRUE,,,66 700 000 ₸,2019 - н.в. V167,Кроссовер,3 (бензин),26 км,Автомат,Полный привод,Слева,серый металлик,Да,all,66700000
Mercedes-Maybach S 580 4MATIC,2021,https://kolesa.kz/a/show/209263511?search_id=66904f5c3ddf37834fc06bb0f020ff82ff97e899&search_type=filter&advert_position=436,145 000 000₸,,,Шымкент,30 апреля,4364,FALSE,FALSE,TRUE,,,145 000 000 ₸,2021 - н.в. Z223,Седан,4 (бензин),26 км,Автомат,Полный привод,Слева,черный металлик,Да,all,145000000
BMW X7 M60i,2022,https://kolesa.kz/a/show/211356806?search_id=66904f5c3ddf37834fc06bb0f020ff82ff97e899&search_type=filter&advert_position=437,72 500 000₸,,,Алматы,30 апреля,2478,TRUE,FALSE,FALSE,,,72 500 000 ₸,2022 - н.в. G07 рестайлинг,Кроссовер,4.4 (бензин),14 001 км,Автомат,Полный привод,Слева,,Да,all,72500000
Jeep Wrangler Rubicon 392,2017,https://kolesa.kz/a/show/180839126?search_id=66904f5c3ddf37834fc06bb0f020ff82ff97e899&search_type=filter&advert_position=438,64 000 000₸,,,Алматы,30 апреля,5048,TRUE,FALSE,FALSE,,,64 000 000 ₸,2017 - н.в. JL,Внедорожник,6.4 (бензин),,Автомат,Полный привод,Слева,,Да,all,64000000
GMC Yukon,2020,https://kolesa.kz/a/show/195189061?search_id=66904f5c3ddf37834fc06bb0f020ff82ff97e899&search_type=filter&advert_position=439,64 900 000₸,,,Алматы,30 апреля,498,TRUE,FALSE,FALSE,,,64 900 000 ₸,2020 - н.в. GMT1YC,Внедорожник,6.2 (бензин),,Автомат,Полный привод,Слева,,Да,all,64900000
Dodge RAM,2018,https://kolesa.kz/a/show/202231483?search_id=66904f5c3ddf37834fc06bb0f020ff82ff97e899&search_type=filter&advert_position=440,95 000 000₸,,,Алматы,30 апреля,5569,TRUE,FALSE,FALSE,,71 692 000 ₸,95 000 000 ₸,2018 - н.в. 5 поколение,Пикап,6.2 (бензин),14 000 км,Автомат,Полный привод,Слева,,Да,all,95000000
Dodge RAM,2018,https://kolesa.kz/a/show/211345821?search_id=b9c1931c5706fb1bfd812ca5d5e90123fa0f87b3&search_type=filter&advert_position=441,60 500 000₸,,,Алматы,30 апреля,2859,TRUE,FALSE,FALSE,,,60 500 000 ₸,2018 - н.в. 5 поколение,Пикап,6.7 (дизель),11 600 км,Автомат,Полный привод,Слева,,Да,all,60500000
BMW X7 XDrive 40i,2022,https://kolesa.kz/a/show/217102042?search_id=b9c1931c5706fb1bfd812ca5d5e90123fa0f87b3&search_type=filter&advert_position=442,72 500 000₸,,,Алматы,30 апреля,292,TRUE,FALSE,FALSE,,71 561 000 ₸,72 500 000 ₸,2022 - н.в. G07 рестайлинг,Кроссовер,3 (бензин),3 756 км,Автомат,Полный привод,Слева,черный,Да,all,72500000
Land Rover Range Rover SE,2021,https://kolesa.kz/a/show/214600222?search_id=b9c1931c5706fb1bfd812ca5d5e90123fa0f87b3&search_type=filter&advert_position=443,113 102 000₸,,,Костанай,30 апреля,2041,TRUE,FALSE,FALSE,,,113 102 000 ₸,2021 - н.в. 5 поколение,Внедорожник,3 (бензин),,Автомат,Полный привод,Слева,,Да,all,113102000
Mercedes-Benz G 580 EQ 4MATIC,2018,https://kolesa.kz/a/show/197189801?search_id=b9c1931c5706fb1bfd812ca5d5e90123fa0f87b3&search_type=filter&advert_position=444,148 000 000₸,,,Астана,30 апреля,5871,FALSE,FALSE,TRUE,,,148 000 000 ₸,2018 - н.в. W463,Внедорожник,,,Автомат,Полный привод,Слева,черный металлик,Да,all,148000000
Mercedes-Benz G 63 AMG 4MATIC,2018,https://kolesa.kz/a/show/212182182?search_id=b9c1931c5706fb1bfd812ca5d5e90123fa0f87b3&search_type=filter&advert_position=445,192 500 000₸,,,Алматы,30 апреля,9630,FALSE,FALSE,TRUE,,,192 500 000 ₸,2018 - н.в. W463,Внедорожник,4 (бензин),26 км,Автомат,Полный привод,Слева,черный металлик,Да,all,192500000
Chevrolet Corvette,2020,https://kolesa.kz/a/show/217008799?search_id=b9c1931c5706fb1bfd812ca5d5e90123fa0f87b3&search_type=filter&advert_position=446,72 000 000₸,,,Алматы,30 апреля,1289,TRUE,FALSE,FALSE,,,72 000 000 ₸,2020 - н.в. С8,Тарга,6.2 (бензин),1 580 км,Робот,Задний привод,Слева,,Да,all,72000000
Ford F-Series,2020,https://kolesa.kz/a/show/216633921?search_id=b9c1931c5706fb1bfd812ca5d5e90123fa0f87b3&search_type=filter&advert_position=447,74 900 000₸,,,Астана,30 апреля,853,TRUE,FALSE,FALSE,,,74 900 000 ₸,2020 - н.в. 14 поколение,Пикап,3.5 (бензин),,Автомат,Полный привод,Слева,,Да,all,74900000
Cadillac Escalade Sport Platinum,2020,https://kolesa.kz/a/show/198528662?search_id=b9c1931c5706fb1bfd812ca5d5e90123fa0f87b3&search_type=filter&advert_position=448,66 900 000₸,,,Алматы,30 апреля,5044,TRUE,FALSE,FALSE,,,66 900 000 ₸,2020 - н.в. 5 поколение,Внедорожник,3 (дизель),,Автомат,Полный привод,Слева,,Да,all,66900000
BMW X6 XDrive 40i,2023,https://kolesa.kz/a/show/203241754?search_id=b9c1931c5706fb1bfd812ca5d5e90123fa0f87b3&search_type=filter&advert_position=449,78 224 000₸,,,Усть-Каменогорск,30 апреля,592,FALSE,FALSE,TRUE,,71 041 000 ₸,78 224 000 ₸,2023 - н.в. G06 рестайлинг,Кроссовер,3 (бензин),,Автомат,Полный привод,Слева,черный металлик,Да,all,78224000
Mercedes-Benz S 580 4MATIC,2020,https://kolesa.kz/a/show/200919646?search_id=b9c1931c5706fb1bfd812ca5d5e90123fa0f87b3&search_type=filter&advert_position=450,124 000 000₸,,,Астана,30 апреля,258,FALSE,FALSE,TRUE,,,124 000 000 ₸,2020 - н.в. W223,Седан,4 (бензин),26 км,Автомат,Полный привод,Слева,черный металлик,Да,all,124000000
Mercedes-Benz GLS 63 AMG 4MATIC,2019,https://kolesa.kz/a/show/208808403?search_id=b9c1931c5706fb1bfd812ca5d5e90123fa0f87b3&search_type=filter&advert_position=451,131 000 000₸,,,Атырау,30 апреля,437,FALSE,FALSE,TRUE,,,131 000 000 ₸,2019 - н.в. X167,Внедорожник,4 (бензин),26 км,Автомат,Полный привод,Слева,черный металлик,Да,all,131000000
Mercedes-Benz GLE 53 AMG 4MATIC,2019,https://kolesa.kz/a/show/209748236?search_id=b9c1931c5706fb1bfd812ca5d5e90123fa0f87b3&search_type=filter&advert_position=452,82 500 000₸,,,Астана,30 апреля,283,FALSE,FALSE,TRUE,,,82 500 000 ₸,2019 - н.в. V167,Кроссовер,3 (бензин),26 км,Автомат,Полный привод,Слева,серый,Да,all,82500000
Mercedes-Benz GLE 53 AMG 4MATIC+,2019,https://kolesa.kz/a/show/213475279?search_id=b9c1931c5706fb1bfd812ca5d5e90123fa0f87b3&search_type=filter&advert_position=453,78 000 000₸,,,Актобе,30 апреля,244,FALSE,FALSE,TRUE,,,78 000 000 ₸,2019 - н.в. V167,Кроссовер,3 (бензин),26 км,Автомат,Полный привод,Слева,черный металлик,Да,all,78000000
Toyota Land Cruiser Luxe,2021,https://kolesa.kz/a/show/210835634?search_id=b9c1931c5706fb1bfd812ca5d5e90123fa0f87b3&search_type=filter&advert_position=454,64 000 000₸,,,Семей,30 апреля,2339,TRUE,FALSE,FALSE,,,64 000 000 ₸,2021 - н.в. J300,Внедорожник,3.5 (гибрид),,Автомат,Полный привод,Слева,белый металлик,Да,all,64000000
Land Rover Range Rover Sport Dynamic SE,2022,https://kolesa.kz/a/show/217206494?search_id=b9c1931c5706fb1bfd812ca5d5e90123fa0f87b3&search_type=filter&advert_position=455,104 391 000₸,,,Шымкент,30 апреля,408,TRUE,FALSE,FALSE,,,104 391 000 ₸,2022 - н.в. 3 поколение,Внедорожник,3 (бензин),20 км,Автомат,Полный привод,Слева,черный металлик,Да,all,104391000
Mercedes-Benz GLS 580 4MATIC,2019,https://kolesa.kz/a/show/216330756?search_id=b9c1931c5706fb1bfd812ca5d5e90123fa0f87b3&search_type=filter&advert_position=456,87 000 000₸,,,Алматы,30 апреля,776,TRUE,FALSE,FALSE,,,87 000 000 ₸,2019 - н.в. X167,Внедорожник,4 (гибрид),20 км,Автомат,Полный привод,Слева,,Нет,all,87000000
Lexus LX 700h Luxury,2021,https://kolesa.kz/a/show/212050798?search_id=b9c1931c5706fb1bfd812ca5d5e90123fa0f87b3&search_type=filter&advert_position=457,105 000 000₸,,,Астана,30 апреля,9280,TRUE,FALSE,FALSE,,,105 000 000 ₸,2021 - н.в. 4 поколение,Внедорожник,3.4 (бензин),17 км,Автомат,Полный привод,Слева,,Нет,all,105000000
Porsche Macan T,2021,https://kolesa.kz/a/show/216624556?search_id=b9c1931c5706fb1bfd812ca5d5e90123fa0f87b3&search_type=filter&advert_position=458,63 232 200₸,,,Алматы,30 апреля,336,FALSE,FALSE,TRUE,,,63 232 200 ₸,2021 - н.в. 1 поколение [2-й рестайлинг] (95B),Кроссовер,2 (бензин),,Робот,Полный привод,Слева,серый,Да,all,63232200
BMW X7 XDrive 40i,2022,https://kolesa.kz/a/show/196734969?search_id=b9c1931c5706fb1bfd812ca5d5e90123fa0f87b3&search_type=filter&advert_position=459,85 263 626₸,,,Алматы,30 апреля,4676,FALSE,FALSE,TRUE,,79 300 000 ₸,85 263 626 ₸,2022 - н.в. G07 рестайлинг,Кроссовер,3 (бензин),7 км,Автомат,Полный привод,Слева,синий металлик,Да,all,85263626
Lexus LX 570,2015,https://kolesa.kz/a/show/210433612?search_id=b9c1931c5706fb1bfd812ca5d5e90123fa0f87b3&search_type=filter&advert_position=460,63 500 000₸,584 021₸/мес,72%,Шымкент,30 апреля,1976,FALSE,FALSE,FALSE,584 021₸,54 877 000 ₸,63 500 000 ₸,2015 - н.в. 3 поколение [2-й рестайлинг] (J2),Внедорожник,5.7 (бензин),68 500 км,Автомат,Полный привод,Слева,черный металлик,Да,all,63500000
BMW X7 XDrive 40i,2022,https://kolesa.kz/a/show/196734969?search_id=d7057e76ca9fb3b40b19e85844820e90d37ba97e&search_type=filter&advert_position=461,85 263 626₸,,,Алматы,30 апреля,4677,FALSE,FALSE,TRUE,,79 300 000 ₸,85 263 626 ₸,2022 - н.в. G07 рестайлинг,Кроссовер,3 (бензин),7 км,Автомат,Полный привод,Слева,синий металлик,Да,all,85263626
Lexus LX 570,2015,https://kolesa.kz/a/show/210433612?search_id=d7057e76ca9fb3b40b19e85844820e90d37ba97e&search_type=filter&advert_position=462,63 500 000₸,584 021₸/мес,72%,Шымкент,30 апреля,1977,FALSE,FALSE,FALSE,584 021₸,54 877 000 ₸,63 500 000 ₸,2015 - н.в. 3 поколение [2-й рестайлинг] (J2),Внедорожник,5.7 (бензин),68 500 км,Автомат,Полный привод,Слева,черный металлик,Да,all,63500000
Dodge RAM,2018,https://kolesa.kz/a/show/216618669?search_id=d7057e76ca9fb3b40b19e85844820e90d37ba97e&search_type=filter&advert_position=463,64 000 000₸,,,Алматы,30 апреля,584,TRUE,FALSE,FALSE,,53 224 000 ₸,64 000 000 ₸,2018 - н.в. 5 поколение,Пикап,3 (бензин),,Автомат,Полный привод,Слева,,Да,all,64000000
Dodge RAM,2018,https://kolesa.kz/a/show/216450144?search_id=d7057e76ca9fb3b40b19e85844820e90d37ba97e&search_type=filter&advert_position=464,60 000 000₸,,,Алматы,30 апреля,429,TRUE,FALSE,FALSE,,,60 000 000 ₸,2018 - н.в. 5 поколение,Пикап,5.7 (бензин),,Автомат,Полный привод,Слева,,Да,all,60000000
Dodge RAM,2018,https://kolesa.kz/a/show/216449282?search_id=d7057e76ca9fb3b40b19e85844820e90d37ba97e&search_type=filter&advert_position=465,81 000 000₸,,,Алматы,30 апреля,882,TRUE,FALSE,FALSE,,,81 000 000 ₸,2018 - н.в. 5 поколение,Пикап,5.7 (бензин),,Автомат,Полный привод,Слева,,Да,all,81000000
Mercedes-Benz GLS 450 4MATIC,2019,https://kolesa.kz/a/show/204149852?search_id=d7057e76ca9fb3b40b19e85844820e90d37ba97e&search_type=filter&advert_position=466,84 600 000₸,,,Костанай,30 апреля,1990,FALSE,FALSE,TRUE,,84 971 000 ₸,84 600 000 ₸,2019 - н.в. X167,Внедорожник,3 (бензин),26 км,Автомат,Полный привод,Слева,белый,Да,all,84600000
Mercedes-Benz G 63 AMG 4MATIC,2018,https://kolesa.kz/a/show/215150338?search_id=d7057e76ca9fb3b40b19e85844820e90d37ba97e&search_type=filter&advert_position=467,188 000 000₸,,,Алматы,30 апреля,1927,FALSE,FALSE,TRUE,,,188 000 000 ₸,2018 - н.в. W463,Внедорожник,4 (бензин),26 км,Автомат,Полный привод,Слева,черный металлик,Да,all,188000000
Mercedes-Benz V 300 Exclusive,2014,https://kolesa.kz/a/show/208923471?search_id=d7057e76ca9fb3b40b19e85844820e90d37ba97e&search_type=filter&advert_position=468,75 000 000₸,,,Караганда,30 апреля,2044,FALSE,FALSE,TRUE,,,75 000 000 ₸,2014 - н.в. W447,Минивэн,2 (дизель),26 км,Автомат,Полный привод,Слева,черный металлик,Да,all,75000000
Mercedes-Benz GLE 450 4MATIC,2019,https://kolesa.kz/a/show/209246497?search_id=d7057e76ca9fb3b40b19e85844820e90d37ba97e&search_type=filter&advert_position=469,71 000 000₸,,,Шымкент,30 апреля,1418,FALSE,FALSE,TRUE,,,71 000 000 ₸,2019 - н.в. V167,Кроссовер,3 (бензин),26 км,Автомат,Полный привод,Слева,серый металлик,Да,all,71000000
Toyota Land Cruiser Premium+,2021,https://kolesa.kz/a/show/211810608?search_id=d7057e76ca9fb3b40b19e85844820e90d37ba97e&search_type=filter&advert_position=470,72 855 500₸,,,Алматы,30 апреля,5407,FALSE,FALSE,TRUE,,67 236 000 ₸,72 855 500 ₸,2021 - н.в. J300,Внедорожник,3.5 (бензин),,Автомат,Полный привод,Слева,белый,Да,all,72855500
BMW X7 XDrive 40i,2022,https://kolesa.kz/a/show/213200926?search_id=d7057e76ca9fb3b40b19e85844820e90d37ba97e&search_type=filter&advert_position=471,81 461 737₸,,,Астана,30 апреля,49,FALSE,FALSE,TRUE,,79 300 000 ₸,81 461 737 ₸,2022 - н.в. G07 рестайлинг,Кроссовер,3 (бензин),,Автомат,Полный привод,Слева,,Да,all,81461737
BMW M5,2024,https://kolesa.kz/a/show/215196791?search_id=d7057e76ca9fb3b40b19e85844820e90d37ba97e&search_type=filter&advert_position=472,113 363 385₸,,,Астана,30 апреля,3239,FALSE,FALSE,TRUE,,,113 363 385 ₸,2024 - н.в. G90,Седан,4.4 (гибрид),,Автомат,Полный привод,Слева,,Да,all,113363385
Maserati GranCabrio Trofeo,2024,https://kolesa.kz/a/show/174285074?search_id=d7057e76ca9fb3b40b19e85844820e90d37ba97e&search_type=filter&advert_position=473,131 400 000₸,,,Шымкент,30 апреля,3434,TRUE,FALSE,FALSE,,,131 400 000 ₸,2024 - н.в. 2 поколение,Кабриолет,3 (бензин),,Автомат,Задний привод,Слева,белый металлик,Да,all,131400000
BMW X7,2022,https://kolesa.kz/a/show/218630268?search_id=d7057e76ca9fb3b40b19e85844820e90d37ba97e&search_type=filter&advert_position=474,77 000 000₸,,,Алматы,30 апреля,42,TRUE,FALSE,FALSE,,71 561 000 ₸,77 000 000 ₸,2022 - н.в. G07 рестайлинг,Кроссовер,3 (бензин),16 180 км,Автомат,Полный привод,Слева,,Да,all,77000000
Land Rover Range Rover Sport SV,2022,https://kolesa.kz/a/show/218515843?search_id=d7057e76ca9fb3b40b19e85844820e90d37ba97e&search_type=filter&advert_position=475,160 914 000₸,,,Усть-Каменогорск,30 апреля,90,TRUE,FALSE,FALSE,,,160 914 000 ₸,2022 - н.в. 3 поколение,Внедорожник,4.4 (бензин),21 км,Автомат,Полный привод,Слева,синий металлик,Да,all,160914000
Lexus LX 600,2021,https://kolesa.kz/a/show/202694421?search_id=d7057e76ca9fb3b40b19e85844820e90d37ba97e&search_type=filter&advert_position=476,70 000 000₸,,,Алматы,30 апреля,129,FALSE,FALSE,FALSE,,69 560 000 ₸,70 000 000 ₸,2021 - н.в. 4 поколение,Внедорожник,3.5 (бензин),56 000 км,Автомат,Полный привод,Слева,белый металлик,Да,all,70000000
Land Rover Defender S,2019,https://kolesa.kz/a/show/212919369?search_id=d7057e76ca9fb3b40b19e85844820e90d37ba97e&search_type=filter&advert_position=477,81 724 000₸,,,Алматы,30 апреля,1178,TRUE,FALSE,FALSE,,,81 724 000 ₸,2019 - н.в. 2 поколение (L663),Внедорожник,3 (бензин),20 км,Автомат,Полный привод,Слева,белый металлик,Да,all,81724000
Infiniti QX80,2024,https://kolesa.kz/a/show/209583120?search_id=d7057e76ca9fb3b40b19e85844820e90d37ba97e&search_type=filter&advert_position=478,76 990 000₸,,,Костанай,30 апреля,2610,FALSE,FALSE,TRUE,,,76 990 000 ₸,2024 - н.в. Z63,Внедорожник,3.5 (бензин),,Автомат,Полный привод,Слева,,Да,all,76990000
Infiniti QX80,2024,https://kolesa.kz/a/show/209579761?search_id=d7057e76ca9fb3b40b19e85844820e90d37ba97e&search_type=filter&advert_position=479,69 990 000₸,,,Тараз,30 апреля,2378,FALSE,FALSE,TRUE,,,69 990 000 ₸,2024 - н.в. Z63,Внедорожник,3.5 (бензин),,Автомат,Полный привод,Слева,,Да,all,69990000
Land Rover Range Rover HSE,2021,https://kolesa.kz/a/show/216316351?search_id=d7057e76ca9fb3b40b19e85844820e90d37ba97e&search_type=filter&advert_position=480,120 423 000₸,,,Павлодар,30 апреля,790,TRUE,FALSE,FALSE,,,120 423 000 ₸,2021 - н.в. 5 поколение,Внедорожник,3 (бензин),1 км,Автомат,Полный привод,Слева,черный металлик,Да,all,120423000
Land Rover Defender S,2019,https://kolesa.kz/a/show/212919369?search_id=7c900a6f8da01bfcf2ab21f099bab77b396f9dd6&search_type=filter&advert_position=481,81 724 000₸,,,Алматы,30 апреля,1179,TRUE,FALSE,FALSE,,,81 724 000 ₸,2019 - н.в. 2 поколение (L663),Внедорожник,3 (бензин),20 км,Автомат,Полный привод,Слева,белый металлик,Да,all,81724000
Infiniti QX80,2024,https://kolesa.kz/a/show/209583120?search_id=7c900a6f8da01bfcf2ab21f099bab77b396f9dd6&search_type=filter&advert_position=482,76 990 000₸,,,Костанай,30 апреля,2611,FALSE,FALSE,TRUE,,,76 990 000 ₸,2024 - н.в. Z63,Внедорожник,3.5 (бензин),,Автомат,Полный привод,Слева,,Да,all,76990000
Infiniti QX80,2024,https://kolesa.kz/a/show/209579761?search_id=7c900a6f8da01bfcf2ab21f099bab77b396f9dd6&search_type=filter&advert_position=483,69 990 000₸,,,Тараз,30 апреля,2379,FALSE,FALSE,TRUE,,,69 990 000 ₸,2024 - н.в. Z63,Внедорожник,3.5 (бензин),,Автомат,Полный привод,Слева,,Да,all,69990000
Land Rover Range Rover HSE,2021,https://kolesa.kz/a/show/216316351?search_id=7c900a6f8da01bfcf2ab21f099bab77b396f9dd6&search_type=filter&advert_position=484,120 423 000₸,,,Павлодар,30 апреля,791,TRUE,FALSE,FALSE,,,120 423 000 ₸,2021 - н.в. 5 поколение,Внедорожник,3 (бензин),1 км,Автомат,Полный привод,Слева,черный металлик,Да,all,120423000
BMW 740 XDrive 3.0,2022,https://kolesa.kz/a/show/217067038?search_id=7c900a6f8da01bfcf2ab21f099bab77b396f9dd6&search_type=filter&advert_position=485,69 000 000₸,,,Алматы,30 апреля,1574,TRUE,FALSE,FALSE,,,69 000 000 ₸,2022 - н.в. G70,Седан,3 (бензин),,Автомат,Полный привод,Слева,черный металлик,Да,all,69000000
Porsche 911 Carrera 4S,2024,https://kolesa.kz/a/show/214594698?search_id=7c900a6f8da01bfcf2ab21f099bab77b396f9dd6&search_type=filter&advert_position=486,144 000 000₸,,,Алматы,30 апреля,2816,FALSE,FALSE,TRUE,,,144 000 000 ₸,2024 - н.в. 992 рестайлинг (992),Купе,3 (бензин),,Робот,Полный привод,Слева,синий металлик,Да,all,144000000
Lexus LX 600 Luxury+,2021,https://kolesa.kz/a/show/202894717?search_id=7c900a6f8da01bfcf2ab21f099bab77b396f9dd6&search_type=filter&advert_position=487,93 590 000₸,,,Шымкент,30 апреля,5019,FALSE,FALSE,TRUE,,,93 590 000 ₸,2021 - н.в. 4 поколение,Внедорожник,3.5 (бензин),,Автомат,Полный привод,Слева,белый металлик,Да,all,93590000
Lexus LX 600 Luxury 7S,2021,https://kolesa.kz/a/show/210208003?search_id=7c900a6f8da01bfcf2ab21f099bab77b396f9dd6&search_type=filter&advert_position=488,88 190 000₸,,,Усть-Каменогорск,30 апреля,11228,FALSE,FALSE,TRUE,,86 302 000 ₸,88 190 000 ₸,2021 - н.в. 4 поколение,Внедорожник,3.5 (бензин),,Автомат,Полный привод,Слева,серебристый металлик,Да,all,88190000
Land Rover Range Rover Sport SV,2022,https://kolesa.kz/a/show/218515719?search_id=7c900a6f8da01bfcf2ab21f099bab77b396f9dd6&search_type=filter&advert_position=489,160 914 000₸,,,Шымкент,30 апреля,112,TRUE,FALSE,FALSE,,,160 914 000 ₸,2022 - н.в. 3 поколение,Внедорожник,4.4 (бензин),21 км,Автомат,Полный привод,Слева,синий металлик,Да,all,160914000
Ferrari Purosangue,2022,https://kolesa.kz/a/show/217803570?search_id=7c900a6f8da01bfcf2ab21f099bab77b396f9dd6&search_type=filter&advert_position=490,243 000 000₸,,,Алматы,30 апреля,1509,TRUE,FALSE,FALSE,,,243 000 000 ₸,2022 - н.в. 1 поколение,Внедорожник,6.5 (бензин),,Робот,Полный привод,Слева,,Нет,all,243000000
BMW X7,2022,https://kolesa.kz/a/show/217653991?search_id=7c900a6f8da01bfcf2ab21f099bab77b396f9dd6&search_type=filter&advert_position=491,82 000 000₸,584 021₸/мес,78%,Алматы,29 апреля,1302,FALSE,FALSE,FALSE,584 021₸,79 300 000 ₸,82 000 000 ₸,2022 - н.в. G07 рестайлинг,Кроссовер,3 (бензин),14 000 км,Автомат,Полный привод,Слева,серый,Да,all,82000000
Toyota Land Cruiser,2021,https://kolesa.kz/a/show/217044041?search_id=7c900a6f8da01bfcf2ab21f099bab77b396f9dd6&search_type=filter&advert_position=492,62 000 000₸,584 021₸/мес,71%,Астана,29 апреля,1504,FALSE,FALSE,FALSE,584 021₸,67 236 000 ₸,62 000 000 ₸,2021 - н.в. J300,Внедорожник,3.5 (бензин),9 500 км,Автомат,Полный привод,Слева,черный металлик,Да,all,62000000
Mercedes-Benz GLS 580,2019,https://kolesa.kz/a/show/214106626?search_id=7c900a6f8da01bfcf2ab21f099bab77b396f9dd6&search_type=filter&advert_position=493,80 000 000₸,,,Астана,29 апреля,525,FALSE,FALSE,FALSE,,79 000 000 ₸,80 000 000 ₸,2019 - н.в. X167,Внедорожник,4 (бензин),23 000 км,Автомат,Полный привод,Слева,черный металлик,Да,all,80000000
Mercedes-Benz G 63 AMG,2024,https://kolesa.kz/a/show/218654767?search_id=7c900a6f8da01bfcf2ab21f099bab77b396f9dd6&search_type=filter&advert_position=494,169 000 000₸,,,Алматы,29 апреля,123,FALSE,FALSE,FALSE,,177 311 000 ₸,169 000 000 ₸,2024 - н.в. W463 рестайлинг,Внедорожник,4 (бензин),5 500 км,Автомат,Полный привод,Слева,серый,Да,all,169000000
Mercedes-Benz G 63 AMG,2024,https://kolesa.kz/a/show/211869775?search_id=7c900a6f8da01bfcf2ab21f099bab77b396f9dd6&search_type=filter&advert_position=495,188 000 000₸,,,Алматы,29 апреля,2551,FALSE,FALSE,FALSE,,189 071 000 ₸,188 000 000 ₸,2024 - н.в. W465 рестайлинг,Внедорожник,4 (бензин),20 км,Автомат,Полный привод,Слева,черный металлик,Да,all,188000000
Lexus LX 570,2015,https://kolesa.kz/a/show/218636809?search_id=7c900a6f8da01bfcf2ab21f099bab77b396f9dd6&search_type=filter&advert_position=496,60 000 000₸,584 021₸/мес,70%,Алматы,29 апреля,138,FALSE,FALSE,FALSE,584 021₸,57 686 000 ₸,60 000 000 ₸,2015 - н.в. 3 поколение [2-й рестайлинг] (J2),Внедорожник,5.7 (бензин),70 000 км,Автомат,Полный привод,Слева,,Да,all,60000000
Lexus LX 700h,2021,https://kolesa.kz/a/show/217961035?search_id=7c900a6f8da01bfcf2ab21f099bab77b396f9dd6&search_type=filter&advert_position=497,115 000 000₸,,,Алматы,29 апреля,881,FALSE,FALSE,FALSE,,,115 000 000 ₸,2021 - н.в. 4 поколение,Внедорожник,3.4 (бензин),16 км,Автомат,Полный привод,Слева,,Да,all,115000000
Mercedes-Benz V 300 Exclusive,2014,https://kolesa.kz/a/show/129053979?search_id=7c900a6f8da01bfcf2ab21f099bab77b396f9dd6&search_type=filter&advert_position=498,72 000 000₸,,,Астана,29 апреля,3082,FALSE,FALSE,TRUE,,,72 000 000 ₸,2014 - н.в. W447,Минивэн,2 (дизель),,Автомат,Задний привод,Слева,черный металлик,Нет,all,72000000
BMW X5,2023,https://kolesa.kz/a/show/217075013?search_id=7c900a6f8da01bfcf2ab21f099bab77b396f9dd6&search_type=filter&advert_position=499,92 000 000₸,584 021₸/мес,80%,Шымкент,29 апреля,1517,FALSE,FALSE,FALSE,584 021₸,,92 000 000 ₸,2023 - н.в. G05 рестайлинг,Кроссовер,4.4 (бензин),,Автомат,Полный привод,Слева,черный,Да,all,92000000
Mercedes-Benz G 63 AMG,2018,https://kolesa.kz/a/show/216869381?search_id=7c900a6f8da01bfcf2ab21f099bab77b396f9dd6&search_type=filter&advert_position=500,150 000 000₸,,,Шымкент,29 апреля,1116,FALSE,FALSE,FALSE,,146 412 000 ₸,150 000 000 ₸,2018 - н.в. W463,Внедорожник,4 (бензин),15 000 км,Автомат,Полный привод,Слева,серый металлик,Да,all,150000000
Mercedes-Benz V 300 Exclusive,2014,https://kolesa.kz/a/show/129053979?search_id=f5aad1fbba2b05ba2e079e1aa3eab8d9ddff74e5&search_type=filter&advert_position=501,72 000 000₸,,,Астана,29 апреля,3083,FALSE,FALSE,TRUE,,,72 000 000 ₸,2014 - н.в. W447,Минивэн,2 (дизель),,Автомат,Задний привод,Слева,черный металлик,Нет,all,72000000
BMW X5,2023,https://kolesa.kz/a/show/217075013?search_id=f5aad1fbba2b05ba2e079e1aa3eab8d9ddff74e5&search_type=filter&advert_position=502,92 000 000₸,584 021₸/мес,80%,Шымкент,29 апреля,1518,FALSE,FALSE,FALSE,584 021₸,,92 000 000 ₸,2023 - н.в. G05 рестайлинг,Кроссовер,4.4 (бензин),,Автомат,Полный привод,Слева,черный,Да,all,92000000
Mercedes-Benz G 63 AMG,2018,https://kolesa.kz/a/show/216869381?search_id=f5aad1fbba2b05ba2e079e1aa3eab8d9ddff74e5&search_type=filter&advert_position=503,150 000 000₸,,,Шымкент,29 апреля,1117,FALSE,FALSE,FALSE,,146 412 000 ₸,150 000 000 ₸,2018 - н.в. W463,Внедорожник,4 (бензин),15 000 км,Автомат,Полный привод,Слева,серый металлик,Да,all,150000000
BMW X7,2022,https://kolesa.kz/a/show/218042426?search_id=f5aad1fbba2b05ba2e079e1aa3eab8d9ddff74e5&search_type=filter&advert_position=504,60 500 000₸,584 021₸/мес,70%,Алматы,29 апреля,163,FALSE,FALSE,FALSE,584 021₸,61 285 000 ₸,60 500 000 ₸,2022 - н.в. G07 рестайлинг,Кроссовер,3 (бензин),12 000 км,Автомат,Полный привод,Слева,,Да,all,60500000
Nissan Patrol Titanium+,2024,https://kolesa.kz/a/show/202141007?search_id=f5aad1fbba2b05ba2e079e1aa3eab8d9ddff74e5&search_type=filter&advert_position=505,64 990 000₸,,,Караганда,30 апреля,3247,FALSE,FALSE,TRUE,,,64 990 000 ₸,2024 - н.в. Y63,Внедорожник,3.5 (бензин),,Автомат,Полный привод,Слева,,Да,all,64990000
Mercedes-Benz GLS 450 4MATIC,2019,https://kolesa.kz/a/show/151564042?search_id=f5aad1fbba2b05ba2e079e1aa3eab8d9ddff74e5&search_type=filter&advert_position=506,94 700 000₸,,,Астана,29 апреля,4076,FALSE,FALSE,TRUE,,84 971 000 ₸,94 700 000 ₸,2019 - н.в. X167,Внедорожник,3 (бензин),,Автомат,Полный привод,Слева,серый,Да,all,94700000
Lexus GX 550 Luxury,2023,https://kolesa.kz/a/show/209576472?search_id=f5aad1fbba2b05ba2e079e1aa3eab8d9ddff74e5&search_type=filter&advert_position=507,68 590 000₸,,,Шымкент,29 апреля,5236,FALSE,FALSE,TRUE,,,68 590 000 ₸,2023 - н.в. 3 поколение (J250),Внедорожник,3.5 (бензин),,Автомат,Полный привод,Слева,серый металлик,Да,all,68590000
BMW M5,2024,https://kolesa.kz/a/show/207995515?search_id=f5aad1fbba2b05ba2e079e1aa3eab8d9ddff74e5&search_type=filter&advert_position=508,95 000 000₸,,,Алматы,29 апреля,3443,FALSE,FALSE,FALSE,,,95 000 000 ₸,2024 - н.в. G90,Седан,4.4 (гибрид),3 333 км,Автомат,Полный привод,Слева,черный,Да,all,95000000
Lexus LX 700h VIP,2021,https://kolesa.kz/a/show/209686133?search_id=f5aad1fbba2b05ba2e079e1aa3eab8d9ddff74e5&search_type=filter&advert_position=509,110 000 000₸,,,Алматы,29 апреля,2867,TRUE,FALSE,FALSE,,,110 000 000 ₸,2021 - н.в. 4 поколение,Внедорожник,3.4 (бензин),,Автомат,Полный привод,Слева,черный,Да,all,110000000
Mercedes-Benz S 580,2020,https://kolesa.kz/a/show/215206792?search_id=f5aad1fbba2b05ba2e079e1aa3eab8d9ddff74e5&search_type=filter&advert_position=510,60 000 000₸,,,Шымкент,29 апреля,372,FALSE,FALSE,FALSE,,67 731 000 ₸,60 000 000 ₸,2020 - н.в. W223,Седан,4 (бензин),100 000 км,Автомат,Полный привод,Слева,черный,Да,all,60000000
Lexus LX 600,2021,https://kolesa.kz/a/show/216890120?search_id=f5aad1fbba2b05ba2e079e1aa3eab8d9ddff74e5&search_type=filter&advert_position=511,79 000 000₸,,,Шымкент,29 апреля,1005,FALSE,FALSE,FALSE,,79 103 000 ₸,79 000 000 ₸,2021 - н.в. 4 поколение,Внедорожник,3.5 (бензин),27 000 км,Автомат,Полный привод,Слева,,Да,all,79000000
Land Rover Range Rover Sport Dynamic HSE,2022,https://kolesa.kz/a/show/217409255?search_id=f5aad1fbba2b05ba2e079e1aa3eab8d9ddff74e5&search_type=filter&advert_position=512,111 398 000₸,,,Алматы,29 апреля,491,TRUE,FALSE,FALSE,,,111 398 000 ₸,2022 - н.в. 3 поколение,Внедорожник,3 (бензин),20 км,Автомат,Полный привод,Слева,серый,Да,all,111398000
Infiniti QX80,2024,https://kolesa.kz/a/show/210923607?search_id=f5aad1fbba2b05ba2e079e1aa3eab8d9ddff74e5&search_type=filter&advert_position=513,69 990 000₸,,,Шымкент,29 апреля,2425,FALSE,FALSE,TRUE,,,69 990 000 ₸,2024 - н.в. Z63,Внедорожник,3.5 (бензин),,Автомат,Полный привод,Слева,,Да,all,69990000
Mercedes-Benz GLS 450 4MATIC,2019,https://kolesa.kz/a/show/215868098?search_id=f5aad1fbba2b05ba2e079e1aa3eab8d9ddff74e5&search_type=filter&advert_position=514,92 971 680₸,,,Алматы,29 апреля,1288,FALSE,FALSE,TRUE,,84 971 000 ₸,92 971 680 ₸,2019 - н.в. X167,Внедорожник,3 (бензин),8 км,Автомат,Полный привод,Слева,черный металлик,Да,all,92971680
Land Rover Range Rover Autobiography,2021,https://kolesa.kz/a/show/216356387?search_id=f5aad1fbba2b05ba2e079e1aa3eab8d9ddff74e5&search_type=filter&advert_position=515,138 977 000₸,,,Астана,30 апреля,1511,FALSE,FALSE,TRUE,,,138 977 000 ₸,2021 - н.в. 5 поколение,Внедорожник,4.4 (бензин),,Автомат,Полный привод,Слева,,Да,all,138977000
Porsche Macan RWD,2024,https://kolesa.kz/a/show/197394251?search_id=f5aad1fbba2b05ba2e079e1aa3eab8d9ddff74e5&search_type=filter&advert_position=516,64 389 780₸,,,Алматы,29 апреля,2203,FALSE,FALSE,TRUE,,,64 389 780 ₸,2024 - н.в. 2 поколение,Кроссовер,,,Автомат,Задний привод,Слева,черный металлик,Да,all,64389780
Mercedes-Benz S 450 4MATIC,2020,https://kolesa.kz/a/show/174179991?search_id=f5aad1fbba2b05ba2e079e1aa3eab8d9ddff74e5&search_type=filter&advert_position=517,120 000 000₸,,,Астана,30 апреля,6339,FALSE,FALSE,TRUE,,,120 000 000 ₸,2020 - н.в. W223,Седан,3 (бензин),,Автомат,Полный привод,Слева,синий металлик,Да,all,120000000
Mercedes-Benz G 63 AMG,2015,https://kolesa.kz/a/show/184040232?search_id=f5aad1fbba2b05ba2e079e1aa3eab8d9ddff74e5&search_type=filter&advert_position=518,60 000 000₸,,,Алматы,29 апреля,336,FALSE,FALSE,FALSE,,43 016 000 ₸,60 000 000 ₸,2015 - 2018 W463 [3-й рестайлинг],Внедорожник,5.5 (бензин),65 000 км,Автомат,Полный привод,Слева,жёлтый металлик,Да,all,60000000
Mercedes-Benz G 63 AMG,2018,https://kolesa.kz/a/show/217325388?search_id=f5aad1fbba2b05ba2e079e1aa3eab8d9ddff74e5&search_type=filter&advert_position=519,99 000 000₸,,,Алматы,29 апреля,29,FALSE,FALSE,FALSE,,104 010 000 ₸,99 000 000 ₸,2018 - н.в. W463,Внедорожник,4 (бензин),53 000 км,Автомат,Полный привод,Слева,черный металлик,Да,all,99000000
Mercedes-Benz G 63 AMG,2018,https://kolesa.kz/a/show/218606540?search_id=f5aad1fbba2b05ba2e079e1aa3eab8d9ddff74e5&search_type=filter&advert_position=520,91 500 000₸,,,Алматы,29 апреля,77,FALSE,FALSE,FALSE,,97 925 000 ₸,91 500 000 ₸,2018 - н.в. W463,Внедорожник,4 (бензин),83 000 км,Автомат,Полный привод,Слева,,Да,all,91500000
Mercedes-Benz G 63 AMG,2018,https://kolesa.kz/a/show/218606540?search_id=6b57cc5170df888163fb0bfd533bbc5ab0017ac8&search_type=filter&advert_position=521,91 500 000₸,,,Алматы,29 апреля,78,FALSE,FALSE,FALSE,,97 925 000 ₸,91 500 000 ₸,2018 - н.в. W463,Внедорожник,4 (бензин),83 000 км,Автомат,Полный привод,Слева,,Да,all,91500000
Infiniti QX80,2024,https://kolesa.kz/a/show/210925010?search_id=6b57cc5170df888163fb0bfd533bbc5ab0017ac8&search_type=filter&advert_position=522,88 990 000₸,,,Астана,30 апреля,3083,FALSE,FALSE,TRUE,,,88 990 000 ₸,2024 - н.в. Z63,Внедорожник,3.5 (бензин),,Автомат,Полный привод,Слева,,Да,all,88990000
BMW X6 XDrive 40i,2023,https://kolesa.kz/a/show/215664908?search_id=6b57cc5170df888163fb0bfd533bbc5ab0017ac8&search_type=filter&advert_position=523,74 127 000₸,,,Актау,29 апреля,575,FALSE,FALSE,TRUE,,71 041 000 ₸,74 127 000 ₸,2023 - н.в. G06 рестайлинг,Кроссовер,3 (бензин),13 км,Автомат,Полный привод,Слева,,Да,all,74127000
Mercedes-Benz GLE Coupe 450 AMG 4MATIC,2019,https://kolesa.kz/a/show/172747374?search_id=6b57cc5170df888163fb0bfd533bbc5ab0017ac8&search_type=filter&advert_position=524,76 000 000₸,,,Астана,30 апреля,1863,FALSE,FALSE,TRUE,,,76 000 000 ₸,2019 - н.в. C293,Кроссовер,3 (бензин),,Автомат,Полный привод,Слева,черный металлик,Да,all,76000000
Land Rover Defender X-Dynamic SE,2019,https://kolesa.kz/a/show/217208117?search_id=6b57cc5170df888163fb0bfd533bbc5ab0017ac8&search_type=filter&advert_position=525,81 056 000₸,,,Атырау,29 апреля,282,TRUE,FALSE,FALSE,,,81 056 000 ₸,2019 - н.в. 2 поколение (L663),Внедорожник,3 (бензин),20 км,Автомат,Полный привод,Слева,коричневый металлик,Да,all,81056000
Infiniti QX80,2024,https://kolesa.kz/a/show/213973928?search_id=6b57cc5170df888163fb0bfd533bbc5ab0017ac8&search_type=filter&advert_position=526,76 990 000₸,,,Павлодар,30 апреля,1430,FALSE,FALSE,TRUE,,,76 990 000 ₸,2024 - н.в. Z63,Внедорожник,3.5 (бензин),,Автомат,Полный привод,Слева,,Да,all,76990000
Mercedes-Benz GLE Coupe 450 AMG 4MATIC,2019,https://kolesa.kz/a/show/197188954?search_id=6b57cc5170df888163fb0bfd533bbc5ab0017ac8&search_type=filter&advert_position=527,73 000 000₸,,,Астана,30 апреля,2160,FALSE,FALSE,TRUE,,,73 000 000 ₸,2019 - н.в. C293,Кроссовер,3 (бензин),,Автомат,Полный привод,Слева,белый,Да,all,73000000
Lexus LX 600,2021,https://kolesa.kz/a/show/211275497?search_id=6b57cc5170df888163fb0bfd533bbc5ab0017ac8&search_type=filter&advert_position=528,73 000 000₸,,,Алматы,29 апреля,242,FALSE,FALSE,FALSE,,69 560 000 ₸,73 000 000 ₸,2021 - н.в. 4 поколение,Внедорожник,3.5 (бензин),38 000 км,Автомат,Полный привод,Слева,черный,Да,all,73000000
Lexus GX 550 Overtrail,2023,https://kolesa.kz/a/show/210159998?search_id=6b57cc5170df888163fb0bfd533bbc5ab0017ac8&search_type=filter&advert_position=529,66 190 000₸,,,Алматы,29 апреля,4673,FALSE,FALSE,TRUE,,59 305 000 ₸,66 190 000 ₸,2023 - н.в. 3 поколение (J250),Внедорожник,3.4 (бензин),,Автомат,Полный привод,Слева,белый металлик,Да,all,66190000
Nissan Patrol,2024,https://kolesa.kz/a/show/209579278?search_id=6b57cc5170df888163fb0bfd533bbc5ab0017ac8&search_type=filter&advert_position=530,64 990 000₸,,,Тараз,30 апреля,2591,FALSE,FALSE,TRUE,,,64 990 000 ₸,2024 - н.в. Y63,Внедорожник,3.5 (бензин),,Автомат,Полный привод,Слева,,Да,all,64990000
Land Rover Range Rover SE,2021,https://kolesa.kz/a/show/214600235?search_id=6b57cc5170df888163fb0bfd533bbc5ab0017ac8&search_type=filter&advert_position=531,113 102 000₸,,,Караганда,30 апреля,1778,TRUE,FALSE,FALSE,,,113 102 000 ₸,2021 - н.в. 5 поколение,Внедорожник,3 (бензин),,Автомат,Полный привод,Слева,,Да,all,113102000
Porsche Cayenne S,2023,https://kolesa.kz/a/show/216321726?search_id=6b57cc5170df888163fb0bfd533bbc5ab0017ac8&search_type=filter&advert_position=532,124 584 000₸,,,Алматы,29 апреля,605,FALSE,FALSE,TRUE,,,124 584 000 ₸,2023 - н.в. 3 поколение рестайлинг,Кроссовер,4 (бензин),,Автомат,Полный привод,Слева,серый,Да,all,124584000
BMW M5,2024,https://kolesa.kz/a/show/217974346?search_id=6b57cc5170df888163fb0bfd533bbc5ab0017ac8&search_type=filter&advert_position=533,113 023 283₸,,,Алматы,29 апреля,956,FALSE,FALSE,TRUE,,,113 023 283 ₸,2024 - н.в. G90,Седан,4.4 (гибрид),23 км,Автомат,Полный привод,Слева,красный металлик,Да,all,113023283
Mercedes-Benz G 63 AMG,2018,https://kolesa.kz/a/show/217015856?search_id=6b57cc5170df888163fb0bfd533bbc5ab0017ac8&search_type=filter&advert_position=534,109 000 000₸,,,Алматы,29 апреля,340,FALSE,FALSE,FALSE,,97 925 000 ₸,109 000 000 ₸,2018 - н.в. W463,Внедорожник,4 (бензин),18 000 км,Автомат,Полный привод,Слева,черный,Да,all,109000000
Land Rover Range Rover Autobiography,2021,https://kolesa.kz/a/show/217205817?search_id=6b57cc5170df888163fb0bfd533bbc5ab0017ac8&search_type=filter&advert_position=535,137 094 000₸,,,Шымкент,30 апреля,509,TRUE,FALSE,FALSE,,,137 094 000 ₸,2021 - н.в. 5 поколение,Внедорожник,4.4 (бензин),20 км,Автомат,Полный привод,Слева,черный металлик,Да,all,137094000
Mercedes-Maybach GLS 600 4MATIC,2019,https://kolesa.kz/a/show/181638985?search_id=6b57cc5170df888163fb0bfd533bbc5ab0017ac8&search_type=filter&advert_position=536,165 000 000₸,,,Астана,29 апреля,4804,TRUE,FALSE,FALSE,,,165 000 000 ₸,2019 - н.в. 1 поколение,Внедорожник,4 (гибрид),,Автомат,Полный привод,Слева,черный металлик,Да,all,165000000
Toyota Land Cruiser Premium,2021,https://kolesa.kz/a/show/211803096?search_id=6b57cc5170df888163fb0bfd533bbc5ab0017ac8&search_type=filter&advert_position=537,75 890 000₸,,,Алматы,29 апреля,8466,FALSE,FALSE,TRUE,,,75 890 000 ₸,2021 - н.в. J300,Внедорожник,3.5 (бензин),,Автомат,Полный привод,Слева,,Да,all,75890000
Lexus LX 600,2021,https://kolesa.kz/a/show/218069019?search_id=6b57cc5170df888163fb0bfd533bbc5ab0017ac8&search_type=filter&advert_position=538,76 000 000₸,,,Тараз,29 апреля,322,FALSE,FALSE,FALSE,,79 103 000 ₸,76 000 000 ₸,2021 - н.в. 4 поколение,Внедорожник,3.5 (бензин),47 000 км,Автомат,Полный привод,Слева,черный металлик,Да,all,76000000
Mercedes-Benz G 63 AMG,2018,https://kolesa.kz/a/show/218092172?search_id=6b57cc5170df888163fb0bfd533bbc5ab0017ac8&search_type=filter&advert_position=539,99 000 000₸,,,Алматы,29 апреля,464,TRUE,FALSE,FALSE,,,99 000 000 ₸,2018 - н.в. W463,Внедорожник,4 (бензин),,Автомат,Полный привод,Слева,,Нет,all,99000000
Nissan Patrol,2024,https://kolesa.kz/a/show/209036689?search_id=6b57cc5170df888163fb0bfd533bbc5ab0017ac8&search_type=filter&advert_position=540,64 990 000₸,,,Алматы,30 апреля,3818,FALSE,FALSE,TRUE,,,64 990 000 ₸,2024 - н.в. Y63,Внедорожник,3.5 (бензин),,Автомат,Полный привод,Слева,,Да,all,64990000
BMW X6 XDrive 40i,2023,https://kolesa.kz/a/show/215664903?search_id=589f6a153a151c2532625658bdfb41c705c434d8&search_type=filter&advert_position=541,74 127 000₸,,,Актобе,29 апреля,293,FALSE,FALSE,TRUE,,71 041 000 ₸,74 127 000 ₸,2023 - н.в. G06 рестайлинг,Кроссовер,3 (бензин),13 км,Автомат,Полный привод,Слева,,Да,all,74127000
Mercedes-Benz GLS 580 4MATIC,2019,https://kolesa.kz/a/show/199277837?search_id=589f6a153a151c2532625658bdfb41c705c434d8&search_type=filter&advert_position=542,165 000 000₸,,,Астана,29 апреля,8067,FALSE,FALSE,TRUE,,,165 000 000 ₸,2019 - н.в. X167,Внедорожник,4 (бензин),,Автомат,Полный привод,Слева,черный металлик,Да,all,165000000
Land Rover Defender,2019,https://kolesa.kz/a/show/213183641?search_id=589f6a153a151c2532625658bdfb41c705c434d8&search_type=filter&advert_position=543,75 500 000₸,,,Астана,30 апреля,91,FALSE,FALSE,FALSE,,,75 500 000 ₸,2019 - н.в. 2 поколение (L663),Внедорожник,3 (бензин),,Автомат,Полный привод,Слева,зеленый металлик,Да,all,75500000
Lexus LX 600,2021,https://kolesa.kz/a/show/211170829?search_id=589f6a153a151c2532625658bdfb41c705c434d8&search_type=filter&advert_position=544,77 000 000₸,,,Астана,29 апреля,223,FALSE,FALSE,FALSE,,79 103 000 ₸,77 000 000 ₸,2021 - н.в. 4 поколение,Внедорожник,3.5 (бензин),45 000 км,Автомат,Полный привод,Слева,серый металлик,Да,all,77000000
BMW M5,2024,https://kolesa.kz/a/show/213512581?search_id=589f6a153a151c2532625658bdfb41c705c434d8&search_type=filter&advert_position=545,93 000 000₸,,,Усть-Каменогорск,29 апреля,1634,FALSE,FALSE,FALSE,,101 992 000 ₸,93 000 000 ₸,2024 - н.в. G90,Седан,4.4 (гибрид),12 000 км,Автомат,Полный привод,Слева,,Да,all,93000000
Mercedes-Benz AMG GT,2017,https://kolesa.kz/a/show/208376782?search_id=589f6a153a151c2532625658bdfb41c705c434d8&search_type=filter&advert_position=546,63 500 000₸,,,Астана,29 апреля,752,FALSE,FALSE,FALSE,,63 063 000 ₸,63 500 000 ₸,2017 - 2024 1 поколение рестайлинг,Лифтбек,4 (бензин),50 000 км,Робот,Полный привод,Слева,черный,Да,all,63500000
Toyota Sequoia,2022,https://kolesa.kz/a/show/218221643?search_id=589f6a153a151c2532625658bdfb41c705c434d8&search_type=filter&advert_position=547,63 000 000₸,,,Астана,30 апреля,162,FALSE,FALSE,FALSE,,,63 000 000 ₸,2022 - н.в. 3 поколение,Внедорожник,3.5 (гибрид),18 000 км,Автомат,Полный привод,Слева,,Да,all,63000000
Land Rover Range Rover Sport Dynamic SE,2022,https://kolesa.kz/a/show/216140127?search_id=589f6a153a151c2532625658bdfb41c705c434d8&search_type=filter&advert_position=548,100 789 000₸,,,Астана,30 апреля,1325,FALSE,FALSE,TRUE,,,100 789 000 ₸,2022 - н.в. 3 поколение,Внедорожник,3 (бензин),1 км,Автомат,Полный привод,Слева,черный металлик,Да,all,100789000
BMW M3,2007,https://kolesa.kz/a/show/204740606?search_id=589f6a153a151c2532625658bdfb41c705c434d8&search_type=filter&advert_position=549,60 000 000₸,,,Астана,29 апреля,605,FALSE,FALSE,FALSE,,,60 000 000 ₸,2007 - 2013 E90,Купе,4 (бензин),55 000 км,Робот,Задний привод,Слева,белый,Да,all,60000000
Nissan Patrol,2024,https://kolesa.kz/a/show/209577531?search_id=589f6a153a151c2532625658bdfb41c705c434d8&search_type=filter&advert_position=550,64 990 000₸,,,Атырау,30 апреля,3037,FALSE,FALSE,TRUE,,,64 990 000 ₸,2024 - н.в. Y63,Внедорожник,3.5 (бензин),,Автомат,Полный привод,Слева,,Да,all,64990000
Mercedes-Maybach S 580 4MATIC,2021,https://kolesa.kz/a/show/212275140?search_id=589f6a153a151c2532625658bdfb41c705c434d8&search_type=filter&advert_position=551,155 801 340₸,,,Алматы,29 апреля,5991,TRUE,FALSE,FALSE,,,155 801 340 ₸,2021 - н.в. Z223,Седан,4 (бензин),7 км,Автомат,Полный привод,Слева,черный металлик,Да,all,155801340
Mercedes-Benz S 580 4MATIC,2020,https://kolesa.kz/a/show/199896083?search_id=589f6a153a151c2532625658bdfb41c705c434d8&search_type=filter&advert_position=552,97 404 000₸,,,Алматы,29 апреля,4580,FALSE,FALSE,TRUE,,,97 404 000 ₸,2020 - н.в. W223,Седан,4 (бензин),,Автомат,Полный привод,Слева,черный металлик,Да,all,97404000
BMW X5,2023,https://kolesa.kz/a/show/217986542?search_id=589f6a153a151c2532625658bdfb41c705c434d8&search_type=filter&advert_position=553,60 000 000₸,584 021₸/мес,70%,Алматы,29 апреля,448,FALSE,FALSE,FALSE,584 021₸,59 457 000 ₸,60 000 000 ₸,2023 - н.в. G05 рестайлинг,Кроссовер,3 (бензин),25 000 км,Автомат,Полный привод,Слева,черный,Да,all,60000000
Land Rover Range Rover SE,2021,https://kolesa.kz/a/show/214080102?search_id=589f6a153a151c2532625658bdfb41c705c434d8&search_type=filter&advert_position=554,114 554 000₸,,,Алматы,30 апреля,486,TRUE,FALSE,FALSE,,,114 554 000 ₸,2021 - н.в. 5 поколение,Внедорожник,3 (бензин),20 км,Автомат,Полный привод,Слева,белый металлик,Да,all,114554000
Lexus LX 600 F Sport,2021,https://kolesa.kz/a/show/215867811?search_id=589f6a153a151c2532625658bdfb41c705c434d8&search_type=filter&advert_position=555,95 100 000₸,,,Алматы,30 апреля,2630,TRUE,FALSE,FALSE,,,95 100 000 ₸,2021 - н.в. 4 поколение,Внедорожник,3.5 (бензин),,Автомат,Полный привод,Слева,серый,Нет,all,95100000
Mercedes-Benz G 63 AMG 4MATIC,2024,https://kolesa.kz/a/show/181297418?search_id=589f6a153a151c2532625658bdfb41c705c434d8&search_type=filter&advert_position=556,205 000 000₸,,,Астана,29 апреля,12270,FALSE,FALSE,TRUE,,,205 000 000 ₸,2024 - н.в. W465 рестайлинг,Внедорожник,4 (бензин),15 км,Автомат,Полный привод,Слева,зеленый металлик,Да,all,205000000
Toyota Land Cruiser Premium+,2021,https://kolesa.kz/a/show/208674670?fromUserSearch=1&search_id=589f6a153a151c2532625658bdfb41c705c434d8&search_type=filter&advert_position=557,76 690 000₸,,,Астана,29 апреля,4120,FALSE,FALSE,TRUE,,67 236 000 ₸,76 690 000 ₸,2021 - н.в. J300,Внедорожник,3.5 (бензин),,Автомат,Полный привод,Слева,,Да,all,76690000
BMW X5 XDrive 40i,2023,https://kolesa.kz/a/show/217098401?search_id=589f6a153a151c2532625658bdfb41c705c434d8&search_type=filter&advert_position=558,67 000 000₸,,,Алматы,30 апреля,299,TRUE,FALSE,FALSE,,59 457 000 ₸,67 000 000 ₸,2023 - н.в. G05 рестайлинг,Кроссовер,3 (бензин),9 862 км,Автомат,Полный привод,Слева,серый,Да,all,67000000
Porsche Cayenne,2017,https://kolesa.kz/a/show/210282240?search_id=589f6a153a151c2532625658bdfb41c705c434d8&search_type=filter&advert_position=559,90 000 000₸,,,Астана,29 апреля,1191,FALSE,FALSE,FALSE,,,90 000 000 ₸,2017 - н.в. 3 поколение (9YA),Кроссовер,4 (бензин),9 800 км,Автомат,Полный привод,Слева,,Да,all,90000000
Porsche Cayenne Coupe,2023,https://kolesa.kz/a/show/198825659?search_id=589f6a153a151c2532625658bdfb41c705c434d8&search_type=filter&advert_position=560,90 000 000₸,,,Астана,29 апреля,678,FALSE,FALSE,FALSE,,,90 000 000 ₸,2023 - н.в. 3 поколение рестайлинг (9YB),Кроссовер,4 (бензин),9 500 км,Автомат,Полный привод,Слева,белый,Да,all,90000000
Porsche Cayenne,2017,https://kolesa.kz/a/show/210282240?search_id=4ceedfb74f57eba728467ff41d2bf8a2ab9beb51&search_type=filter&advert_position=561,90 000 000₸,,,Астана,29 апреля,1192,FALSE,FALSE,FALSE,,,90 000 000 ₸,2017 - н.в. 3 поколение (9YA),Кроссовер,4 (бензин),9 800 км,Автомат,Полный привод,Слева,,Да,all,90000000
Porsche Cayenne Coupe,2023,https://kolesa.kz/a/show/198825659?search_id=4ceedfb74f57eba728467ff41d2bf8a2ab9beb51&search_type=filter&advert_position=562,90 000 000₸,,,Астана,29 апреля,679,FALSE,FALSE,FALSE,,,90 000 000 ₸,2023 - н.в. 3 поколение рестайлинг (9YB),Кроссовер,4 (бензин),9 500 км,Автомат,Полный привод,Слева,белый,Да,all,90000000
BMW X5 XDrive 40i,2023,https://kolesa.kz/a/show/215664942?search_id=4ceedfb74f57eba728467ff41d2bf8a2ab9beb51&search_type=filter&advert_position=563,72 248 000₸,,,Актобе,29 апреля,286,FALSE,FALSE,TRUE,,65 066 000 ₸,72 248 000 ₸,2023 - н.в. G05 рестайлинг,Кроссовер,3 (бензин),10 км,Автомат,Полный привод,Слева,,Да,all,72248000
Land Rover Range Rover SE,2021,https://kolesa.kz/a/show/214600207?search_id=4ceedfb74f57eba728467ff41d2bf8a2ab9beb51&search_type=filter&advert_position=564,113 102 000₸,,,Актобе,30 апреля,1751,TRUE,FALSE,FALSE,,,113 102 000 ₸,2021 - н.в. 5 поколение,Внедорожник,3 (бензин),,Автомат,Полный привод,Слева,,Да,all,113102000
Mercedes-Benz G 63 AMG 4MATIC,2018,https://kolesa.kz/a/show/214423850?search_id=4ceedfb74f57eba728467ff41d2bf8a2ab9beb51&search_type=filter&advert_position=565,93 000 000₸,,,Алматы,29 апреля,5171,TRUE,FALSE,FALSE,,,93 000 000 ₸,2018 - н.в. W463,Внедорожник,4 (бензин),,Автомат,Полный привод,Слева,черный,Нет,all,93000000
BMW M5,2024,https://kolesa.kz/a/show/212759989?search_id=4ceedfb74f57eba728467ff41d2bf8a2ab9beb51&search_type=filter&advert_position=566,77 000 000₸,,,Алматы,29 апреля,9750,TRUE,FALSE,FALSE,,,77 000 000 ₸,2024 - н.в. G90,Седан,4.4 (гибрид),,Автомат,Полный привод,Слева,,Нет,all,77000000
Mercedes-Benz G 63 AMG 4MATIC,2024,https://kolesa.kz/a/show/195862161?search_id=4ceedfb74f57eba728467ff41d2bf8a2ab9beb51&search_type=filter&advert_position=567,160 000 000₸,,,Астана,29 апреля,10011,TRUE,FALSE,FALSE,,,160 000 000 ₸,2024 - н.в. W465 рестайлинг,Внедорожник,4 (бензин),17 км,Автомат,Полный привод,Слева,,Нет,all,160000000
Mercedes-Benz V 300 Exclusive,2014,https://kolesa.kz/a/show/129055894?search_id=4ceedfb74f57eba728467ff41d2bf8a2ab9beb51&search_type=filter&advert_position=568,77 500 000₸,,,Астана,29 апреля,2812,FALSE,FALSE,TRUE,,,77 500 000 ₸,2014 - н.в. W447,Минивэн,2 (дизель),,Автомат,Полный привод,Слева,черный металлик,Да,all,77500000
BMW X7,2022,https://kolesa.kz/a/show/215331575?search_id=4ceedfb74f57eba728467ff41d2bf8a2ab9beb51&search_type=filter&advert_position=569,62 000 000₸,584 021₸/мес,71%,Алматы,29 апреля,938,FALSE,FALSE,FALSE,584 021₸,61 285 000 ₸,62 000 000 ₸,2022 - н.в. G07 рестайлинг,Кроссовер,3 (бензин),,Автомат,Полный привод,Слева,серый металлик,Да,all,62000000
Audi Q8 55 TFSI Quattro,2018,https://kolesa.kz/a/show/181626685?search_id=4ceedfb74f57eba728467ff41d2bf8a2ab9beb51&search_type=filter&advert_position=570,70 810 000₸,,,Алматы,29 апреля,2319,FALSE,FALSE,TRUE,,,70 810 000 ₸,2018 - н.в. 1 поколение (4MN),Кроссовер,3 (бензин),25 км,Автомат,Полный привод,Слева,синий,Да,all,70810000
Toyota Land Cruiser Premium+,2021,https://kolesa.kz/a/show/204016129?search_id=4ceedfb74f57eba728467ff41d2bf8a2ab9beb51&search_type=filter&advert_position=571,75 890 000₸,,,Шымкент,29 апреля,4016,FALSE,FALSE,TRUE,,67 236 000 ₸,75 890 000 ₸,2021 - н.в. J300,Внедорожник,3.5 (бензин),,Автомат,Полный привод,Слева,черный металлик,Да,all,75890000
Lexus LX 600 Luxury+,2021,https://kolesa.kz/a/show/202306521?search_id=4ceedfb74f57eba728467ff41d2bf8a2ab9beb51&search_type=filter&advert_position=572,90 890 000₸,,,Алматы,29 апреля,11127,FALSE,FALSE,TRUE,,86 302 000 ₸,90 890 000 ₸,2021 - н.в. 4 поколение,Внедорожник,3.5 (бензин),,Автомат,Полный привод,Слева,черный металлик,Да,all,90890000
Lexus LX 600,2021,https://kolesa.kz/a/show/217725982?search_id=4ceedfb74f57eba728467ff41d2bf8a2ab9beb51&search_type=filter&advert_position=573,79 300 000₸,,,Алматы,29 апреля,231,FALSE,FALSE,FALSE,,79 103 000 ₸,79 300 000 ₸,2021 - н.в. 4 поколение,Внедорожник,3.5 (бензин),20 000 км,Автомат,Полный привод,Слева,,Да,all,79300000
Mercedes-Benz G 63 AMG 4MATIC,2018,https://kolesa.kz/a/show/199957275?search_id=4ceedfb74f57eba728467ff41d2bf8a2ab9beb51&search_type=filter&advert_position=574,166 047 000₸,,,Алматы,29 апреля,11492,FALSE,FALSE,TRUE,,193 829 000 ₸,166 047 000 ₸,2018 - н.в. W463,Внедорожник,4 (бензин),,Автомат,Полный привод,Слева,черный металлик,Да,all,166047000
Porsche 911 GT3 Touring Package,2018,https://kolesa.kz/a/show/197393290?search_id=4ceedfb74f57eba728467ff41d2bf8a2ab9beb51&search_type=filter&advert_position=575,198 970 000₸,,,Алматы,30 апреля,10624,FALSE,FALSE,TRUE,,,198 970 000 ₸,2018 - н.в. 992,Купе,4 (бензин),,Робот,Задний привод,Слева,серый,Да,all,198970000
Mercedes-Benz GLE 450 4MATIC,2019,https://kolesa.kz/a/show/197189159?search_id=4ceedfb74f57eba728467ff41d2bf8a2ab9beb51&search_type=filter&advert_position=576,76 000 000₸,,,Астана,29 апреля,970,FALSE,FALSE,TRUE,,,76 000 000 ₸,2019 - н.в. V167,Кроссовер,3 (бензин),,Автомат,Полный привод,Слева,белый,Да,all,76000000
BMW X5,2023,https://kolesa.kz/a/show/214507561?search_id=4ceedfb74f57eba728467ff41d2bf8a2ab9beb51&search_type=filter&advert_position=577,61 500 000₸,584 021₸/мес,71%,Астана,30 апреля,776,FALSE,FALSE,FALSE,584 021₸,59 457 000 ₸,61 500 000 ₸,2023 - н.в. G05 рестайлинг,Кроссовер,3 (бензин),14 000 км,Автомат,Полный привод,Слева,,Да,all,61500000
Lexus LX 600 Luxury+,2021,https://kolesa.kz/a/show/200213605?search_id=4ceedfb74f57eba728467ff41d2bf8a2ab9beb51&search_type=filter&advert_position=578,93 590 000₸,,,Тараз,29 апреля,4279,FALSE,FALSE,TRUE,,,93 590 000 ₸,2021 - н.в. 4 поколение,Внедорожник,3.5 (бензин),,Автомат,Полный привод,Слева,белый металлик,Да,all,93590000
Toyota Land Cruiser Luxe,2021,https://kolesa.kz/a/show/197346003?fromUserSearch=1&search_id=4ceedfb74f57eba728467ff41d2bf8a2ab9beb51&search_type=filter&advert_position=579,68 590 000₸,,,Астана,29 апреля,3275,FALSE,FALSE,TRUE,,67 236 000 ₸,68 590 000 ₸,2021 - н.в. J300,Внедорожник,3.5 (бензин),,Автомат,Полный привод,Слева,,Да,all,68590000
Mercedes-Benz G 63 AMG 4MATIC,2018,https://kolesa.kz/a/show/218081394?search_id=4ceedfb74f57eba728467ff41d2bf8a2ab9beb51&search_type=filter&advert_position=580,122 000 000₸,,,Караганда,29 апреля,322,TRUE,FALSE,FALSE,,129 095 000 ₸,122 000 000 ₸,2018 - н.в. W463,Внедорожник,4 (бензин),25 000 км,Автомат,Полный привод,Слева,,Да,all,122000000
Lexus LX 600 Luxury+,2021,https://kolesa.kz/a/show/200213605?search_id=6d4eb8cfd1f2acfeadbc00218d72ee2dc1017c97&search_type=filter&advert_position=581,93 590 000₸,,,Тараз,29 апреля,4280,FALSE,FALSE,TRUE,,,93 590 000 ₸,2021 - н.в. 4 поколение,Внедорожник,3.5 (бензин),,Автомат,Полный привод,Слева,белый металлик,Да,all,93590000
Toyota Land Cruiser Luxe,2021,https://kolesa.kz/a/show/197346003?fromUserSearch=1&search_id=6d4eb8cfd1f2acfeadbc00218d72ee2dc1017c97&search_type=filter&advert_position=582,68 590 000₸,,,Астана,29 апреля,3276,FALSE,FALSE,TRUE,,67 236 000 ₸,68 590 000 ₸,2021 - н.в. J300,Внедорожник,3.5 (бензин),,Автомат,Полный привод,Слева,,Да,all,68590000
Mercedes-Benz G 63 AMG 4MATIC,2018,https://kolesa.kz/a/show/218081394?search_id=6d4eb8cfd1f2acfeadbc00218d72ee2dc1017c97&search_type=filter&advert_position=583,122 000 000₸,,,Караганда,29 апреля,323,TRUE,FALSE,FALSE,,129 095 000 ₸,122 000 000 ₸,2018 - н.в. W463,Внедорожник,4 (бензин),25 000 км,Автомат,Полный привод,Слева,,Да,all,122000000
Land Rover Range Rover Autobiography,2021,https://kolesa.kz/a/show/216356550?search_id=6d4eb8cfd1f2acfeadbc00218d72ee2dc1017c97&search_type=filter&advert_position=584,138 977 000₸,,,Семей,30 апреля,995,TRUE,FALSE,FALSE,,,138 977 000 ₸,2021 - н.в. 5 поколение,Внедорожник,4.4 (бензин),,Автомат,Полный привод,Слева,,Да,all,138977000
Mercedes-Benz S 580 4MATIC,2020,https://kolesa.kz/a/show/213957944?search_id=6d4eb8cfd1f2acfeadbc00218d72ee2dc1017c97&search_type=filter&advert_position=585,110 320 000₸,,,Алматы,29 апреля,3524,FALSE,FALSE,TRUE,,,110 320 000 ₸,2020 - н.в. W223,Седан,4 (бензин),,Автомат,Полный привод,Слева,черный металлик,Да,all,110320000
Porsche Taycan Turbo,2019,https://kolesa.kz/a/show/209397198?search_id=6d4eb8cfd1f2acfeadbc00218d72ee2dc1017c97&search_type=filter&advert_position=586,101 400 000₸,,,Алматы,29 апреля,1022,FALSE,FALSE,TRUE,,,101 400 000 ₸,2019 - н.в. 1 поколение (Y1A),Седан,,,Автомат,Полный привод,Слева,серый,Да,all,101400000
Land Rover Range Rover Sport Dynamic SE,2022,https://kolesa.kz/a/show/216071126?search_id=6d4eb8cfd1f2acfeadbc00218d72ee2dc1017c97&search_type=filter&advert_position=587,104 391 000₸,,,Алматы,30 апреля,1107,TRUE,FALSE,FALSE,,,104 391 000 ₸,2022 - н.в. 3 поколение,Внедорожник,3 (бензин),20 км,Автомат,Полный привод,Слева,черный металлик,Да,all,104391000
BMW X7 XDrive 40i,2022,https://kolesa.kz/a/show/216435376?search_id=6d4eb8cfd1f2acfeadbc00218d72ee2dc1017c97&search_type=filter&advert_position=588,86 187 409₸,,,Алматы,30 апреля,551,FALSE,FALSE,TRUE,,79 300 000 ₸,86 187 409 ₸,2022 - н.в. G07 рестайлинг,Кроссовер,3 (бензин),,Автомат,Полный привод,Слева,синий металлик,Да,all,86187409
Audi A8,2021,https://kolesa.kz/a/show/212769434?search_id=6d4eb8cfd1f2acfeadbc00218d72ee2dc1017c97&search_type=filter&advert_position=589,110 000 000₸,,,Алматы,29 апреля,10767,FALSE,FALSE,TRUE,,,110 000 000 ₸,2021 - н.в. 4 поколение рестайлинг (D5),Седан,3 (гибрид),,Автомат,Полный привод,Слева,черный,Да,all,110000000
Mercedes-Benz SL 63 AMG,2016,https://kolesa.kz/a/show/217617968?search_id=6d4eb8cfd1f2acfeadbc00218d72ee2dc1017c97&search_type=filter&advert_position=590,70 000 000₸,,,Алматы,30 апреля,1012,TRUE,FALSE,FALSE,,,70 000 000 ₸,2016 - н.в. R231 рестайлинг,Родстер,5.5 (бензин),,Автомат,Задний привод,Слева,,Да,all,70000000
Mercedes-Benz GLS 63 AMG 4MATIC,2019,https://kolesa.kz/a/show/207045415?search_id=6d4eb8cfd1f2acfeadbc00218d72ee2dc1017c97&search_type=filter&advert_position=591,137 252 360₸,,,Алматы,29 апреля,8443,FALSE,FALSE,TRUE,,,137 252 360 ₸,2019 - н.в. X167,Внедорожник,4 (бензин),7 км,Автомат,Полный привод,Слева,черный металлик,Да,all,137252360
Rolls-Royce Cullinan,2018,https://kolesa.kz/a/show/217589200?search_id=6d4eb8cfd1f2acfeadbc00218d72ee2dc1017c97&search_type=filter&advert_position=592,230 000 000₸,,,Алматы,30 апреля,1242,TRUE,FALSE,FALSE,,,230 000 000 ₸,2018 - н.в. 1 поколение (RR31),Кроссовер,6.7 (бензин),500 км,Автомат,Полный привод,Слева,,Да,all,230000000
Porsche Cayenne Coupe V6,2023,https://kolesa.kz/a/show/204422349?search_id=6d4eb8cfd1f2acfeadbc00218d72ee2dc1017c97&search_type=filter&advert_position=593,98 400 000₸,,,Алматы,30 апреля,630,FALSE,FALSE,TRUE,,,98 400 000 ₸,2023 - н.в. 3 поколение рестайлинг (9YB),Кроссовер,3 (бензин),,Автомат,Полный привод,Слева,черный,Да,all,98400000
Audi Q7 55 TFSI,2015,https://kolesa.kz/a/show/179502447?search_id=6d4eb8cfd1f2acfeadbc00218d72ee2dc1017c97&search_type=filter&advert_position=594,61 450 000₸,,,Алматы,29 апреля,4027,FALSE,FALSE,TRUE,,,61 450 000 ₸,2015 - н.в. 2 поколение (4M),Кроссовер,3 (бензин),,Автомат,Полный привод,Слева,серый,Да,all,61450000
Lexus LX 600 Luxury+,2021,https://kolesa.kz/a/show/202894713?search_id=6d4eb8cfd1f2acfeadbc00218d72ee2dc1017c97&search_type=filter&advert_position=595,93 590 000₸,,,Кызылорда,29 апреля,4126,FALSE,FALSE,TRUE,,,93 590 000 ₸,2021 - н.в. 4 поколение,Внедорожник,3.5 (бензин),,Автомат,Полный привод,Слева,белый металлик,Да,all,93590000
Toyota Land Cruiser GR Sport,2021,https://kolesa.kz/a/show/209122206?search_id=6d4eb8cfd1f2acfeadbc00218d72ee2dc1017c97&search_type=filter&advert_position=596,68 770 500₸,,,Алматы,29 апреля,4764,FALSE,FALSE,TRUE,,67 236 000 ₸,68 770 500 ₸,2021 - н.в. J300,Внедорожник,3.5 (бензин),,Автомат,Полный привод,Слева,белый металлик,Да,all,68770500
Toyota Land Cruiser Premium+,2021,https://kolesa.kz/a/show/217203450?search_id=6d4eb8cfd1f2acfeadbc00218d72ee2dc1017c97&search_type=filter&advert_position=597,72 855 500₸,,,Алматы,29 апреля,711,FALSE,FALSE,TRUE,,67 236 000 ₸,72 855 500 ₸,2021 - н.в. J300,Внедорожник,3.5 (бензин),,Автомат,Полный привод,Слева,,Да,all,72855500
Infiniti QX80,2024,https://kolesa.kz/a/show/213977921?search_id=6d4eb8cfd1f2acfeadbc00218d72ee2dc1017c97&search_type=filter&advert_position=598,76 990 000₸,,,Усть-Каменогорск,29 апреля,2039,FALSE,FALSE,TRUE,,,76 990 000 ₸,2024 - н.в. Z63,Внедорожник,3.5 (бензин),,Автомат,Полный привод,Слева,,Да,all,76990000
BMW X7 XDrive 40i,2022,https://kolesa.kz/a/show/213277474?search_id=6d4eb8cfd1f2acfeadbc00218d72ee2dc1017c97&search_type=filter&advert_position=599,65 000 000₸,,,Астана,30 апреля,6461,TRUE,FALSE,FALSE,,,65 000 000 ₸,2022 - н.в. G07 рестайлинг,Кроссовер,3 (бензин),,Автомат,Полный привод,Слева,,Нет,all,65000000
Mercedes-Maybach S 580 4MATIC,2021,https://kolesa.kz/a/show/156956476?search_id=6d4eb8cfd1f2acfeadbc00218d72ee2dc1017c97&search_type=filter&advert_position=600,155 000 000₸,,,Астана,29 апреля,4652,TRUE,FALSE,FALSE,,,155 000 000 ₸,2021 - н.в. Z223,Седан,4 (бензин),19 км,Автомат,Полный привод,Слева,черный металлик,Да,all,155000000
Lexus GX 550 Luxury+,2023,https://kolesa.kz/a/show/208520026?search_id=a68f45091fb4c67bb4f9e3b8b10648bc624bc5c1&search_type=filter&advert_position=601,65 000 000₸,,,Шымкент,29 апреля,3755,FALSE,FALSE,TRUE,,59 305 000 ₸,65 000 000 ₸,2023 - н.в. 3 поколение (J250),Внедорожник,3.4 (бензин),474 км,Автомат,Полный привод,Слева,белый металлик,Да,all,65000000
Mercedes-Benz G 63 AMG,2018,https://kolesa.kz/a/show/218174719?search_id=a68f45091fb4c67bb4f9e3b8b10648bc624bc5c1&search_type=filter&advert_position=602,157 000 000₸,,,Алматы,30 апреля,4,FALSE,FALSE,FALSE,,193 829 000 ₸,157 000 000 ₸,2018 - н.в. W463,Внедорожник,4 (бензин),15 500 км,Автомат,Полный привод,Слева,,Да,all,157000000
Mercedes-Benz G 63 AMG 4MATIC,2018,https://kolesa.kz/a/show/217976681?search_id=a68f45091fb4c67bb4f9e3b8b10648bc624bc5c1&search_type=filter&advert_position=603,100 000 000₸,,,Астана,29 апреля,295,TRUE,FALSE,FALSE,,129 095 000 ₸,100 000 000 ₸,2018 - н.в. W463,Внедорожник,4 (бензин),39 350 км,Автомат,Полный привод,Слева,,Да,all,100000000
Land Rover Range Rover SE,2021,https://kolesa.kz/a/show/214600266?search_id=a68f45091fb4c67bb4f9e3b8b10648bc624bc5c1&search_type=filter&advert_position=604,114 554 000₸,,,Караганда,30 апреля,2290,TRUE,FALSE,FALSE,,,114 554 000 ₸,2021 - н.в. 5 поколение,Внедорожник,3 (бензин),,Автомат,Полный привод,Слева,,Да,all,114554000
Porsche 911 Carrera 4 GTS,2018,https://kolesa.kz/a/show/217591231?search_id=a68f45091fb4c67bb4f9e3b8b10648bc624bc5c1&search_type=filter&advert_position=605,83 000 000₸,,,Алматы,30 апреля,1102,TRUE,FALSE,FALSE,,,83 000 000 ₸,2018 - н.в. 992,Купе,3 (бензин),,Робот,Полный привод,Слева,красный металлик,Да,all,83000000
Porsche 911 Carrera 4 GTS,2024,https://kolesa.kz/a/show/209138909?search_id=a68f45091fb4c67bb4f9e3b8b10648bc624bc5c1&search_type=filter&advert_position=606,89 000 000₸,,,Алматы,29 апреля,13311,TRUE,FALSE,FALSE,,,89 000 000 ₸,2024 - н.в. 992 рестайлинг (992),Купе,3 (гибрид),,Робот,Полный привод,Слева,серебристый,Да,all,89000000
Mercedes-Benz G 63 AMG 4MATIC,2018,https://kolesa.kz/a/show/217975971?search_id=a68f45091fb4c67bb4f9e3b8b10648bc624bc5c1&search_type=filter&advert_position=607,109 000 000₸,,,Алматы,29 апреля,360,TRUE,FALSE,FALSE,,129 095 000 ₸,109 000 000 ₸,2018 - н.в. W463,Внедорожник,4 (бензин),32 900 км,Автомат,Полный привод,Слева,,Да,all,109000000
Mercedes-Benz G 63 AMG 4MATIC,2018,https://kolesa.kz/a/show/217975346?search_id=a68f45091fb4c67bb4f9e3b8b10648bc624bc5c1&search_type=filter&advert_position=608,109 000 000₸,,,Алматы,29 апреля,373,TRUE,FALSE,FALSE,,129 095 000 ₸,109 000 000 ₸,2018 - н.в. W463,Внедорожник,4 (бензин),26 535 км,Автомат,Полный привод,Слева,,Да,all,109000000
Mercedes-Benz GLE Coupe 53 AMG 4MATIC,2019,https://kolesa.kz/a/show/197189492?search_id=a68f45091fb4c67bb4f9e3b8b10648bc624bc5c1&search_type=filter&advert_position=609,85 000 000₸,,,Астана,29 апреля,4179,FALSE,FALSE,TRUE,,,85 000 000 ₸,2019 - н.в. C293,Кроссовер,3 (бензин),,Автомат,Полный привод,Слева,черный металлик,Да,all,85000000
Lexus LM VIP+,2019,https://kolesa.kz/a/show/212591166?search_id=a68f45091fb4c67bb4f9e3b8b10648bc624bc5c1&search_type=filter&advert_position=610,92 490 000₸,,,Алматы,29 апреля,11035,FALSE,FALSE,TRUE,,,92 490 000 ₸,2019 - н.в. 1 поколение,Минивэн,2.5 (гибрид),,Вариатор,Полный привод,Слева,черный металлик,Да,all,92490000
Mercedes-Benz GLE 53 AMG 4MATIC+,2019,https://kolesa.kz/a/show/217174805?search_id=a68f45091fb4c67bb4f9e3b8b10648bc624bc5c1&search_type=filter&advert_position=611,77 219 663₸,,,Алматы,30 апреля,774,FALSE,FALSE,TRUE,,,77 219 663 ₸,2019 - н.в. V167,Кроссовер,3 (бензин),7 км,Автомат,Полный привод,Слева,черный металлик,Да,all,77219663
BMW M5,2024,https://kolesa.kz/a/show/209693092?search_id=a68f45091fb4c67bb4f9e3b8b10648bc624bc5c1&search_type=filter&advert_position=612,79 000 000₸,,,Алматы,29 апреля,672,TRUE,FALSE,FALSE,,101 992 000 ₸,79 000 000 ₸,2024 - н.в. G90,Седан,4.4 (гибрид),,Автомат,Полный привод,Слева,черный,Да,all,79000000
Land Rover Defender X-Dynamic SE,2019,https://kolesa.kz/a/show/217207969?search_id=a68f45091fb4c67bb4f9e3b8b10648bc624bc5c1&search_type=filter&advert_position=613,81 056 000₸,,,Шымкент,29 апреля,309,TRUE,FALSE,FALSE,,,81 056 000 ₸,2019 - н.в. 2 поколение (L663),Внедорожник,3 (бензин),20 км,Автомат,Полный привод,Слева,коричневый металлик,Да,all,81056000
BMW X5 XDrive 40i,2023,https://kolesa.kz/a/show/215664946?search_id=a68f45091fb4c67bb4f9e3b8b10648bc624bc5c1&search_type=filter&advert_position=614,72 248 000₸,,,Актау,29 апреля,432,FALSE,FALSE,TRUE,,65 066 000 ₸,72 248 000 ₸,2023 - н.в. G05 рестайлинг,Кроссовер,3 (бензин),10 км,Автомат,Полный привод,Слева,,Да,all,72248000
Mercedes-Benz G 63 AMG 4MATIC,2018,https://kolesa.kz/a/show/200538170?search_id=a68f45091fb4c67bb4f9e3b8b10648bc624bc5c1&search_type=filter&advert_position=615,203 500 000₸,,,Астана,29 апреля,8071,FALSE,FALSE,TRUE,,193 829 000 ₸,203 500 000 ₸,2018 - н.в. W463,Внедорожник,4 (бензин),10 км,Автомат,Полный привод,Слева,черный металлик,Да,all,203500000
Land Rover Defender X-Dynamic SE,2019,https://kolesa.kz/a/show/217207447?search_id=a68f45091fb4c67bb4f9e3b8b10648bc624bc5c1&search_type=filter&advert_position=616,81 327 000₸,,,Шымкент,30 апреля,151,TRUE,FALSE,FALSE,,,81 327 000 ₸,2019 - н.в. 2 поколение (L663),Внедорожник,3 (бензин),20 км,Автомат,Полный привод,Слева,белый,Да,all,81327000
Land Rover Defender S,2019,https://kolesa.kz/a/show/217207278?search_id=a68f45091fb4c67bb4f9e3b8b10648bc624bc5c1&search_type=filter&advert_position=617,81 724 000₸,,,Усть-Каменогорск,29 апреля,217,TRUE,FALSE,FALSE,,,81 724 000 ₸,2019 - н.в. 2 поколение (L663),Внедорожник,3 (бензин),20 км,Автомат,Полный привод,Слева,белый,Да,all,81724000
Mercedes-Benz GLE Coupe 450 AMG 4MATIC,2019,https://kolesa.kz/a/show/164338219?search_id=a68f45091fb4c67bb4f9e3b8b10648bc624bc5c1&search_type=filter&advert_position=618,74 000 000₸,,,Астана,29 апреля,1912,FALSE,FALSE,TRUE,,,74 000 000 ₸,2019 - н.в. C293,Кроссовер,3 (бензин),,Автомат,Полный привод,Слева,черный металлик,Да,all,74000000
Mercedes-Benz G 63 AMG 4MATIC,2018,https://kolesa.kz/a/show/209138433?search_id=a68f45091fb4c67bb4f9e3b8b10648bc624bc5c1&search_type=filter&advert_position=619,114 000 000₸,,,Алматы,29 апреля,53,TRUE,FALSE,FALSE,,193 829 000 ₸,114 000 000 ₸,2018 - н.в. W463,Внедорожник,4 (бензин),,Автомат,Полный привод,Слева,черный металлик,Да,all,114000000
Toyota Land Cruiser Luxe,2021,https://kolesa.kz/a/show/211810196?search_id=a68f45091fb4c67bb4f9e3b8b10648bc624bc5c1&search_type=filter&advert_position=620,70 890 000₸,,,Алматы,29 апреля,5952,FALSE,FALSE,TRUE,,,70 890 000 ₸,2021 - н.в. J300,Внедорожник,3.5 (бензин),,Автомат,Полный привод,Слева,белый,Да,all,70890000
Cadillac Escalade,2024,https://kolesa.kz/a/show/217516483?search_id=adb823a1b9e9aa921ba05c2e51a60aac527f3540&search_type=filter&advert_position=621,103 500 000₸,,,Астана,29 апреля,504,FALSE,FALSE,FALSE,,100 000 000 ₸,103 500 000 ₸,2024 - н.в. 5 поколение рестайлинг,Внедорожник,6.2 (бензин),,Автомат,Полный привод,Слева,черный,Да,all,103500000
Land Rover Range Rover Sport Dynamic HSE,2022,https://kolesa.kz/a/show/217409766?search_id=adb823a1b9e9aa921ba05c2e51a60aac527f3540&search_type=filter&advert_position=622,111 398 000₸,,,Атырау,29 апреля,423,TRUE,FALSE,FALSE,,,111 398 000 ₸,2022 - н.в. 3 поколение,Внедорожник,3 (бензин),20 км,Автомат,Полный привод,Слева,серый,Да,all,111398000
Toyota Land Cruiser Luxe,2021,https://kolesa.kz/a/show/200887788?search_id=adb823a1b9e9aa921ba05c2e51a60aac527f3540&search_type=filter&advert_position=623,70 890 000₸,,,Шымкент,29 апреля,2505,FALSE,FALSE,TRUE,,67 236 000 ₸,70 890 000 ₸,2021 - н.в. J300,Внедорожник,3.5 (бензин),,Автомат,Полный привод,Слева,черный металлик,Да,all,70890000
BMW X6 XDrive 40i,2023,https://kolesa.kz/a/show/217083176?search_id=adb823a1b9e9aa921ba05c2e51a60aac527f3540&search_type=filter&advert_position=624,60 000 000₸,,,Алматы,29 апреля,605,TRUE,FALSE,FALSE,,,60 000 000 ₸,2023 - н.в. G06 рестайлинг,Кроссовер,3 (бензин),,Автомат,Полный привод,Слева,,Нет,all,60000000
Toyota Land Cruiser GR Sport,2021,https://kolesa.kz/a/show/216441667?search_id=adb823a1b9e9aa921ba05c2e51a60aac527f3540&search_type=filter&advert_position=625,68 100 000₸,,,Актобе,29 апреля,986,FALSE,FALSE,TRUE,,67 236 000 ₸,68 100 000 ₸,2021 - н.в. J300,Внедорожник,3.5 (бензин),,Автомат,Полный привод,Слева,белый,Да,all,68100000
Porsche Cayenne Coupe,2023,https://kolesa.kz/a/show/217201205?search_id=adb823a1b9e9aa921ba05c2e51a60aac527f3540&search_type=filter&advert_position=626,125 070 070₸,,,Алматы,29 апреля,392,FALSE,FALSE,FALSE,,,125 070 070 ₸,2023 - н.в. 3 поколение рестайлинг (9YB),Кроссовер,4 (бензин),36 000 км,Автомат,Полный привод,Слева,синий,Да,all,125070070
Lexus GX 550 Luxury+,2023,https://kolesa.kz/a/show/211562170?search_id=adb823a1b9e9aa921ba05c2e51a60aac527f3540&search_type=filter&advert_position=627,69 290 000₸,,,Алматы,29 апреля,7313,FALSE,FALSE,TRUE,,59 305 000 ₸,69 290 000 ₸,2023 - н.в. 3 поколение (J250),Внедорожник,3.4 (бензин),,Автомат,Полный привод,Слева,серебристый металлик,Да,all,69290000
Land Rover Defender X-Dynamic SE,2019,https://kolesa.kz/a/show/216157220?search_id=adb823a1b9e9aa921ba05c2e51a60aac527f3540&search_type=filter&advert_position=628,81 056 000₸,,,Алматы,30 апреля,762,TRUE,FALSE,FALSE,,,81 056 000 ₸,2019 - н.в. 2 поколение (L663),Внедорожник,3 (бензин),20 км,Автомат,Полный привод,Слева,коричневый металлик,Да,all,81056000
BMW M5,2024,https://kolesa.kz/a/show/213350410?search_id=adb823a1b9e9aa921ba05c2e51a60aac527f3540&search_type=filter&advert_position=629,80 000 000₸,,,Астана,30 апреля,8831,TRUE,FALSE,FALSE,,,80 000 000 ₸,2024 - н.в. G90,Седан,4.4 (гибрид),,Автомат,Полный привод,Слева,,Нет,all,80000000
BMW X5 XDrive 40i,2023,https://kolesa.kz/a/show/216434277?search_id=adb823a1b9e9aa921ba05c2e51a60aac527f3540&search_type=filter&advert_position=630,72 411 921₸,,,Алматы,30 апреля,524,FALSE,FALSE,TRUE,,65 066 000 ₸,72 411 921 ₸,2023 - н.в. G05 рестайлинг,Кроссовер,3 (бензин),,Автомат,Полный привод,Слева,,Да,all,72411921
Toyota Land Cruiser Prestige,2021,https://kolesa.kz/a/show/207069654?search_id=adb823a1b9e9aa921ba05c2e51a60aac527f3540&search_type=filter&advert_position=631,65 390 000₸,,,Атырау,29 апреля,2273,TRUE,FALSE,FALSE,,67 236 000 ₸,65 390 000 ₸,2021 - н.в. J300,Внедорожник,3.5 (бензин),,Автомат,Полный привод,Слева,,Да,all,65390000
Lamborghini Urus,2017,https://kolesa.kz/a/show/217626736?search_id=adb823a1b9e9aa921ba05c2e51a60aac527f3540&search_type=filter&advert_position=632,101 000 000₸,,,Алматы,29 апреля,903,TRUE,FALSE,FALSE,,,101 000 000 ₸,2017 - н.в. 1 поколение,Кроссовер,4 (бензин),,Автомат,Полный привод,Слева,жёлтый,Нет,all,101000000
Land Rover Range Rover Autobiography,2021,https://kolesa.kz/a/show/216598793?search_id=adb823a1b9e9aa921ba05c2e51a60aac527f3540&search_type=filter&advert_position=633,103 000 000₸,,,Алматы,30 апреля,889,TRUE,FALSE,FALSE,,,103 000 000 ₸,2021 - н.в. 5 поколение,Внедорожник,3 (бензин),,Автомат,Полный привод,Слева,черный,Нет,all,103000000
BMW i7,2022,https://kolesa.kz/a/show/217098945?search_id=adb823a1b9e9aa921ba05c2e51a60aac527f3540&search_type=filter&advert_position=634,83 000 000₸,,,Алматы,30 апреля,207,TRUE,FALSE,FALSE,,,83 000 000 ₸,2022 - н.в. 1 поколение,Седан,,19 443 км,Автомат,Полный привод,Слева,,Да,all,83000000
Infiniti QX80 Sensory,2024,https://kolesa.kz/a/show/209487759?search_id=adb823a1b9e9aa921ba05c2e51a60aac527f3540&search_type=filter&advert_position=635,76 990 000₸,,,Актау,30 апреля,2606,FALSE,FALSE,TRUE,,,76 990 000 ₸,2024 - н.в. Z63,Внедорожник,3.5 (бензин),,Автомат,Полный привод,Слева,,Да,all,76990000
Mercedes-Benz GLE Coupe 53 AMG 4MATIC,2019,https://kolesa.kz/a/show/207045266?search_id=adb823a1b9e9aa921ba05c2e51a60aac527f3540&search_type=filter&advert_position=636,90 654 100₸,,,Алматы,29 апреля,5010,FALSE,FALSE,TRUE,,,90 654 100 ₸,2019 - н.в. C293,Кроссовер,3 (бензин),5 км,Автомат,Полный привод,Слева,черный металлик,Да,all,90654100
Mercedes-Benz V 300 Exclusive,2014,https://kolesa.kz/a/show/199897283?search_id=adb823a1b9e9aa921ba05c2e51a60aac527f3540&search_type=filter&advert_position=637,64 379 000₸,,,Алматы,30 апреля,4726,FALSE,FALSE,TRUE,,,64 379 000 ₸,2014 - н.в. W447,Минивэн,2 (дизель),,Автомат,Полный привод,Слева,черный металлик,Да,all,64379000
Infiniti QX80,2024,https://kolesa.kz/a/show/214044163?search_id=adb823a1b9e9aa921ba05c2e51a60aac527f3540&search_type=filter&advert_position=638,76 990 000₸,,,Астана,30 апреля,1750,FALSE,FALSE,TRUE,,,76 990 000 ₸,2024 - н.в. Z63,Внедорожник,3.5 (бензин),,Автомат,Полный привод,Слева,,Да,all,76990000
Mercedes-Benz G 63 AMG 4MATIC,2018,https://kolesa.kz/a/show/129055866?search_id=adb823a1b9e9aa921ba05c2e51a60aac527f3540&search_type=filter&advert_position=639,205 000 000₸,,,Астана,30 апреля,6128,FALSE,FALSE,TRUE,,193 829 000 ₸,205 000 000 ₸,2018 - н.в. W463,Внедорожник,4 (бензин),,Автомат,Полный привод,Слева,бронза,Да,all,205000000
BMW X5 XDrive 40i,2023,https://kolesa.kz/a/show/216434519?search_id=adb823a1b9e9aa921ba05c2e51a60aac527f3540&search_type=filter&advert_position=640,72 411 921₸,,,Алматы,29 апреля,334,FALSE,FALSE,TRUE,,65 066 000 ₸,72 411 921 ₸,2023 - н.в. G05 рестайлинг,Кроссовер,3 (бензин),,Автомат,Полный привод,Слева,,Да,all,72411921
Nissan Patrol Platinum City,2024,https://kolesa.kz/a/show/209555171?search_id=93d6ef6cb776b33f9c6b74973277296643ae42fb&search_type=filter&advert_position=641,64 990 000₸,,,Актау,29 апреля,2149,FALSE,FALSE,TRUE,,,64 990 000 ₸,2024 - н.в. Y63,Внедорожник,3.5 (бензин),,Автомат,Полный привод,Слева,,Да,all,64990000
Toyota Land Cruiser,2021,https://kolesa.kz/a/show/218695943?search_id=93d6ef6cb776b33f9c6b74973277296643ae42fb&search_type=filter&advert_position=642,67 000 000₸,584 021₸/мес,73%,Алматы,30 апреля,53,FALSE,FALSE,FALSE,584 021₸,60 621 000 ₸,67 000 000 ₸,2021 - н.в. J300,Внедорожник,3.5 (бензин),3 800 км,Автомат,Полный привод,Слева,черный,Да,all,67000000
Mercedes-Benz AMG GT,2017,https://kolesa.kz/a/show/217373439?search_id=93d6ef6cb776b33f9c6b74973277296643ae42fb&search_type=filter&advert_position=643,78 000 000₸,,,Алматы,30 апреля,364,FALSE,FALSE,FALSE,,,78 000 000 ₸,2017 - 2024 1 поколение рестайлинг,Купе,4 (бензин),9 500 км,Робот,Задний привод,Слева,белый,Да,all,78000000
BMW M5,2024,https://kolesa.kz/a/show/212983727?search_id=93d6ef6cb776b33f9c6b74973277296643ae42fb&search_type=filter&advert_position=644,92 000 000₸,,,Алматы,30 апреля,25,FALSE,FALSE,FALSE,,,92 000 000 ₸,2024 - н.в. G90,Седан,4.4 (гибрид),7 339 км,Автомат,Полный привод,Слева,черный,Да,all,92000000
Land Rover Range Rover Sport Autobiography,2022,https://kolesa.kz/a/show/213377991?search_id=93d6ef6cb776b33f9c6b74973277296643ae42fb&search_type=filter&advert_position=645,80 000 000₸,,,Астана,30 апреля,2332,TRUE,FALSE,FALSE,,,80 000 000 ₸,2022 - н.в. 3 поколение,Внедорожник,3 (бензин),,Автомат,Полный привод,Слева,,Нет,all,80000000
BMW M5,2024,https://kolesa.kz/a/show/215873313?search_id=93d6ef6cb776b33f9c6b74973277296643ae42fb&search_type=filter&advert_position=646,82 000 000₸,,,Астана,30 апреля,2559,TRUE,FALSE,FALSE,,,82 000 000 ₸,2024 - н.в. G90,Седан,4.4 (гибрид),,Автомат,Полный привод,Слева,,Нет,all,82000000
Land Rover Range Rover SE,2021,https://kolesa.kz/a/show/214600250?search_id=93d6ef6cb776b33f9c6b74973277296643ae42fb&search_type=filter&advert_position=647,114 554 000₸,,,Актобе,30 апреля,1668,TRUE,FALSE,FALSE,,,114 554 000 ₸,2021 - н.в. 5 поколение,Внедорожник,3 (бензин),,Автомат,Полный привод,Слева,,Да,all,114554000
BMW X7,2022,https://kolesa.kz/a/show/216399186?search_id=93d6ef6cb776b33f9c6b74973277296643ae42fb&search_type=filter&advert_position=648,77 000 000₸,584 021₸/мес,77%,Караганда,30 апреля,525,FALSE,FALSE,FALSE,584 021₸,73 673 000 ₸,77 000 000 ₸,2022 - н.в. G07 рестайлинг,Кроссовер,4.4 (бензин),40 000 км,Автомат,Полный привод,Слева,серый металлик,Да,all,77000000
Mercedes-Benz S 450 4MATIC,2020,https://kolesa.kz/a/show/129054582?search_id=93d6ef6cb776b33f9c6b74973277296643ae42fb&search_type=filter&advert_position=649,120 000 000₸,,,Астана,30 апреля,388,FALSE,FALSE,TRUE,,,120 000 000 ₸,2020 - н.в. W223,Седан,3 (бензин),,Автомат,Полный привод,Слева,черный металлик,Да,all,120000000
Mercedes-Benz GLE 53 AMG 4MATIC+,2019,https://kolesa.kz/a/show/129054612?search_id=93d6ef6cb776b33f9c6b74973277296643ae42fb&search_type=filter&advert_position=650,83 900 000₸,,,Астана,30 апреля,237,FALSE,FALSE,TRUE,,,83 900 000 ₸,2019 - н.в. V167,Кроссовер,3 (бензин),,Автомат,Полный привод,Слева,белый металлик,Да,all,83900000
Toyota Land Cruiser Premium,2021,https://kolesa.kz/a/show/218695898?search_id=93d6ef6cb776b33f9c6b74973277296643ae42fb&search_type=filter&advert_position=651,66 000 000₸,,,Тараз,30 апреля,4,TRUE,FALSE,FALSE,,60 621 000 ₸,66 000 000 ₸,2021 - н.в. J300,Внедорожник,3.5 (бензин),21 620 км,Автомат,Полный привод,Слева,черный металлик,Да,all,66000000
BMW X7 XDrive 40i,2022,https://kolesa.kz/a/show/218703756?search_id=93d6ef6cb776b33f9c6b74973277296643ae42fb&search_type=filter&advert_position=652,64 000 000₸,,,Шымкент,30 апреля,19,TRUE,FALSE,FALSE,,71 561 000 ₸,64 000 000 ₸,2022 - н.в. G07 рестайлинг,Кроссовер,3 (бензин),,Автомат,Полный привод,Слева,,Да,all,64000000
BMW X6,2023,https://kolesa.kz/a/show/214001303?search_id=93d6ef6cb776b33f9c6b74973277296643ae42fb&search_type=filter&advert_position=653,67 900 000₸,584 021₸/мес,73%,Костанай,30 апреля,489,FALSE,FALSE,FALSE,584 021₸,67 300 000 ₸,67 900 000 ₸,2023 - н.в. G06 рестайлинг,Кроссовер,3 (бензин),14 000 км,Автомат,Полный привод,Слева,черный,Да,all,67900000
Toyota Land Cruiser Premium,2021,https://kolesa.kz/a/show/218696234?search_id=93d6ef6cb776b33f9c6b74973277296643ae42fb&search_type=filter&advert_position=654,66 000 000₸,,,Кызылорда,30 апреля,14,TRUE,FALSE,FALSE,,60 621 000 ₸,66 000 000 ₸,2021 - н.в. J300,Внедорожник,3.5 (бензин),21 620 км,Автомат,Полный привод,Слева,черный металлик,Да,all,66000000
Lexus LX 600 Luxury+,2021,https://kolesa.kz/a/show/218707094?search_id=93d6ef6cb776b33f9c6b74973277296643ae42fb&search_type=filter&advert_position=655,65 100 000₸,,,Астана,30 апреля,28,TRUE,FALSE,FALSE,,69 560 000 ₸,65 100 000 ₸,2021 - н.в. 4 поколение,Внедорожник,3.5 (бензин),48 762 км,Автомат,Полный привод,Слева,черный,Да,all,65100000
Infiniti QX80,2024,https://kolesa.kz/a/show/209547625?search_id=93d6ef6cb776b33f9c6b74973277296643ae42fb&search_type=filter&advert_position=656,76 990 000₸,,,Талдыкорган,30 апреля,1724,FALSE,FALSE,TRUE,,,76 990 000 ₸,2024 - н.в. Z63,Внедорожник,3.5 (бензин),,Автомат,Полный привод,Слева,,Да,all,76990000
Mercedes-Benz V 300 Exclusive,2014,https://kolesa.kz/a/show/129056029?search_id=93d6ef6cb776b33f9c6b74973277296643ae42fb&search_type=filter&advert_position=657,78 500 000₸,,,Астана,30 апреля,2239,FALSE,FALSE,TRUE,,,78 500 000 ₸,2014 - н.в. W447,Минивэн,2 (дизель),,Автомат,Полный привод,Слева,черный металлик,Да,all,78500000
Infiniti QX80,2024,https://kolesa.kz/a/show/214043484?search_id=93d6ef6cb776b33f9c6b74973277296643ae42fb&search_type=filter&advert_position=658,76 990 000₸,,,Экибастуз,30 апреля,1242,FALSE,FALSE,TRUE,,,76 990 000 ₸,2024 - н.в. Z63,Внедорожник,3.5 (бензин),,Автомат,Полный привод,Слева,,Да,all,76990000
Land Rover Range Rover Sport,2022,https://kolesa.kz/a/show/175636135?search_id=93d6ef6cb776b33f9c6b74973277296643ae42fb&search_type=filter&advert_position=659,80 000 000₸,,,Алматы,30 апреля,3746,FALSE,FALSE,FALSE,,71 247 000 ₸,80 000 000 ₸,2022 - н.в. 3 поколение,Внедорожник,3 (бензин),12 000 км,Автомат,Полный привод,Слева,черный,Да,all,80000000
BMW X7 XDrive 40i,2022,https://kolesa.kz/a/show/217609054?search_id=93d6ef6cb776b33f9c6b74973277296643ae42fb&search_type=filter&advert_position=660,89 854 000₸,,,Караганда,30 апреля,253,FALSE,FALSE,TRUE,,79 300 000 ₸,89 854 000 ₸,2022 - н.в. G07 рестайлинг,Кроссовер,3 (бензин),,Автомат,Полный привод,Слева,черный металлик,Да,all,89854000
Toyota Land Cruiser Premium,2021,https://kolesa.kz/a/show/218695618?search_id=1534d938db53722033b04bd9d9b82680ccf557d5&search_type=filter&advert_position=661,66 000 000₸,,,Шымкент,30 апреля,24,TRUE,FALSE,FALSE,,60 621 000 ₸,66 000 000 ₸,2021 - н.в. J300,Внедорожник,3.5 (бензин),21 620 км,Автомат,Полный привод,Слева,черный металлик,Да,all,66000000
Mercedes-Benz G 63 AMG,2018,https://kolesa.kz/a/show/217606718?search_id=1534d938db53722033b04bd9d9b82680ccf557d5&search_type=filter&advert_position=662,100 000 000₸,,,Алматы,30 апреля,905,FALSE,FALSE,FALSE,,113 951 000 ₸,100 000 000 ₸,2018 - н.в. W463,Внедорожник,4 (бензин),37 000 км,Автомат,Полный привод,Слева,белый,Да,all,100000000
Mercedes-Benz G 63 AMG,2018,https://kolesa.kz/a/show/218602120?search_id=1534d938db53722033b04bd9d9b82680ccf557d5&search_type=filter&advert_position=663,145 000 000₸,,,Алматы,30 апреля,115,FALSE,FALSE,FALSE,,146 412 000 ₸,145 000 000 ₸,2018 - н.в. W463,Внедорожник,4 (бензин),15 800 км,Автомат,Полный привод,Слева,,Да,all,145000000
Nissan Patrol Titanium+,2024,https://kolesa.kz/a/show/209551236?search_id=1534d938db53722033b04bd9d9b82680ccf557d5&search_type=filter&advert_position=664,64 990 000₸,,,Шымкент,30 апреля,1763,FALSE,FALSE,TRUE,,,64 990 000 ₸,2024 - н.в. Y63,Внедорожник,3.5 (бензин),,Автомат,Полный привод,Слева,,Да,all,64990000
Nissan Patrol Titanium+,2024,https://kolesa.kz/a/show/209576475?search_id=1534d938db53722033b04bd9d9b82680ccf557d5&search_type=filter&advert_position=665,64 990 000₸,,,Шымкент,30 апреля,1960,FALSE,FALSE,TRUE,,,64 990 000 ₸,2024 - н.в. Y63,Внедорожник,3.5 (бензин),,Автомат,Полный привод,Слева,,Да,all,64990000
Nissan Patrol,2024,https://kolesa.kz/a/show/209578056?search_id=1534d938db53722033b04bd9d9b82680ccf557d5&search_type=filter&advert_position=666,64 990 000₸,,,Актау,30 апреля,1978,FALSE,FALSE,TRUE,,,64 990 000 ₸,2024 - н.в. Y63,Внедорожник,3.5 (бензин),,Автомат,Полный привод,Слева,,Да,all,64990000
Mercedes-Benz G 63 AMG 4MATIC,2018,https://kolesa.kz/a/show/218714105?search_id=1534d938db53722033b04bd9d9b82680ccf557d5&search_type=filter&advert_position=667,105 000 000₸,,,Алматы,30 апреля,37,TRUE,FALSE,FALSE,,113 951 000 ₸,105 000 000 ₸,2018 - н.в. W463,Внедорожник,4 (бензин),,Автомат,Полный привод,Слева,,Да,all,105000000
Nissan Patrol Titanium+,2024,https://kolesa.kz/a/show/201984112?search_id=1534d938db53722033b04bd9d9b82680ccf557d5&search_type=filter&advert_position=668,64 999 000₸,,,Кокшетау,30 апреля,2350,FALSE,FALSE,TRUE,,,64 999 000 ₸,2024 - н.в. Y63,Внедорожник,3.5 (бензин),,Автомат,Полный привод,Слева,,Да,all,64999000
Nissan Patrol Titanium+,2024,https://kolesa.kz/a/show/202140751?search_id=1534d938db53722033b04bd9d9b82680ccf557d5&search_type=filter&advert_position=669,64 990 000₸,,,Павлодар,30 апреля,1882,FALSE,FALSE,TRUE,,,64 990 000 ₸,2024 - н.в. Y63,Внедорожник,3.5 (бензин),,Автомат,Полный привод,Слева,,Да,all,64990000
Mercedes-Benz GLS 63 AMG 4MATIC,2019,https://kolesa.kz/a/show/204522643?search_id=1534d938db53722033b04bd9d9b82680ccf557d5&search_type=filter&advert_position=670,127 629 000₸,,,Алматы,30 апреля,8200,FALSE,FALSE,TRUE,,,127 629 000 ₸,2019 - н.в. X167,Внедорожник,4 (бензин),,Автомат,Полный привод,Слева,черный металлик,Да,all,127629000
Ferrari 296 GTB,2021,https://kolesa.kz/a/show/218721657?search_id=1534d938db53722033b04bd9d9b82680ccf557d5&search_type=filter&advert_position=671,126 000 000₸,,,Алматы,30 апреля,63,TRUE,FALSE,FALSE,,,126 000 000 ₸,2021 - н.в. 1 поколение,Купе,3 (гибрид),,Робот,Задний привод,Слева,синий металлик,Да,all,126000000
BMW X5 M,2019,https://kolesa.kz/a/show/215287596?search_id=1534d938db53722033b04bd9d9b82680ccf557d5&search_type=filter&advert_position=672,60 000 000₸,,,Алматы,30 апреля,148,FALSE,FALSE,FALSE,,62 482 000 ₸,60 000 000 ₸,2019 - н.в. F95,Кроссовер,4.4 (бензин),25 500 км,Автомат,Полный привод,Слева,,Да,all,60000000
BMW X5,2023,https://kolesa.kz/a/show/207097867?search_id=1534d938db53722033b04bd9d9b82680ccf557d5&search_type=filter&advert_position=673,60 000 000₸,584 021₸/мес,70%,Алматы,30 апреля,1782,FALSE,FALSE,FALSE,584 021₸,59 457 000 ₸,60 000 000 ₸,2023 - н.в. G05 рестайлинг,Кроссовер,3 (бензин),24 000 км,Автомат,Полный привод,Слева,,Да,all,60000000
Land Rover Range Rover Sport Dynamic SE,2022,https://kolesa.kz/a/show/215949261?search_id=1534d938db53722033b04bd9d9b82680ccf557d5&search_type=filter&advert_position=674,98 717 000₸,,,Астана,30 апреля,986,FALSE,FALSE,TRUE,,,98 717 000 ₸,2022 - н.в. 3 поколение,Внедорожник,3 (бензин),,Автомат,Полный привод,Слева,,Да,all,98717000
Land Rover Range Rover SE,2021,https://kolesa.kz/a/show/214389708?search_id=1534d938db53722033b04bd9d9b82680ccf557d5&search_type=filter&advert_position=675,114 554 000₸,,,Астана,30 апреля,2295,FALSE,FALSE,TRUE,,,114 554 000 ₸,2021 - н.в. 5 поколение,Внедорожник,3 (бензин),,Автомат,Полный привод,Слева,,Да,all,114554000
BMW X7 XDrive 40i,2022,https://kolesa.kz/a/show/217704972?search_id=1534d938db53722033b04bd9d9b82680ccf557d5&search_type=filter&advert_position=676,84 366 827₸,,,Астана,30 апреля,262,FALSE,FALSE,TRUE,,79 300 000 ₸,84 366 827 ₸,2022 - н.в. G07 рестайлинг,Кроссовер,3 (бензин),,Автомат,Полный привод,Слева,,Да,all,84366827
Lexus LX 700h VIP,2021,https://kolesa.kz/a/show/217587800?search_id=1534d938db53722033b04bd9d9b82680ccf557d5&search_type=filter&advert_position=677,85 000 000₸,,,Алматы,30 апреля,788,TRUE,FALSE,FALSE,,,85 000 000 ₸,2021 - н.в. 4 поколение,Внедорожник,3.4 (бензин),,Автомат,Полный привод,Слева,,Нет,all,85000000
Mercedes-Benz AMG GT,2017,https://kolesa.kz/a/show/202725936?search_id=1534d938db53722033b04bd9d9b82680ccf557d5&search_type=filter&advert_position=678,95 000 000₸,,,Кокшетау,30 апреля,204,FALSE,FALSE,FALSE,,,95 000 000 ₸,2017 - 2024 1 поколение рестайлинг,Лифтбек,4 (гибрид),11 000 км,Автомат,Полный привод,Слева,,Да,all,95000000
Porsche 911 GT3,2024,https://kolesa.kz/a/show/214595025?search_id=1534d938db53722033b04bd9d9b82680ccf557d5&search_type=filter&advert_position=679,216 127 800₸,,,Алматы,30 апреля,4925,FALSE,FALSE,TRUE,,,216 127 800 ₸,2024 - н.в. 992 рестайлинг (992),Купе,4 (бензин),,Робот,Задний привод,Слева,серый металлик,Да,all,216127800
Infiniti QX80 Autograph,2024,https://kolesa.kz/a/show/213369878?search_id=1534d938db53722033b04bd9d9b82680ccf557d5&search_type=filter&advert_position=680,67 799 000₸,,,Алматы,30 апреля,4061,TRUE,FALSE,FALSE,,,67 799 000 ₸,2024 - н.в. Z63,Внедорожник,3.5 (бензин),,Автомат,Полный привод,Слева,серый металлик,Нет,all,67799000
Mercedes-Benz GLS 450 4MATIC,2019,https://kolesa.kz/a/show/212276598?search_id=412da389af6b9466d6f7d0616afcdad88199ce6b&search_type=filter&advert_position=681,82 186 000₸,,,Алматы,30 апреля,6973,FALSE,FALSE,TRUE,,84 971 000 ₸,82 186 000 ₸,2019 - н.в. X167,Внедорожник,3 (бензин),5 км,Автомат,Полный привод,Слева,белый металлик,Да,all,82186000
Mercedes-Benz S 560,2017,https://kolesa.kz/a/show/214510659?search_id=412da389af6b9466d6f7d0616afcdad88199ce6b&search_type=filter&advert_position=682,65 000 000₸,,,Алматы,30 апреля,960,FALSE,FALSE,FALSE,,,65 000 000 ₸,2017 - 2020 W222/C217/A217 рестайлинг,Кабриолет,4 (бензин),40 000 км,Автомат,Задний привод,Слева,,Да,all,65000000
Mercedes-Benz G 500,2018,https://kolesa.kz/a/show/210920467?search_id=412da389af6b9466d6f7d0616afcdad88199ce6b&search_type=filter&advert_position=683,112 000 000₸,,,Алматы,30 апреля,585,FALSE,FALSE,FALSE,,,112 000 000 ₸,2018 - н.в. W463,Внедорожник,4 (бензин),33 000 км,Автомат,Полный привод,Слева,черный,Да,all,112000000
Lamborghini Huracan,2014,https://kolesa.kz/a/show/218710189?search_id=412da389af6b9466d6f7d0616afcdad88199ce6b&search_type=filter&advert_position=684,127 000 000₸,,,Алматы,30 апреля,58,TRUE,FALSE,FALSE,,,127 000 000 ₸,2014 - н.в. 1 поколение,Кабриолет,5.2 (бензин),,Робот,Полный привод,Слева,,Нет,all,127000000
Land Rover Range Rover,2021,https://kolesa.kz/a/show/218728520?search_id=412da389af6b9466d6f7d0616afcdad88199ce6b&search_type=filter&advert_position=685,100 000 000₸,,,Алматы,30 апреля,0,FALSE,FALSE,FALSE,,93 787 000 ₸,100 000 000 ₸,2021 - н.в. 5 поколение,Внедорожник,4.4 (бензин),,Автомат,Полный привод,Слева,белый металлик,Да,all,100000000
Cadillac Escalade,2020,https://kolesa.kz/a/show/215697407?search_id=412da389af6b9466d6f7d0616afcdad88199ce6b&search_type=filter&advert_position=686,61 000 000₸,,,Астана,30 апреля,90,FALSE,FALSE,FALSE,,61 959 000 ₸,61 000 000 ₸,2020 - н.в. 5 поколение,Внедорожник,6.2 (бензин),50 000 км,Автомат,Полный привод,Слева,черный металлик,Да,all,61000000
Mercedes-Benz GLE 450 4MATIC,2019,https://kolesa.kz/a/show/216533256?search_id=412da389af6b9466d6f7d0616afcdad88199ce6b&search_type=filter&advert_position=687,66 000 000₸,,,Уральск,30 апреля,405,FALSE,FALSE,TRUE,,,66 000 000 ₸,2019 - н.в. V167,Кроссовер,3 (бензин),26 км,Автомат,Полный привод,Слева,черный металлик,Да,all,66000000
Rivian R1S,2018,https://kolesa.kz/a/show/218724798?search_id=412da389af6b9466d6f7d0616afcdad88199ce6b&search_type=filter&advert_position=688,82 000 000₸,,,Алматы,30 апреля,1,FALSE,FALSE,FALSE,,82 845 000 ₸,82 000 000 ₸,2018 - н.в. 1 поколение,Внедорожник,,5 000 км,Автомат,Полный привод,Слева,,Да,all,82000000
Rolls-Royce Phantom,2003,https://kolesa.kz/a/show/182142240?search_id=412da389af6b9466d6f7d0616afcdad88199ce6b&search_type=filter&advert_position=689,200 000 000₸,,,Алматы,30 апреля,2,FALSE,FALSE,FALSE,,,200 000 000 ₸,2003 - 2009 7 поколение (RR1),Седан,6.7 (бензин),77 000 км,Автомат,Задний привод,Слева,черный металлик,Да,all,200000000
Tesla Model S,2021,https://kolesa.kz/a/show/194692386?search_id=412da389af6b9466d6f7d0616afcdad88199ce6b&search_type=filter&advert_position=690,72 000 000₸,,,Алматы,30 апреля,126,FALSE,TRUE,FALSE,,,72 000 000 ₸,2021 - н.в. 1 поколение [2-й рестайлинг] (5YJS),Лифтбек,,900 км,Автомат,Полный привод,Слева,черный металлик,Да,all,72000000
Audi RS Q8,2019,https://kolesa.kz/a/show/205425736?search_id=412da389af6b9466d6f7d0616afcdad88199ce6b&search_type=filter&advert_position=691,63 000 000₸,,,Алматы,30 апреля,433,FALSE,TRUE,FALSE,,,63 000 000 ₸,2019 - н.в. 1 поколение (4MN),Внедорожник,4 (бензин),52 000 км,Автомат,Полный привод,Слева,черный металлик,Да,all,63000000
Mercedes-Benz S 580,2020,https://kolesa.kz/a/show/204910569?search_id=412da389af6b9466d6f7d0616afcdad88199ce6b&search_type=filter&advert_position=692,90 000 000₸,,,Астана,30 апреля,62,FALSE,FALSE,FALSE,,88 073 000 ₸,90 000 000 ₸,2020 - н.в. W223,Седан,4 (бензин),16 000 км,Автомат,Полный привод,Слева,черный металлик,Да,all,90000000
BMW X7 XDrive 40i,2022,https://kolesa.kz/a/show/216532057?search_id=412da389af6b9466d6f7d0616afcdad88199ce6b&search_type=filter&advert_position=693,86 228 000₸,,,Усть-Каменогорск,30 апреля,582,FALSE,FALSE,TRUE,,79 300 000 ₸,86 228 000 ₸,2022 - н.в. G07 рестайлинг,Кроссовер,3 (бензин),,Автомат,Полный привод,Слева,черный металлик,Да,all,86228000
BMW X7,2022,https://kolesa.kz/a/show/216351322?search_id=412da389af6b9466d6f7d0616afcdad88199ce6b&search_type=filter&advert_position=694,65 000 000₸,584 021₸/мес,72%,Алматы,30 апреля,619,FALSE,FALSE,FALSE,584 021₸,55 680 000 ₸,65 000 000 ₸,2022 - н.в. G07 рестайлинг,Кроссовер,3 (бензин),75 000 км,Автомат,Полный привод,Слева,,Да,all,65000000
Lexus LX 570,2015,https://kolesa.kz/a/show/218722790?search_id=412da389af6b9466d6f7d0616afcdad88199ce6b&search_type=filter&advert_position=695,71 000 000₸,584 021₸/мес,75%,Атырау,30 апреля,13,FALSE,FALSE,FALSE,584 021₸,73 667 000 ₸,71 000 000 ₸,2015 - н.в. 3 поколение [2-й рестайлинг] (J2),Внедорожник,5.7 (бензин),32 000 км,Автомат,Полный привод,Слева,,Да,all,71000000
BMW X5 M,2023,https://kolesa.kz/a/show/215776527?search_id=412da389af6b9466d6f7d0616afcdad88199ce6b&search_type=filter&advert_position=696,99 800 000₸,,,Алматы,30 апреля,2,FALSE,FALSE,FALSE,,,99 800 000 ₸,2023 - н.в. F95 рестайлинг,Кроссовер,4.4 (бензин),6 000 км,Автомат,Полный привод,Слева,черный,Да,all,99800000
Mercedes-Benz GLE 450 4MATIC,2019,https://kolesa.kz/a/show/216527497?search_id=412da389af6b9466d6f7d0616afcdad88199ce6b&search_type=filter&advert_position=697,66 700 000₸,,,Шымкент,30 апреля,319,FALSE,FALSE,TRUE,,,66 700 000 ₸,2019 - н.в. V167,Кроссовер,3 (бензин),26 км,Автомат,Полный привод,Слева,черный металлик,Да,all,66700000
Mercedes-Benz S 450,2020,https://kolesa.kz/a/show/217912944?search_id=412da389af6b9466d6f7d0616afcdad88199ce6b&search_type=filter&advert_position=698,69 500 000₸,,,Алматы,30 апреля,0,FALSE,FALSE,FALSE,,69 375 000 ₸,69 500 000 ₸,2020 - н.в. W223,Седан,3 (бензин),70 000 км,Автомат,Полный привод,Слева,,Да,all,69500000
Audi RS 6,2019,https://kolesa.kz/a/show/209645659?search_id=412da389af6b9466d6f7d0616afcdad88199ce6b&search_type=filter&advert_position=699,71 000 000₸,,,Алматы,30 апреля,1488,FALSE,TRUE,FALSE,,,71 000 000 ₸,2019 - н.в. С8,Универсал,4 (бензин),25 000 км,Автомат,Полный привод,Слева,серый металлик,Да,all,71000000
BMW X7,2018,https://kolesa.kz/a/show/217303777?search_id=412da389af6b9466d6f7d0616afcdad88199ce6b&search_type=filter&advert_position=700,65 000 000₸,584 021₸/мес,72%,Павлодар,30 апреля,217,FALSE,FALSE,FALSE,584 021₸,53 545 000 ₸,65 000 000 ₸,2018 - н.в. G07,Кроссовер,4.4 (бензин),18 000 км,Автомат,Полный привод,Слева,,Да,all,65000000
Land Rover Range Rover Sport,2022,https://kolesa.kz/a/show/189038427?search_id=435327eb9ed9a88c0b6a01240ce81417ac47b737&search_type=filter&advert_position=701,76 000 000₸,,,Алматы,30 апреля,3,FALSE,FALSE,FALSE,,,76 000 000 ₸,2022 - н.в. 3 поколение,Внедорожник,3 (бензин),11 000 км,Автомат,Полный привод,Слева,черный металлик,Да,all,76000000
Mercedes-Benz G 63 AMG,2018,https://kolesa.kz/a/show/218716385?search_id=435327eb9ed9a88c0b6a01240ce81417ac47b737&search_type=filter&advert_position=702,75 000 000₸,,,Актау,30 апреля,7,FALSE,FALSE,FALSE,,80 714 000 ₸,75 000 000 ₸,2018 - н.в. W463,Внедорожник,4 (бензин),95 000 км,Автомат,Полный привод,Слева,,Да,all,75000000
Mercedes-Maybach S 450,2021,https://kolesa.kz/a/show/215020433?search_id=435327eb9ed9a88c0b6a01240ce81417ac47b737&search_type=filter&advert_position=703,130 000 000₸,,,Астана,30 апреля,3,FALSE,FALSE,FALSE,,,130 000 000 ₸,2021 - н.в. Z223,Седан,3 (бензин),9 000 км,Автомат,Полный привод,Слева,черный,Да,all,130000000
Land Rover Range Rover,2021,https://kolesa.kz/a/show/205704004?search_id=435327eb9ed9a88c0b6a01240ce81417ac47b737&search_type=filter&advert_position=704,91 000 000₸,,,Алматы,30 апреля,3,FALSE,FALSE,FALSE,,89 769 000 ₸,91 000 000 ₸,2021 - н.в. 5 поколение,Внедорожник,3 (бензин),22 000 км,Автомат,Полный привод,Слева,черный металлик,Да,all,91000000
Lexus LX 600,2021,https://kolesa.kz/a/show/215860626?search_id=435327eb9ed9a88c0b6a01240ce81417ac47b737&search_type=filter&advert_position=705,86 000 000₸,,,Алматы,30 апреля,3,FALSE,FALSE,FALSE,,86 302 000 ₸,86 000 000 ₸,2021 - н.в. 4 поколение,Внедорожник,3.5 (бензин),,Автомат,Полный привод,Слева,черный металлик,Да,all,86000000
Lexus LX 600,2021,https://kolesa.kz/a/show/215825644?search_id=435327eb9ed9a88c0b6a01240ce81417ac47b737&search_type=filter&advert_position=706,88 000 000₸,,,Алматы,30 апреля,4,FALSE,FALSE,FALSE,,86 302 000 ₸,88 000 000 ₸,2021 - н.в. 4 поколение,Внедорожник,3.5 (бензин),,Автомат,Полный привод,Слева,черный металлик,Да,all,88000000
Lexus LX 600,2021,https://kolesa.kz/a/show/216772135?search_id=435327eb9ed9a88c0b6a01240ce81417ac47b737&search_type=filter&advert_position=707,87 000 000₸,,,Алматы,30 апреля,2,FALSE,FALSE,FALSE,,86 302 000 ₸,87 000 000 ₸,2021 - н.в. 4 поколение,Внедорожник,3.5 (бензин),,Автомат,Полный привод,Слева,белый металлик,Да,all,87000000
Lexus LX 600,2021,https://kolesa.kz/a/show/218712089?search_id=435327eb9ed9a88c0b6a01240ce81417ac47b737&search_type=filter&advert_position=708,75 500 000₸,,,Шымкент,30 апреля,7,FALSE,FALSE,FALSE,,79 103 000 ₸,75 500 000 ₸,2021 - н.в. 4 поколение,Внедорожник,3.5 (бензин),48 574 км,Автомат,Полный привод,Слева,черный,Да,all,75500000
BMW X7 XDrive 40i,2022,https://kolesa.kz/a/show/216519672?search_id=435327eb9ed9a88c0b6a01240ce81417ac47b737&search_type=filter&advert_position=709,76 050 000₸,,,Алматы,30 апреля,632,TRUE,FALSE,FALSE,,79 300 000 ₸,76 050 000 ₸,2022 - н.в. G07 рестайлинг,Кроссовер,3 (бензин),80 км,Автомат,Полный привод,Слева,черный,Да,all,76050000
Mercedes-Benz GLS 63 AMG,2019,https://kolesa.kz/a/show/211493393?search_id=435327eb9ed9a88c0b6a01240ce81417ac47b737&search_type=filter&advert_position=710,85 000 000₸,,,Караганда,30 апреля,3060,FALSE,FALSE,FALSE,,,85 000 000 ₸,2019 - н.в. X167,Внедорожник,6.3 (бензин),60 000 км,Автомат,Полный привод,Слева,,Да,all,85000000
Land Rover Range Rover Sport,2022,https://kolesa.kz/a/show/217743317?search_id=435327eb9ed9a88c0b6a01240ce81417ac47b737&search_type=filter&advert_position=711,87 000 000₸,,,Астана,30 апреля,4,FALSE,FALSE,FALSE,,,87 000 000 ₸,2022 - н.в. 3 поколение,Внедорожник,3 (бензин),30 000 км,Автомат,Полный привод,Слева,,Да,all,87000000
Lexus LX 570,2015,https://kolesa.kz/a/show/212796069?search_id=435327eb9ed9a88c0b6a01240ce81417ac47b737&search_type=filter&advert_position=712,64 900 000₸,584 021₸/мес,72%,Астана,30 апреля,11,FALSE,FALSE,FALSE,584 021₸,57 686 000 ₸,64 900 000 ₸,2015 - н.в. 3 поколение [2-й рестайлинг] (J2),Внедорожник,5.7 (бензин),78 000 км,Автомат,Полный привод,Слева,черный,Да,all,64900000
Land Rover Range Rover,2021,https://kolesa.kz/a/show/213607937?search_id=435327eb9ed9a88c0b6a01240ce81417ac47b737&search_type=filter&advert_position=713,142 000 000₸,,,Астана,30 апреля,5,FALSE,FALSE,FALSE,,135 040 000 ₸,142 000 000 ₸,2021 - н.в. 5 поколение,Внедорожник,4.4 (бензин),12 000 км,Автомат,Полный привод,Слева,черный,Да,all,142000000
Mercedes-Benz G 500,2018,https://kolesa.kz/a/show/215260609?search_id=435327eb9ed9a88c0b6a01240ce81417ac47b737&search_type=filter&advert_position=714,119 900 000₸,,,Астана,30 апреля,1,FALSE,FALSE,FALSE,,,119 900 000 ₸,2018 - н.в. W463,Внедорожник,4 (бензин),33 000 км,Автомат,Полный привод,Слева,черный,Да,all,119900000
Lexus LM,2019,https://kolesa.kz/a/show/218706750?search_id=435327eb9ed9a88c0b6a01240ce81417ac47b737&search_type=filter&advert_position=715,75 000 000₸,,,Алматы,30 апреля,11,TRUE,FALSE,FALSE,,,75 000 000 ₸,2019 - н.в. 1 поколение,Минивэн,2.5 (гибрид),5 463 км,Вариатор,Полный привод,Слева,черный металлик,Да,all,75000000
Mercedes-Benz S 450,2020,https://kolesa.kz/a/show/206537893?search_id=435327eb9ed9a88c0b6a01240ce81417ac47b737&search_type=filter&advert_position=716,76 000 000₸,,,Астана,30 апреля,1,FALSE,FALSE,FALSE,,69 685 000 ₸,76 000 000 ₸,2020 - н.в. W223,Седан,3 (бензин),24 000 км,Автомат,Полный привод,Слева,,Да,all,76000000
Toyota Alphard,2018,https://kolesa.kz/a/show/200060640?search_id=435327eb9ed9a88c0b6a01240ce81417ac47b737&search_type=filter&advert_position=717,75 000 000₸,,,Астана,30 апреля,7,FALSE,FALSE,FALSE,,,75 000 000 ₸,2018 - н.в. 3 поколение рестайлинг (H3),Минивэн,2.5 (гибрид),19 000 км,Автомат,Полный привод,Слева,черный,Да,all,75000000
Mercedes-Benz G 63 AMG,2024,https://kolesa.kz/a/show/217113273?search_id=435327eb9ed9a88c0b6a01240ce81417ac47b737&search_type=filter&advert_position=718,176 000 000₸,,,Астана,30 апреля,5,FALSE,FALSE,FALSE,,174 225 000 ₸,176 000 000 ₸,2024 - н.в. W463 рестайлинг,Внедорожник,4 (бензин),1 600 км,Автомат,Полный привод,Слева,черный,Да,all,176000000
Toyota Land Cruiser,2021,https://kolesa.kz/a/show/209903807?search_id=435327eb9ed9a88c0b6a01240ce81417ac47b737&search_type=filter&advert_position=719,64 400 000₸,584 021₸/мес,72%,Астана,30 апреля,4,FALSE,FALSE,FALSE,584 021₸,56 149 000 ₸,64 400 000 ₸,2021 - н.в. J300,Внедорожник,3.5 (бензин),17 000 км,Автомат,Полный привод,Слева,белый,Да,all,64400000
Land Rover Range Rover,2021,https://kolesa.kz/a/show/215636596?search_id=435327eb9ed9a88c0b6a01240ce81417ac47b737&search_type=filter&advert_position=720,99 000 000₸,,,Алматы,30 апреля,2,FALSE,FALSE,FALSE,,89 769 000 ₸,99 000 000 ₸,2021 - н.в. 5 поколение,Внедорожник,3 (бензин),30 000 км,Автомат,Полный привод,Слева,черный,Да,all,99000000
Land Rover Range Rover,2021,https://kolesa.kz/a/show/216288470?search_id=f528eb646a088f744d5f14c43ff6f79590112a22&search_type=filter&advert_position=721,109 800 000₸,,,Алматы,30 апреля,7,FALSE,FALSE,FALSE,,93 787 000 ₸,109 800 000 ₸,2021 - н.в. 5 поколение,Внедорожник,4.4 (бензин),10 000 км,Автомат,Полный привод,Слева,,Да,all,109800000
Mercedes-Benz G 63 AMG,2018,https://kolesa.kz/a/show/214579288?search_id=f528eb646a088f744d5f14c43ff6f79590112a22&search_type=filter&advert_position=722,187 000 000₸,,,Алматы,30 апреля,5,FALSE,FALSE,FALSE,,146 412 000 ₸,187 000 000 ₸,2018 - н.в. W463,Внедорожник,4 (бензин),8 000 км,Автомат,Полный привод,Слева,бронза,Да,all,187000000
Mercedes-Benz G 63 AMG,2024,https://kolesa.kz/a/show/215262227?search_id=f528eb646a088f744d5f14c43ff6f79590112a22&search_type=filter&advert_position=723,169 000 000₸,,,Алматы,30 апреля,2,FALSE,FALSE,FALSE,,174 225 000 ₸,169 000 000 ₸,2024 - н.в. W463 рестайлинг,Внедорожник,4 (бензин),,Автомат,Полный привод,Слева,черный,Да,all,169000000
Lexus LX 600,2021,https://kolesa.kz/a/show/215132982?search_id=f528eb646a088f744d5f14c43ff6f79590112a22&search_type=filter&advert_position=724,79 950 000₸,,,Алматы,30 апреля,591,FALSE,FALSE,FALSE,,79 103 000 ₸,79 950 000 ₸,2021 - н.в. 4 поколение,Внедорожник,3.5 (бензин),20 000 км,Автомат,Полный привод,Слева,серый,Да,all,79950000
Mercedes-Benz G 63 AMG,2018,https://kolesa.kz/a/show/215263584?search_id=f528eb646a088f744d5f14c43ff6f79590112a22&search_type=filter&advert_position=725,113 700 000₸,,,Алматы,30 апреля,3,FALSE,FALSE,FALSE,,104 010 000 ₸,113 700 000 ₸,2018 - н.в. W463,Внедорожник,4 (бензин),40 000 км,Автомат,Полный привод,Слева,белый,Да,all,113700000
Porsche 911,2011,https://kolesa.kz/a/show/217600997?search_id=f528eb646a088f744d5f14c43ff6f79590112a22&search_type=filter&advert_position=726,77 500 000₸,,,Алматы,30 апреля,22,FALSE,FALSE,FALSE,,,77 500 000 ₸,2011 - 2015 991,Купе,3.8 (бензин),56 000 км,Робот,Полный привод,Слева,,Да,all,77500000
Mercedes-Benz G 63 AMG,2018,https://kolesa.kz/a/show/215388221?search_id=f528eb646a088f744d5f14c43ff6f79590112a22&search_type=filter&advert_position=727,108 900 000₸,,,Алматы,30 апреля,1,FALSE,FALSE,FALSE,,104 010 000 ₸,108 900 000 ₸,2018 - н.в. W463,Внедорожник,4 (бензин),46 000 км,Автомат,Полный привод,Слева,черный,Да,all,108900000
Lexus LX 600,2021,https://kolesa.kz/a/show/217486227?search_id=f528eb646a088f744d5f14c43ff6f79590112a22&search_type=filter&advert_position=728,77 900 000₸,,,Алматы,30 апреля,6,FALSE,FALSE,FALSE,,73 055 000 ₸,77 900 000 ₸,2021 - н.в. 4 поколение,Внедорожник,3.5 (бензин),28 000 км,Автомат,Полный привод,Слева,белый,Да,all,77900000
Land Rover Range Rover,2021,https://kolesa.kz/a/show/217379612?search_id=f528eb646a088f744d5f14c43ff6f79590112a22&search_type=filter&advert_position=729,79 990 000₸,,,Алматы,30 апреля,6,FALSE,FALSE,FALSE,,89 769 000 ₸,79 990 000 ₸,2021 - н.в. 5 поколение,Внедорожник,3 (бензин),46 000 км,Автомат,Полный привод,Слева,,Да,all,79990000
BMW X6,2023,https://kolesa.kz/a/show/211972197?search_id=f528eb646a088f744d5f14c43ff6f79590112a22&search_type=filter&advert_position=730,89 500 000₸,584 021₸/мес,80%,Астана,30 апреля,3,FALSE,FALSE,FALSE,584 021₸,,89 500 000 ₸,2023 - н.в. G06 рестайлинг,Кроссовер,3 (бензин),2 000 км,Автомат,Полный привод,Слева,серый,Да,all,89500000
Land Rover Range Rover,2021,https://kolesa.kz/a/show/209979756?search_id=f528eb646a088f744d5f14c43ff6f79590112a22&search_type=filter&advert_position=731,85 900 000₸,,,Шымкент,30 апреля,4,FALSE,FALSE,FALSE,,93 787 000 ₸,85 900 000 ₸,2021 - н.в. 5 поколение,Внедорожник,4.4 (бензин),67 000 км,Автомат,Полный привод,Справа,зеленый металлик,Да,all,85900000
BMW X5,2023,https://kolesa.kz/a/show/217177269?search_id=f528eb646a088f744d5f14c43ff6f79590112a22&search_type=filter&advert_position=732,68 500 000₸,,,Астана,30 апреля,343,TRUE,FALSE,FALSE,,65 066 000 ₸,68 500 000 ₸,2023 - н.в. G05 рестайлинг,Кроссовер,3 (бензин),5 395 км,Автомат,Полный привод,Слева,синий,Да,all,68500000
BMW 740,2022,https://kolesa.kz/a/show/208853564?search_id=f528eb646a088f744d5f14c43ff6f79590112a22&search_type=filter&advert_position=733,64 900 000₸,,,Шымкент,30 апреля,2,FALSE,FALSE,FALSE,,67 508 000 ₸,64 900 000 ₸,2022 - н.в. G70,Седан,3 (бензин),29 000 км,Автомат,Полный привод,Слева,хамелеон металлик,Да,all,64900000
GMC Yukon,2020,https://kolesa.kz/a/show/218704498?search_id=f528eb646a088f744d5f14c43ff6f79590112a22&search_type=filter&advert_position=734,60 000 000₸,,,Алматы,30 апреля,14,FALSE,FALSE,FALSE,,,60 000 000 ₸,2020 - н.в. GMT1YC,Внедорожник,6.2 (бензин),2 200 км,Автомат,Полный привод,Слева,черный,Да,all,60000000
BMW X6 XDrive 40i,2023,https://kolesa.kz/a/show/216515595?search_id=f528eb646a088f744d5f14c43ff6f79590112a22&search_type=filter&advert_position=735,68 000 000₸,,,Караганда,30 апреля,531,FALSE,FALSE,TRUE,,71 041 000 ₸,68 000 000 ₸,2023 - н.в. G06 рестайлинг,Кроссовер,3 (бензин),500 км,Автомат,Полный привод,Слева,синий металлик,Да,all,68000000
Mercedes-Benz S 63 AMG,2017,https://kolesa.kz/a/show/212393834?search_id=f528eb646a088f744d5f14c43ff6f79590112a22&search_type=filter&advert_position=736,62 800 000₸,,,Алматы,30 апреля,4,FALSE,FALSE,FALSE,,48 286 000 ₸,62 800 000 ₸,2017 - 2020 W222/C217/A217 рестайлинг,Седан,4 (бензин),,Автомат,Полный привод,Слева,черный,Да,all,62800000
BMW X5,2023,https://kolesa.kz/a/show/218700599?search_id=f528eb646a088f744d5f14c43ff6f79590112a22&search_type=filter&advert_position=737,60 000 000₸,584 021₸/мес,70%,Актау,30 апреля,12,FALSE,FALSE,FALSE,584 021₸,59 457 000 ₸,60 000 000 ₸,2023 - н.в. G05 рестайлинг,Кроссовер,3 (бензин),45 000 км,Автомат,Полный привод,Слева,,Да,all,60000000
Land Rover Range Rover,2021,https://kolesa.kz/a/show/204392865?search_id=f528eb646a088f744d5f14c43ff6f79590112a22&search_type=filter&advert_position=738,85 000 000₸,,,Алматы,30 апреля,6,FALSE,FALSE,FALSE,,89 769 000 ₸,85 000 000 ₸,2021 - н.в. 5 поколение,Внедорожник,3 (бензин),65 000 км,Автомат,Полный привод,Слева,серый металлик,Да,all,85000000
Mercedes-Benz S 450,2020,https://kolesa.kz/a/show/216938660?search_id=f528eb646a088f744d5f14c43ff6f79590112a22&search_type=filter&advert_position=739,65 000 000₸,,,Астана,30 апреля,9,FALSE,FALSE,FALSE,,69 685 000 ₸,65 000 000 ₸,2020 - н.в. W223,Седан,3 (бензин),,Автомат,Полный привод,Слева,,Да,all,65000000
Toyota Land Cruiser Luxe,2021,https://kolesa.kz/a/show/190889931?search_id=f528eb646a088f744d5f14c43ff6f79590112a22&search_type=filter&advert_position=740,68 590 000₸,,,Астана,30 апреля,3051,FALSE,FALSE,TRUE,,67 236 000 ₸,68 590 000 ₸,2021 - н.в. J300,Внедорожник,3.5 (бензин),,Автомат,Полный привод,Слева,,Да,all,68590000
Mercedes-Benz G 63 AMG,2018,https://kolesa.kz/a/show/217497392?search_id=d731d4a32827b40747612da9c3d6457adaf579be&search_type=filter&advert_position=741,115 800 000₸,,,Астана,30 апреля,8,FALSE,FALSE,FALSE,,113 951 000 ₸,115 800 000 ₸,2018 - н.в. W463,Внедорожник,4 (бензин),42 000 км,Автомат,Полный привод,Слева,,Да,all,115800000
Mercedes-Benz G 63 AMG,2018,https://kolesa.kz/a/show/215289008?search_id=d731d4a32827b40747612da9c3d6457adaf579be&search_type=filter&advert_position=742,87 000 000₸,,,Астана,30 апреля,16,FALSE,FALSE,FALSE,,97 925 000 ₸,87 000 000 ₸,2018 - н.в. W463,Внедорожник,4 (бензин),36 118 км,Автомат,Полный привод,Слева,,Да,all,87000000
BMW X6 XDrive 40i,2023,https://kolesa.kz/a/show/214486732?search_id=d731d4a32827b40747612da9c3d6457adaf579be&search_type=filter&advert_position=743,79 536 457₸,,,Караганда,30 апреля,815,FALSE,FALSE,TRUE,,71 041 000 ₸,79 536 457 ₸,2023 - н.в. G06 рестайлинг,Кроссовер,3 (бензин),15 км,Автомат,Полный привод,Слева,белый металлик,Да,all,79536457
Land Rover Defender,2019,https://kolesa.kz/a/show/218697449?search_id=d731d4a32827b40747612da9c3d6457adaf579be&search_type=filter&advert_position=744,76 750 000₸,,,Алматы,30 апреля,9,FALSE,FALSE,FALSE,,63 830 000 ₸,76 750 000 ₸,2019 - н.в. 2 поколение (L663),Внедорожник,3 (бензин),3 800 км,Автомат,Полный привод,Слева,,Да,all,76750000
Mercedes-Benz G 63 AMG,2018,https://kolesa.kz/a/show/216874536?search_id=d731d4a32827b40747612da9c3d6457adaf579be&search_type=filter&advert_position=745,105 000 000₸,,,Алматы,30 апреля,4,FALSE,FALSE,FALSE,,97 925 000 ₸,105 000 000 ₸,2018 - н.в. W463,Внедорожник,4 (бензин),36 000 км,Автомат,Полный привод,Слева,белый,Да,all,105000000
Nissan Patrol Titanium+,2024,https://kolesa.kz/a/show/201974296?search_id=d731d4a32827b40747612da9c3d6457adaf579be&search_type=filter&advert_position=746,64 990 000₸,,,Астана,30 апреля,4449,FALSE,FALSE,TRUE,,,64 990 000 ₸,2024 - н.в. Y63,Внедорожник,3.5 (бензин),,Автомат,Полный привод,Слева,,Да,all,64990000
Lexus LX 570,2015,https://kolesa.kz/a/show/162498823?search_id=d731d4a32827b40747612da9c3d6457adaf579be&search_type=filter&advert_position=747,60 000 000₸,584 021₸/мес,70%,Актау,30 апреля,10,FALSE,FALSE,FALSE,584 021₸,57 686 000 ₸,60 000 000 ₸,2015 - н.в. 3 поколение [2-й рестайлинг] (J2),Внедорожник,5.7 (бензин),75 000 км,Автомат,Полный привод,Слева,белый,Да,all,60000000
Dodge RAM,2018,https://kolesa.kz/a/show/211487143?search_id=d731d4a32827b40747612da9c3d6457adaf579be&search_type=filter&advert_position=748,74 000 000₸,,,Астана,30 апреля,218,FALSE,FALSE,FALSE,,68 682 000 ₸,74 000 000 ₸,2018 - н.в. 5 поколение,Пикап,6.2 (бензин),17 000 км,Автомат,Полный привод,Слева,серый металлик,Да,all,74000000
Toyota Land Cruiser Premium,2021,https://kolesa.kz/a/show/193755106?search_id=d731d4a32827b40747612da9c3d6457adaf579be&search_type=filter&advert_position=749,74 890 000₸,,,Караганда,30 апреля,1701,FALSE,FALSE,TRUE,,67 236 000 ₸,74 890 000 ₸,2021 - н.в. J300,Внедорожник,3.5 (бензин),,Автомат,Полный привод,Слева,,Да,all,74890000
Mercedes-Benz G 63 AMG,2018,https://kolesa.kz/a/show/218695268?search_id=d731d4a32827b40747612da9c3d6457adaf579be&search_type=filter&advert_position=750,92 555 555₸,,,Алматы,30 апреля,17,FALSE,FALSE,FALSE,,113 951 000 ₸,92 555 555 ₸,2018 - н.в. W463,Внедорожник,4 (бензин),18 000 км,Автомат,Полный привод,Слева,черный,Да,all,92555555
Toyota Land Cruiser Prestige,2021,https://kolesa.kz/a/show/190890062?search_id=d731d4a32827b40747612da9c3d6457adaf579be&search_type=filter&advert_position=751,65 390 000₸,,,Астана,30 апреля,2136,FALSE,FALSE,TRUE,,67 236 000 ₸,65 390 000 ₸,2021 - н.в. J300,Внедорожник,3.5 (бензин),,Автомат,Полный привод,Слева,,Да,all,65390000
Toyota Land Cruiser Premium,2021,https://kolesa.kz/a/show/190889935?search_id=d731d4a32827b40747612da9c3d6457adaf579be&search_type=filter&advert_position=752,74 890 000₸,,,Астана,30 апреля,1793,FALSE,FALSE,TRUE,,67 236 000 ₸,74 890 000 ₸,2021 - н.в. J300,Внедорожник,3.5 (бензин),,Автомат,Полный привод,Слева,,Да,all,74890000
Mercedes-Benz S 63 AMG,2017,https://kolesa.kz/a/show/214821726?search_id=d731d4a32827b40747612da9c3d6457adaf579be&search_type=filter&advert_position=753,85 000 000₸,,,Алматы,30 апреля,380,FALSE,FALSE,FALSE,,,85 000 000 ₸,2017 - 2020 W222/C217/A217 рестайлинг,Купе,4 (бензин),28 500 км,Автомат,Полный привод,Слева,,Да,all,85000000
Toyota Land Cruiser Premium+,2021,https://kolesa.kz/a/show/201510404?search_id=d731d4a32827b40747612da9c3d6457adaf579be&search_type=filter&advert_position=754,76 690 000₸,,,Караганда,30 апреля,24,FALSE,FALSE,TRUE,,67 236 000 ₸,76 690 000 ₸,2021 - н.в. J300,Внедорожник,3.5 (бензин),,Автомат,Полный привод,Слева,,Да,all,76690000
Ford Bronco,2020,https://kolesa.kz/a/show/215885004?search_id=d731d4a32827b40747612da9c3d6457adaf579be&search_type=filter&advert_position=755,62 000 000₸,,,Алматы,30 апреля,8,FALSE,FALSE,FALSE,,,62 000 000 ₸,2020 - н.в. 6 поколение,Внедорожник,2.7 (бензин),45 000 км,Автомат,Полный привод,Слева,белый металлик,Да,all,62000000
Toyota Land Cruiser Prestige Off-Road,2021,https://kolesa.kz/a/show/190890073?search_id=d731d4a32827b40747612da9c3d6457adaf579be&search_type=filter&advert_position=756,67 190 000₸,,,Астана,30 апреля,1931,FALSE,FALSE,TRUE,,,67 190 000 ₸,2021 - н.в. J300,Внедорожник,3.5 (бензин),,Автомат,Полный привод,Слева,,Да,all,67190000
Mercedes-Maybach S 580,2021,https://kolesa.kz/a/show/217033441?search_id=d731d4a32827b40747612da9c3d6457adaf579be&search_type=filter&advert_position=757,80 000 000₸,,,Шымкент,30 апреля,1123,FALSE,FALSE,FALSE,,,80 000 000 ₸,2021 - н.в. Z223,Седан,4 (бензин),115 000 км,Автомат,Полный привод,Слева,,Да,all,80000000
BMW X7 XDrive 40i,2022,https://kolesa.kz/a/show/214494414?search_id=d731d4a32827b40747612da9c3d6457adaf579be&search_type=filter&advert_position=758,89 166 941₸,,,Караганда,30 апреля,818,FALSE,FALSE,TRUE,,79 300 000 ₸,89 166 941 ₸,2022 - н.в. G07 рестайлинг,Кроссовер,3 (бензин),10 км,Автомат,Полный привод,Слева,белый металлик,Да,all,89166941
Mercedes-Benz G 500,2018,https://kolesa.kz/a/show/218690445?search_id=d731d4a32827b40747612da9c3d6457adaf579be&search_type=filter&advert_position=759,85 000 000₸,,,Астана,30 апреля,11,FALSE,FALSE,FALSE,,88 806 000 ₸,85 000 000 ₸,2018 - н.в. W463,Внедорожник,4 (бензин),71 000 км,Автомат,Полный привод,Слева,,Да,all,85000000
Toyota Land Cruiser,2021,https://kolesa.kz/a/show/214017996?search_id=d731d4a32827b40747612da9c3d6457adaf579be&search_type=filter&advert_position=760,60 000 000₸,584 021₸/мес,70%,Атырау,30 апреля,13,FALSE,FALSE,FALSE,584 021₸,60 621 000 ₸,60 000 000 ₸,2021 - н.в. J300,Внедорожник,3.5 (бензин),6 500 км,Автомат,Полный привод,Слева,черный металлик,Да,all,60000000
Toyota Land Cruiser,2021,https://kolesa.kz/a/show/207775047?search_id=081a5fee386f239596ad9700f476402aa42fef74&search_type=filter&advert_position=761,64 000 000₸,584 021₸/мес,72%,Тараз,30 апреля,2,FALSE,FALSE,FALSE,584 021₸,56 149 000 ₸,64 000 000 ₸,2021 - н.в. J300,Внедорожник,3.5 (бензин),20 000 км,Автомат,Полный привод,Слева,белый,Да,all,64000000
BMW X7 XDrive 40i,2022,https://kolesa.kz/a/show/217160473?search_id=081a5fee386f239596ad9700f476402aa42fef74&search_type=filter&advert_position=762,89 854 000₸,,,Усть-Каменогорск,30 апреля,355,FALSE,FALSE,TRUE,,79 300 000 ₸,89 854 000 ₸,2022 - н.в. G07 рестайлинг,Кроссовер,3 (бензин),,Автомат,Полный привод,Слева,черный металлик,Да,all,89854000
Mercedes-Benz G 63 AMG,2018,https://kolesa.kz/a/show/218669044?search_id=081a5fee386f239596ad9700f476402aa42fef74&search_type=filter&advert_position=763,110 000 000₸,,,Шымкент,30 апреля,19,FALSE,FALSE,FALSE,,97 925 000 ₸,110 000 000 ₸,2018 - н.в. W463,Внедорожник,4 (бензин),64 000 км,Автомат,Полный привод,Слева,черный металлик,Да,all,110000000
Porsche Cayenne,2023,https://kolesa.kz/a/show/210254201?search_id=081a5fee386f239596ad9700f476402aa42fef74&search_type=filter&advert_position=764,65 000 000₸,,,Алматы,30 апреля,525,FALSE,FALSE,FALSE,,,65 000 000 ₸,2023 - н.в. 3 поколение рестайлинг,Кроссовер,3 (гибрид),7 000 км,Автомат,Полный привод,Слева,белый металлик,Да,all,65000000
Toyota Sequoia,2022,https://kolesa.kz/a/show/199961406?search_id=081a5fee386f239596ad9700f476402aa42fef74&search_type=filter&advert_position=765,61 000 000₸,,,Актау,30 апреля,1,FALSE,FALSE,FALSE,,58 610 000 ₸,61 000 000 ₸,2022 - н.в. 3 поколение,Внедорожник,3.5 (гибрид),37 000 км,Автомат,Полный привод,Слева,,Да,all,61000000
Mercedes-Benz S 580,2020,https://kolesa.kz/a/show/213564074?search_id=081a5fee386f239596ad9700f476402aa42fef74&search_type=filter&advert_position=766,98 800 000₸,,,Алматы,30 апреля,8,FALSE,FALSE,FALSE,,88 073 000 ₸,98 800 000 ₸,2020 - н.в. W223,Седан,4 (бензин),8 600 км,Автомат,Полный привод,Слева,,Да,all,98800000
Mercedes-Benz AMG GT,2017,https://kolesa.kz/a/show/203164533?search_id=081a5fee386f239596ad9700f476402aa42fef74&search_type=filter&advert_position=767,65 000 000₸,,,Астана,30 апреля,9,FALSE,FALSE,FALSE,,66 800 000 ₸,65 000 000 ₸,2017 - 2024 1 поколение рестайлинг,Лифтбек,4 (бензин),59 000 км,Робот,Полный привод,Слева,,Да,all,65000000
Mercedes-Benz GLS 63 AMG,2019,https://kolesa.kz/a/show/217689643?search_id=081a5fee386f239596ad9700f476402aa42fef74&search_type=filter&advert_position=768,90 000 000₸,,,Астана,30 апреля,4,FALSE,FALSE,FALSE,,,90 000 000 ₸,2019 - н.в. X167,Внедорожник,4 (гибрид),28 000 км,Автомат,Полный привод,Слева,,Да,all,90000000
Lexus LX 570,2015,https://kolesa.kz/a/show/218677804?search_id=081a5fee386f239596ad9700f476402aa42fef74&search_type=filter&advert_position=769,62 000 000₸,584 021₸/мес,71%,Алматы,30 апреля,37,FALSE,FALSE,FALSE,584 021₸,57 686 000 ₸,62 000 000 ₸,2015 - н.в. 3 поколение [2-й рестайлинг] (J2),Внедорожник,5.7 (бензин),95 000 км,Автомат,Полный привод,Слева,,Да,all,62000000
Toyota Land Cruiser,2021,https://kolesa.kz/a/show/217874134?search_id=081a5fee386f239596ad9700f476402aa42fef74&search_type=filter&advert_position=770,62 500 000₸,584 021₸/мес,71%,Алматы,30 апреля,9,FALSE,FALSE,FALSE,584 021₸,56 149 000 ₸,62 500 000 ₸,2021 - н.в. J300,Внедорожник,3.5 (бензин),20 000 км,Автомат,Полный привод,Слева,,Да,all,62500000
Mercedes-Maybach S 680,2026,https://kolesa.kz/a/show/216441511?search_id=081a5fee386f239596ad9700f476402aa42fef74&search_type=filter&advert_position=771,170 000 000₸,,,Алматы,30 апреля,1335,FALSE,FALSE,FALSE,,,170 000 000 ₸,2026 - н.в. Z223 рестайлинг,Седан,4 (бензин),,Автомат,Полный привод,Слева,белый,Да,all,170000000
Land Rover Defender,2019,https://kolesa.kz/a/show/211502613?search_id=081a5fee386f239596ad9700f476402aa42fef74&search_type=filter&advert_position=772,65 600 000₸,,,Алматы,30 апреля,10519,FALSE,TRUE,FALSE,,63 830 000 ₸,65 600 000 ₸,2019 - н.в. 2 поколение (L663),Внедорожник,3 (бензин),8 563 км,Автомат,Полный привод,Слева,,Да,all,65600000
Land Rover Range Rover Sport,2022,https://kolesa.kz/a/show/214561451?search_id=081a5fee386f239596ad9700f476402aa42fef74&search_type=filter&advert_position=773,64 700 000₸,,,Алматы,30 апреля,1990,FALSE,TRUE,FALSE,,,64 700 000 ₸,2022 - н.в. 3 поколение,Внедорожник,3 (бензин),24 564 км,Автомат,Полный привод,Слева,,Да,all,64700000
Mercedes-Benz G 63 AMG,2024,https://kolesa.kz/a/show/215098343?search_id=081a5fee386f239596ad9700f476402aa42fef74&search_type=filter&advert_position=774,183 000 000₸,,,Алматы,29 апреля,1050,FALSE,FALSE,FALSE,,177 311 000 ₸,183 000 000 ₸,2024 - н.в. W463 рестайлинг,Внедорожник,4 (бензин),4 000 км,Автомат,Полный привод,Слева,черный,Да,all,183000000
Nissan Patrol Platinum City,2024,https://kolesa.kz/a/show/209555171?search_id=081a5fee386f239596ad9700f476402aa42fef74&search_type=filter&advert_position=775,64 990 000₸,,,Актау,29 апреля,2150,FALSE,FALSE,TRUE,,,64 990 000 ₸,2024 - н.в. Y63,Внедорожник,3.5 (бензин),,Автомат,Полный привод,Слева,,Да,all,64990000
Toyota Land Cruiser Premium+,2021,https://kolesa.kz/a/show/206869096?search_id=081a5fee386f239596ad9700f476402aa42fef74&search_type=filter&advert_position=776,76 690 000₸,,,Атырау,29 апреля,5335,TRUE,FALSE,FALSE,,67 236 000 ₸,76 690 000 ₸,2021 - н.в. J300,Внедорожник,3.5 (бензин),,Автомат,Полный привод,Слева,,Да,all,76690000
Land Rover Range Rover Sport,2022,https://kolesa.kz/a/show/217009236?search_id=081a5fee386f239596ad9700f476402aa42fef74&search_type=filter&advert_position=777,72 600 000₸,,,Алматы,29 апреля,312,FALSE,TRUE,FALSE,,71 247 000 ₸,72 600 000 ₸,2022 - н.в. 3 поколение,Внедорожник,3 (бензин),14 688 км,Автомат,Полный привод,Слева,,Да,all,72600000
Land Rover Range Rover Autobiography,2021,https://kolesa.kz/a/show/215239223?search_id=081a5fee386f239596ad9700f476402aa42fef74&search_type=filter&advert_position=778,80 000 000₸,,,Алматы,29 апреля,726,TRUE,FALSE,FALSE,,93 787 000 ₸,80 000 000 ₸,2021 - н.в. 5 поколение,Внедорожник,4.4 (бензин),,Автомат,Полный привод,Слева,золотистый металлик,Да,all,80000000
BMW X7,2022,https://kolesa.kz/a/show/218517122?search_id=081a5fee386f239596ad9700f476402aa42fef74&search_type=filter&advert_position=779,73 000 000₸,584 021₸/мес,75%,Алматы,29 апреля,139,FALSE,FALSE,FALSE,584 021₸,79 300 000 ₸,73 000 000 ₸,2022 - н.в. G07 рестайлинг,Кроссовер,3 (бензин),14 000 км,Автомат,Полный привод,Слева,,Да,all,73000000
Mercedes-Benz AMG GT,2023,https://kolesa.kz/a/show/217011931?search_id=081a5fee386f239596ad9700f476402aa42fef74&search_type=filter&advert_position=780,85 000 000₸,,,Алматы,29 апреля,1511,TRUE,FALSE,FALSE,,,85 000 000 ₸,2023 - н.в. 2 поколение,Купе,3 (бензин),,Автомат,Полный привод,Слева,черный металлик,Да,all,85000000
Mercedes-Benz AMG GT,2023,https://kolesa.kz/a/show/217011931?search_id=5948061ecdba00fd2e63e7ed25ba34529ed785bc&search_type=filter&advert_position=781,85 000 000₸,,,Алматы,29 апреля,1512,TRUE,FALSE,FALSE,,,85 000 000 ₸,2023 - н.в. 2 поколение,Купе,3 (бензин),,Автомат,Полный привод,Слева,черный металлик,Да,all,85000000
Porsche 911 GT3 RS,2018,https://kolesa.kz/a/show/201576596?search_id=5948061ecdba00fd2e63e7ed25ba34529ed785bc&search_type=filter&advert_position=782,310 000 000₸,,,Алматы,29 апреля,39633,FALSE,FALSE,TRUE,,,310 000 000 ₸,2018 - н.в. 992,Купе,4 (бензин),,Робот,Задний привод,Слева,золотистый металлик,Да,all,310000000
Mercedes-Benz G 63 AMG,2018,https://kolesa.kz/a/show/216969609?search_id=5948061ecdba00fd2e63e7ed25ba34529ed785bc&search_type=filter&advert_position=783,88 500 000₸,,,Алматы,29 апреля,1204,FALSE,FALSE,FALSE,,92 185 000 ₸,88 500 000 ₸,2018 - н.в. W463,Внедорожник,4 (бензин),60 000 км,Автомат,Полный привод,Слева,черный металлик,Да,all,88500000
Mercedes-Benz S 600,2024,https://kolesa.kz/a/show/217902324?search_id=5948061ecdba00fd2e63e7ed25ba34529ed785bc&search_type=filter&advert_position=784,222 000 000₸,,,Алматы,29 апреля,3417,FALSE,FALSE,FALSE,,6 129 000 ₸,222 000 000 ₸,1991 - 1993 W140/C140,Седан,6 (бензин),38 400 км,Автомат,Задний привод,Слева,черный,Да,all,222000000
Porsche Cayenne Coupe V6,2023,https://kolesa.kz/a/show/216324936?search_id=5948061ecdba00fd2e63e7ed25ba34529ed785bc&search_type=filter&advert_position=785,87 892 200₸,,,Алматы,29 апреля,361,FALSE,FALSE,TRUE,,,87 892 200 ₸,2023 - н.в. 3 поколение рестайлинг (9YB),Кроссовер,3 (бензин),,Автомат,Полный привод,Слева,серый,Да,all,87892200
BMW 850,2018,https://kolesa.kz/a/show/214694898?search_id=5948061ecdba00fd2e63e7ed25ba34529ed785bc&search_type=filter&advert_position=786,70 000 000₸,,,Алматы,29 апреля,3661,FALSE,FALSE,FALSE,,,70 000 000 ₸,2018 - н.в. G15,Купе,4.4 (бензин),11 000 км,Автомат,Полный привод,Слева,черный,Да,all,70000000
Mercedes-Benz G 580 EQ EQ,2018,https://kolesa.kz/a/show/200537847?search_id=5948061ecdba00fd2e63e7ed25ba34529ed785bc&search_type=filter&advert_position=787,145 000 000₸,,,Астана,29 апреля,4255,FALSE,FALSE,TRUE,,,145 000 000 ₸,2018 - н.в. W463,Внедорожник,,10 км,Автомат,Полный привод,Слева,синий металлик,Да,all,145000000
Lexus LX 600 Luxury+,2021,https://kolesa.kz/a/show/207151109?search_id=5948061ecdba00fd2e63e7ed25ba34529ed785bc&search_type=filter&advert_position=788,90 890 000₸,,,Атырау,29 апреля,4082,TRUE,FALSE,FALSE,,86 302 000 ₸,90 890 000 ₸,2021 - н.в. 4 поколение,Внедорожник,3.5 (бензин),,Автомат,Полный привод,Слева,,Да,all,90890000
Mercedes-Benz G 63 AMG,2018,https://kolesa.kz/a/show/215095875?search_id=5948061ecdba00fd2e63e7ed25ba34529ed785bc&search_type=filter&advert_position=789,78 800 000₸,,,Алматы,29 апреля,605,FALSE,FALSE,FALSE,,80 714 000 ₸,78 800 000 ₸,2018 - н.в. W463,Внедорожник,4 (бензин),109 000 км,Автомат,Полный привод,Слева,черный,Да,all,78800000
Toyota Land Cruiser Premium+,2021,https://kolesa.kz/a/show/211802731?search_id=5948061ecdba00fd2e63e7ed25ba34529ed785bc&search_type=filter&advert_position=790,72 855 500₸,,,Алматы,29 апреля,6326,FALSE,FALSE,TRUE,,67 236 000 ₸,72 855 500 ₸,2021 - н.в. J300,Внедорожник,3.5 (бензин),,Автомат,Полный привод,Слева,черный,Да,all,72855500
BMW X7 XDrive 40i,2022,https://kolesa.kz/a/show/214665319?search_id=5948061ecdba00fd2e63e7ed25ba34529ed785bc&search_type=filter&advert_position=791,82 385 639₸,,,Астана,29 апреля,235,FALSE,FALSE,TRUE,,79 300 000 ₸,82 385 639 ₸,2022 - н.в. G07 рестайлинг,Кроссовер,3 (бензин),,Автомат,Полный привод,Слева,,Да,all,82385639
Land Rover Range Rover HSE,2021,https://kolesa.kz/a/show/213355278?search_id=5948061ecdba00fd2e63e7ed25ba34529ed785bc&search_type=filter&advert_position=792,119 390 000₸,,,Астана,29 апреля,4081,FALSE,FALSE,TRUE,,,119 390 000 ₸,2021 - н.в. 5 поколение,Внедорожник,3 (бензин),,Автомат,Полный привод,Слева,белый металлик,Да,all,119390000
Land Rover Range Rover SE,2021,https://kolesa.kz/a/show/214600260?search_id=5948061ecdba00fd2e63e7ed25ba34529ed785bc&search_type=filter&advert_position=793,114 554 000₸,,,Костанай,29 апреля,2043,TRUE,FALSE,FALSE,,,114 554 000 ₸,2021 - н.в. 5 поколение,Внедорожник,3 (бензин),,Автомат,Полный привод,Слева,,Да,all,114554000
Lexus LX 600 Luxury,2021,https://kolesa.kz/a/show/201774170?search_id=5948061ecdba00fd2e63e7ed25ba34529ed785bc&search_type=filter&advert_position=794,90 990 000₸,,,Шымкент,29 апреля,6048,FALSE,FALSE,TRUE,,,90 990 000 ₸,2021 - н.в. 4 поколение,Внедорожник,3.5 (бензин),,Автомат,Полный привод,Слева,серый,Да,all,90990000
Lexus GX 550 Overtrail,2023,https://kolesa.kz/a/show/215323802?search_id=5948061ecdba00fd2e63e7ed25ba34529ed785bc&search_type=filter&advert_position=795,61 190 000₸,,,Актобе,29 апреля,1510,TRUE,FALSE,FALSE,,59 305 000 ₸,61 190 000 ₸,2023 - н.в. 3 поколение (J250),Внедорожник,3.4 (бензин),,Автомат,Полный привод,Слева,,Да,all,61190000
Mercedes-Benz GLS 450 4MATIC,2019,https://kolesa.kz/a/show/209240742?search_id=5948061ecdba00fd2e63e7ed25ba34529ed785bc&search_type=filter&advert_position=796,75 000 000₸,,,Алматы,29 апреля,1963,TRUE,FALSE,FALSE,,84 971 000 ₸,75 000 000 ₸,2019 - н.в. X167,Внедорожник,3 (бензин),,Автомат,Полный привод,Слева,черный,Да,all,75000000
Dodge RAM,2018,https://kolesa.kz/a/show/217612687?search_id=5948061ecdba00fd2e63e7ed25ba34529ed785bc&search_type=filter&advert_position=797,60 000 000₸,,,Астана,29 апреля,948,FALSE,FALSE,FALSE,,53 224 000 ₸,60 000 000 ₸,2018 - н.в. 5 поколение,Пикап,3 (бензин),100 км,Автомат,Полный привод,Слева,,Да,all,60000000
BMW X5 XDrive 40i,2023,https://kolesa.kz/a/show/216434519?search_id=5948061ecdba00fd2e63e7ed25ba34529ed785bc&search_type=filter&advert_position=798,72 411 921₸,,,Алматы,29 апреля,335,FALSE,FALSE,TRUE,,65 066 000 ₸,72 411 921 ₸,2023 - н.в. G05 рестайлинг,Кроссовер,3 (бензин),,Автомат,Полный привод,Слева,,Да,all,72411921
Mercedes-Benz EQS SUV,2022,https://kolesa.kz/a/show/213118390?search_id=5948061ecdba00fd2e63e7ed25ba34529ed785bc&search_type=filter&advert_position=799,88 927 000₸,,,Алматы,29 апреля,1661,FALSE,FALSE,TRUE,,,88 927 000 ₸,2022 - н.в. 1 поколение,Кроссовер,,,Автомат,Полный привод,Слева,,Да,all,88927000
Lexus LX 600 Luxury+,2021,https://kolesa.kz/a/show/206599477?search_id=5948061ecdba00fd2e63e7ed25ba34529ed785bc&search_type=filter&advert_position=800,90 890 000₸,,,Алматы,29 апреля,10598,FALSE,FALSE,TRUE,,86 302 000 ₸,90 890 000 ₸,2021 - н.в. 4 поколение,Внедорожник,3.5 (бензин),,Автомат,Полный привод,Слева,черный металлик,Да,all,90890000
Porsche 911 Carrera GTS,2024,https://kolesa.kz/a/show/214301860?search_id=b5cc5ad1fa0591fc46cf43c107460aca0ba3f3bf&search_type=filter&advert_position=801,153 244 200₸,,,Алматы,29 апреля,4014,FALSE,FALSE,TRUE,,,153 244 200 ₸,2024 - н.в. 992 рестайлинг (992),Купе,3.6 (гибрид),,Робот,Задний привод,Слева,черный металлик,Да,all,153244200
Dodge RAM,2018,https://kolesa.kz/a/show/217628095?search_id=b5cc5ad1fa0591fc46cf43c107460aca0ba3f3bf&search_type=filter&advert_position=802,72 000 000₸,,,Алматы,29 апреля,1140,FALSE,FALSE,FALSE,,68 682 000 ₸,72 000 000 ₸,2018 - н.в. 5 поколение,Пикап,6.2 (бензин),66 500 км,Автомат,Полный привод,Слева,черный,Да,all,72000000
Tank 700 Limited,2023,https://kolesa.kz/a/show/192610806?search_id=b5cc5ad1fa0591fc46cf43c107460aca0ba3f3bf&search_type=filter&advert_position=803,71 000 000₸,,,Алматы,29 апреля,7803,FALSE,FALSE,TRUE,,,71 000 000 ₸,2023 - н.в. 1 поколение,Внедорожник,3 (гибрид),,Автомат,Полный привод,Слева,,Да,all,71000000
Mercedes-Benz V 300 D Avantgarde,2014,https://kolesa.kz/a/show/129056058?search_id=b5cc5ad1fa0591fc46cf43c107460aca0ba3f3bf&search_type=filter&advert_position=804,61 000 000₸,,,Астана,29 апреля,985,FALSE,FALSE,TRUE,,,61 000 000 ₸,2014 - н.в. W447,Минивэн,2 (дизель),,Автомат,Полный привод,Слева,черный металлик,Да,all,61000000
Toyota Land Cruiser Luxe,2021,https://kolesa.kz/a/show/215594662?search_id=b5cc5ad1fa0591fc46cf43c107460aca0ba3f3bf&search_type=filter&advert_position=805,70 890 000₸,,,Петропавловск,29 апреля,1319,FALSE,FALSE,TRUE,,,70 890 000 ₸,2021 - н.в. J300,Внедорожник,3.5 (бензин),,Автомат,Полный привод,Слева,белый,Да,all,70890000
Mercedes-Benz G 63 AMG,2018,https://kolesa.kz/a/show/217166600?search_id=b5cc5ad1fa0591fc46cf43c107460aca0ba3f3bf&search_type=filter&advert_position=806,88 950 000₸,,,Алматы,29 апреля,454,FALSE,FALSE,FALSE,,92 185 000 ₸,88 950 000 ₸,2018 - н.в. W463,Внедорожник,4 (бензин),61 000 км,Автомат,Полный привод,Слева,черный,Да,all,88950000
Lexus LX 600 Luxury 7S,2021,https://kolesa.kz/a/show/210209635?search_id=b5cc5ad1fa0591fc46cf43c107460aca0ba3f3bf&search_type=filter&advert_position=807,88 190 000₸,,,Караганда,29 апреля,8396,FALSE,FALSE,TRUE,,86 302 000 ₸,88 190 000 ₸,2021 - н.в. 4 поколение,Внедорожник,3.5 (бензин),,Автомат,Полный привод,Слева,серебристый металлик,Да,all,88190000
Lexus LX 600 Luxury+,2021,https://kolesa.kz/a/show/215901404?search_id=b5cc5ad1fa0591fc46cf43c107460aca0ba3f3bf&search_type=filter&advert_position=808,90 890 000₸,,,Алматы,29 апреля,1412,FALSE,FALSE,TRUE,,86 302 000 ₸,90 890 000 ₸,2021 - н.в. 4 поколение,Внедорожник,3.5 (бензин),,Автомат,Полный привод,Слева,белый металлик,Да,all,90890000
Mercedes-Benz G 63 AMG,2018,https://kolesa.kz/a/show/215474588?search_id=b5cc5ad1fa0591fc46cf43c107460aca0ba3f3bf&search_type=filter&advert_position=809,118 500 000₸,,,Алматы,29 апреля,127,FALSE,FALSE,FALSE,,97 925 000 ₸,118 500 000 ₸,2018 - н.в. W463,Внедорожник,4 (бензин),16 000 км,Автомат,Полный привод,Слева,черный,Да,all,118500000
Porsche Cayenne Coupe V6,2023,https://kolesa.kz/a/show/196579278?search_id=b5cc5ad1fa0591fc46cf43c107460aca0ba3f3bf&search_type=filter&advert_position=810,106 780 000₸,,,Алматы,29 апреля,1564,FALSE,FALSE,TRUE,,,106 780 000 ₸,2023 - н.в. 3 поколение рестайлинг (9YB),Кроссовер,3 (бензин),,Автомат,Полный привод,Слева,черный металлик,Да,all,106780000
Porsche Taycan GTS Sport Turismo,2019,https://kolesa.kz/a/show/209397717?search_id=b5cc5ad1fa0591fc46cf43c107460aca0ba3f3bf&search_type=filter&advert_position=811,93 300 000₸,,,Алматы,29 апреля,2064,FALSE,FALSE,TRUE,,,93 300 000 ₸,2019 - н.в. 1 поколение (Y1A),Универсал,,,Автомат,Полный привод,Слева,серый,Да,all,93300000
Mercedes-Benz G 63 AMG,2018,https://kolesa.kz/a/show/215357156?search_id=b5cc5ad1fa0591fc46cf43c107460aca0ba3f3bf&search_type=filter&advert_position=812,125 000 000₸,,,Алматы,29 апреля,55,FALSE,FALSE,FALSE,,113 951 000 ₸,125 000 000 ₸,2018 - н.в. W463,Внедорожник,4 (бензин),41 205 км,Автомат,Полный привод,Слева,черный,Да,all,125000000
BMW M8,2019,https://kolesa.kz/a/show/205378857?search_id=b5cc5ad1fa0591fc46cf43c107460aca0ba3f3bf&search_type=filter&advert_position=813,68 500 000₸,,,Алматы,29 апреля,476,FALSE,FALSE,FALSE,,,68 500 000 ₸,2019 - н.в. F91/F92/F93,Кабриолет,4.4 (бензин),35 000 км,Автомат,Полный привод,Слева,,Да,all,68500000
Toyota Land Cruiser Luxe,2021,https://kolesa.kz/a/show/215592644?search_id=b5cc5ad1fa0591fc46cf43c107460aca0ba3f3bf&search_type=filter&advert_position=814,70 890 000₸,,,Кокшетау,29 апреля,932,FALSE,FALSE,TRUE,,,70 890 000 ₸,2021 - н.в. J300,Внедорожник,3.5 (бензин),,Автомат,Полный привод,Слева,белый,Да,all,70890000
Mercedes-Benz GLS 450,2019,https://kolesa.kz/a/show/188638876?search_id=b5cc5ad1fa0591fc46cf43c107460aca0ba3f3bf&search_type=filter&advert_position=815,79 700 000₸,,,Алматы,29 апреля,378,FALSE,FALSE,FALSE,,71 857 000 ₸,79 700 000 ₸,2019 - н.в. X167,Внедорожник,3 (бензин),15 700 км,Автомат,Полный привод,Слева,черный,Да,all,79700000
Mercedes-Benz G 63 AMG,2018,https://kolesa.kz/a/show/216610531?search_id=b5cc5ad1fa0591fc46cf43c107460aca0ba3f3bf&search_type=filter&advert_position=816,128 900 000₸,,,Алматы,29 апреля,98,FALSE,FALSE,FALSE,,129 095 000 ₸,128 900 000 ₸,2018 - н.в. W463,Внедорожник,4 (бензин),28 000 км,Автомат,Полный привод,Слева,,Да,all,128900000
Toyota Land Cruiser,2021,https://kolesa.kz/a/show/217669186?search_id=b5cc5ad1fa0591fc46cf43c107460aca0ba3f3bf&search_type=filter&advert_position=817,60 000 000₸,584 021₸/мес,70%,Алматы,29 апреля,472,FALSE,FALSE,FALSE,584 021₸,60 621 000 ₸,60 000 000 ₸,2021 - н.в. J300,Внедорожник,3.5 (бензин),30 000 км,Автомат,Полный привод,Слева,черный металлик,Да,all,60000000
Porsche Cayenne Coupe,2023,https://kolesa.kz/a/show/215631477?search_id=b5cc5ad1fa0591fc46cf43c107460aca0ba3f3bf&search_type=filter&advert_position=818,83 000 000₸,,,Алматы,29 апреля,225,FALSE,FALSE,FALSE,,,83 000 000 ₸,2023 - н.в. 3 поколение рестайлинг (9YB),Кроссовер,3 (бензин),10 000 км,Автомат,Полный привод,Слева,серый,Да,all,83000000
BMW X7,2022,https://kolesa.kz/a/show/218563139?search_id=b5cc5ad1fa0591fc46cf43c107460aca0ba3f3bf&search_type=filter&advert_position=819,75 000 000₸,584 021₸/мес,76%,Алматы,29 апреля,117,FALSE,FALSE,FALSE,584 021₸,76 442 000 ₸,75 000 000 ₸,2022 - н.в. G07 рестайлинг,Кроссовер,4.4 (бензин),47 000 км,Автомат,Полный привод,Слева,серый,Да,all,75000000
Cadillac Escalade,2024,https://kolesa.kz/a/show/215609194?search_id=b5cc5ad1fa0591fc46cf43c107460aca0ba3f3bf&search_type=filter&advert_position=820,70 000 000₸,,,Алматы,29 апреля,71,FALSE,FALSE,FALSE,,,70 000 000 ₸,2024 - н.в. 5 поколение рестайлинг,Внедорожник,6.2 (бензин),24 000 км,Автомат,Полный привод,Слева,черный,Да,all,70000000
Cadillac Escalade,2024,https://kolesa.kz/a/show/215609194?search_id=f720b8fa5eb44a28ee2947077b4af9db78bd7e67&search_type=filter&advert_position=821,70 000 000₸,,,Алматы,29 апреля,72,FALSE,FALSE,FALSE,,,70 000 000 ₸,2024 - н.в. 5 поколение рестайлинг,Внедорожник,6.2 (бензин),24 000 км,Автомат,Полный привод,Слева,черный,Да,all,70000000
Land Rover Range Rover Sport,2017,https://kolesa.kz/a/show/216191625?search_id=f720b8fa5eb44a28ee2947077b4af9db78bd7e67&search_type=filter&advert_position=822,65 000 000₸,,,Астана,29 апреля,194,FALSE,FALSE,FALSE,,,65 000 000 ₸,2017 - 2022 2 поколение рестайлинг (L494),Внедорожник,5 (бензин),28 000 км,Автомат,Полный привод,Слева,,Да,all,65000000
Land Rover Range Rover Sport,2022,https://kolesa.kz/a/show/215878033?search_id=f720b8fa5eb44a28ee2947077b4af9db78bd7e67&search_type=filter&advert_position=823,65 000 000₸,,,Алматы,29 апреля,760,FALSE,FALSE,FALSE,,71 247 000 ₸,65 000 000 ₸,2022 - н.в. 3 поколение,Внедорожник,3 (бензин),28 500 км,Автомат,Полный привод,Слева,белый металлик,Да,all,65000000
Rolls-Royce Ghost,2009,https://kolesa.kz/a/show/212210087?search_id=f720b8fa5eb44a28ee2947077b4af9db78bd7e67&search_type=filter&advert_position=824,85 000 000₸,,,Алматы,29 апреля,4872,FALSE,FALSE,FALSE,,,85 000 000 ₸,2009 - 2014 1 поколение (RR4),Седан,6.6 (бензин),20 000 км,Автомат,Задний привод,Слева,белый,Да,all,85000000
Mercedes-Benz G 63 AMG,2018,https://kolesa.kz/a/show/216432808?search_id=f720b8fa5eb44a28ee2947077b4af9db78bd7e67&search_type=filter&advert_position=825,99 500 000₸,,,Астана,29 апреля,896,FALSE,FALSE,FALSE,,113 951 000 ₸,99 500 000 ₸,2018 - н.в. W463,Внедорожник,4 (бензин),18 000 км,Автомат,Полный привод,Слева,,Да,all,99500000
Porsche Taycan Turbo S Cross Turismo,2019,https://kolesa.kz/a/show/209396926?search_id=f720b8fa5eb44a28ee2947077b4af9db78bd7e67&search_type=filter&advert_position=826,86 900 000₸,,,Алматы,29 апреля,3010,FALSE,FALSE,TRUE,,,86 900 000 ₸,2019 - н.в. 1 поколение (Y1A),Универсал,,,Автомат,Полный привод,Слева,черный металлик,Да,all,86900000
Toyota Sequoia,2022,https://kolesa.kz/a/show/217668530?search_id=f720b8fa5eb44a28ee2947077b4af9db78bd7e67&search_type=filter&advert_position=827,61 800 000₸,,,Семей,29 апреля,545,TRUE,FALSE,FALSE,,,61 800 000 ₸,2022 - н.в. 3 поколение,Внедорожник,3.5 (гибрид),,Автомат,Полный привод,Слева,серебристый металлик,Да,all,61800000
BMW M3,2020,https://kolesa.kz/a/show/197659685?search_id=f720b8fa5eb44a28ee2947077b4af9db78bd7e67&search_type=filter&advert_position=828,61 000 000₸,,,Алматы,29 апреля,194,FALSE,FALSE,FALSE,,,61 000 000 ₸,2020 - н.в. G80,Универсал,3 (бензин),22 000 км,Автомат,Полный привод,Слева,серебристый,Да,all,61000000
Mercedes-Benz G 63 AMG,2018,https://kolesa.kz/a/show/215691648?search_id=f720b8fa5eb44a28ee2947077b4af9db78bd7e67&search_type=filter&advert_position=829,132 000 000₸,,,Алматы,29 апреля,16,FALSE,FALSE,FALSE,,113 951 000 ₸,132 000 000 ₸,2018 - н.в. W463,Внедорожник,4 (бензин),10 000 км,Автомат,Полный привод,Слева,,Да,all,132000000
Land Rover Defender,2019,https://kolesa.kz/a/show/216414378?search_id=f720b8fa5eb44a28ee2947077b4af9db78bd7e67&search_type=filter&advert_position=830,63 200 000₸,,,Алматы,29 апреля,11,FALSE,FALSE,FALSE,,63 830 000 ₸,63 200 000 ₸,2019 - н.в. 2 поколение (L663),Внедорожник,3 (бензин),11 000 км,Автомат,Полный привод,Слева,черный,Да,all,63200000
BMW X7,2022,https://kolesa.kz/a/show/217684066?search_id=f720b8fa5eb44a28ee2947077b4af9db78bd7e67&search_type=filter&advert_position=831,85 000 000₸,584 021₸/мес,79%,Астана,29 апреля,19,FALSE,FALSE,FALSE,584 021₸,79 300 000 ₸,85 000 000 ₸,2022 - н.в. G07 рестайлинг,Кроссовер,3 (бензин),3 000 км,Автомат,Полный привод,Слева,серый,Да,all,85000000
Lexus LX 600,2021,https://kolesa.kz/a/show/218663423?search_id=f720b8fa5eb44a28ee2947077b4af9db78bd7e67&search_type=filter&advert_position=832,81 000 000₸,,,Алматы,29 апреля,32,FALSE,FALSE,FALSE,,79 103 000 ₸,81 000 000 ₸,2021 - н.в. 4 поколение,Внедорожник,3.5 (бензин),39 000 км,Автомат,Полный привод,Слева,,Да,all,81000000
Lexus LX 600,2021,https://kolesa.kz/a/show/216988220?search_id=f720b8fa5eb44a28ee2947077b4af9db78bd7e67&search_type=filter&advert_position=833,85 000 000₸,,,Костанай,29 апреля,13,FALSE,FALSE,FALSE,,86 302 000 ₸,85 000 000 ₸,2021 - н.в. 4 поколение,Внедорожник,3.5 (бензин),12 000 км,Автомат,Полный привод,Слева,,Да,all,85000000
Mercedes-Benz AMG GT,2017,https://kolesa.kz/a/show/215205002?search_id=f720b8fa5eb44a28ee2947077b4af9db78bd7e67&search_type=filter&advert_position=834,67 800 000₸,,,Астана,29 апреля,14,FALSE,FALSE,FALSE,,66 800 000 ₸,67 800 000 ₸,2017 - 2024 1 поколение рестайлинг,Лифтбек,4 (бензин),39 000 км,Робот,Полный привод,Слева,,Да,all,67800000
BMW X7,2022,https://kolesa.kz/a/show/207595675?search_id=f720b8fa5eb44a28ee2947077b4af9db78bd7e67&search_type=filter&advert_position=835,73 000 000₸,584 021₸/мес,75%,Шымкент,29 апреля,11,FALSE,FALSE,FALSE,584 021₸,71 561 000 ₸,73 000 000 ₸,2022 - н.в. G07 рестайлинг,Кроссовер,3 (бензин),26 000 км,Автомат,Полный привод,Слева,белый металлик,Да,all,73000000
Toyota Land Cruiser,2021,https://kolesa.kz/a/show/198224970?search_id=f720b8fa5eb44a28ee2947077b4af9db78bd7e67&search_type=filter&advert_position=836,65 000 000₸,584 021₸/мес,72%,Алматы,29 апреля,16,FALSE,FALSE,FALSE,584 021₸,56 149 000 ₸,65 000 000 ₸,2021 - н.в. J300,Внедорожник,3.5 (бензин),19 000 км,Автомат,Полный привод,Слева,черный металлик,Да,all,65000000
Mercedes-Benz G 63 AMG,2018,https://kolesa.kz/a/show/198201140?search_id=f720b8fa5eb44a28ee2947077b4af9db78bd7e67&search_type=filter&advert_position=837,135 000 000₸,,,Алматы,29 апреля,12,FALSE,FALSE,FALSE,,113 951 000 ₸,135 000 000 ₸,2018 - н.в. W463,Внедорожник,4 (бензин),30 000 км,Автомат,Полный привод,Слева,черный,Да,all,135000000
Land Rover Range Rover,2021,https://kolesa.kz/a/show/198047210?search_id=f720b8fa5eb44a28ee2947077b4af9db78bd7e67&search_type=filter&advert_position=838,100 000 000₸,,,Алматы,29 апреля,20,FALSE,FALSE,FALSE,,90 748 000 ₸,100 000 000 ₸,2021 - н.в. 5 поколение,Внедорожник,4.4 (бензин),20 000 км,Автомат,Полный привод,Слева,черный металлик,Да,all,100000000
BMW X7,2022,https://kolesa.kz/a/show/207776254?search_id=f720b8fa5eb44a28ee2947077b4af9db78bd7e67&search_type=filter&advert_position=839,61 000 000₸,584 021₸/мес,70%,Астана,29 апреля,112,FALSE,FALSE,FALSE,584 021₸,61 285 000 ₸,61 000 000 ₸,2022 - н.в. G07 рестайлинг,Кроссовер,3 (бензин),45 000 км,Автомат,Полный привод,Слева,черный,Да,all,61000000
Toyota Land Cruiser,2021,https://kolesa.kz/a/show/216922023?search_id=f720b8fa5eb44a28ee2947077b4af9db78bd7e67&search_type=filter&advert_position=840,70 000 000₸,584 021₸/мес,74%,Астана,29 апреля,885,FALSE,FALSE,FALSE,584 021₸,67 236 000 ₸,70 000 000 ₸,2021 - н.в. J300,Внедорожник,3.5 (бензин),14 133 км,Автомат,Полный привод,Слева,черный,Да,all,70000000
BMW X7,2022,https://kolesa.kz/a/show/186586336?search_id=819f6cd34286b108023264d9207ad332e681b94b&search_type=filter&advert_position=841,89 000 000₸,584 021₸/мес,80%,Алматы,29 апреля,13,FALSE,FALSE,FALSE,584 021₸,73 673 000 ₸,89 000 000 ₸,2022 - н.в. G07 рестайлинг,Кроссовер,4.4 (бензин),9 000 км,Автомат,Полный привод,Слева,белый,Да,all,89000000
BMW X7,2022,https://kolesa.kz/a/show/215142750?search_id=819f6cd34286b108023264d9207ad332e681b94b&search_type=filter&advert_position=842,60 000 000₸,584 021₸/мес,70%,Павлодар,29 апреля,13,FALSE,FALSE,FALSE,584 021₸,55 680 000 ₸,60 000 000 ₸,2022 - н.в. G07 рестайлинг,Кроссовер,3 (бензин),22 000 км,Автомат,Полный привод,Слева,черный металлик,Да,all,60000000
Bentley Continental GT,2017,https://kolesa.kz/a/show/211419758?search_id=819f6cd34286b108023264d9207ad332e681b94b&search_type=filter&advert_position=843,129 000 000₸,,,Астана,29 апреля,38,FALSE,FALSE,FALSE,,,129 000 000 ₸,2017 - н.в. 3 поколение (3S),Купе,6 (бензин),2 400 км,Робот,Полный привод,Слева,черный,Да,all,129000000
McLaren 570S,2015,https://kolesa.kz/a/show/216914428?search_id=819f6cd34286b108023264d9207ad332e681b94b&search_type=filter&advert_position=844,125 000 000₸,,,Астана,29 апреля,15,FALSE,FALSE,FALSE,,,125 000 000 ₸,2015 - 2021 1 поколение,Купе,3.8 (бензин),39 000 км,Робот,Задний привод,Слева,,Да,all,125000000
Bentley Continental GT,2015,https://kolesa.kz/a/show/215409198?search_id=819f6cd34286b108023264d9207ad332e681b94b&search_type=filter&advert_position=845,60 000 000₸,,,Алматы,29 апреля,24,FALSE,FALSE,FALSE,,,60 000 000 ₸,2015 - 2017 2 поколение рестайлинг,Купе,4 (бензин),,Автомат,Полный привод,Слева,белый металлик,Да,all,60000000
Land Rover Range Rover,2021,https://kolesa.kz/a/show/210807003?search_id=819f6cd34286b108023264d9207ad332e681b94b&search_type=filter&advert_position=846,95 000 000₸,,,Алматы,29 апреля,23,FALSE,FALSE,FALSE,,93 787 000 ₸,95 000 000 ₸,2021 - н.в. 5 поколение,Внедорожник,4.4 (бензин),20 500 км,Автомат,Полный привод,Слева,,Да,all,95000000
Land Rover Range Rover,2021,https://kolesa.kz/a/show/214521528?search_id=819f6cd34286b108023264d9207ad332e681b94b&search_type=filter&advert_position=847,90 000 000₸,,,Алматы,29 апреля,13,FALSE,FALSE,FALSE,,89 769 000 ₸,90 000 000 ₸,2021 - н.в. 5 поколение,Внедорожник,3 (бензин),28 000 км,Автомат,Полный привод,Слева,белый,Да,all,90000000
Mercedes-Benz S 280,2024,https://kolesa.kz/a/show/218641846?search_id=819f6cd34286b108023264d9207ad332e681b94b&search_type=filter&advert_position=848,100 000 000₸,,,Тараз,29 апреля,10,FALSE,FALSE,FALSE,,2 879 000 ₸,100 000 000 ₸,1994 - 1996 W140/C140 рестайлинг,Седан,2.8 (бензин),270 000 км,Автомат,Задний привод,Слева,серебристый,Да,all,100000000
Land Rover Range Rover,2021,https://kolesa.kz/a/show/218643345?search_id=819f6cd34286b108023264d9207ad332e681b94b&search_type=filter&advert_position=849,86 900 000₸,,,Алматы,29 апреля,32,FALSE,TRUE,FALSE,,93 787 000 ₸,86 900 000 ₸,2021 - н.в. 5 поколение,Внедорожник,4.4 (бензин),38 832 км,Автомат,Полный привод,Слева,,Да,all,86900000
Mercedes-Benz GLE 350,2019,https://kolesa.kz/a/show/218639377?search_id=819f6cd34286b108023264d9207ad332e681b94b&search_type=filter&advert_position=850,60 000 000₸,,,Алматы,29 апреля,18,FALSE,FALSE,FALSE,,,60 000 000 ₸,2019 - н.в. V167,Кроссовер,2 (бензин),,Автомат,Передний привод,Слева,,Да,all,60000000
Rivian R1S,2018,https://kolesa.kz/a/show/218638890?search_id=819f6cd34286b108023264d9207ad332e681b94b&search_type=filter&advert_position=851,87 500 000₸,,,Алматы,29 апреля,14,FALSE,FALSE,FALSE,,82 845 000 ₸,87 500 000 ₸,2018 - н.в. 1 поколение,Внедорожник,,58 000 км,Автомат,Полный привод,Слева,,Да,all,87500000
Mercedes-Benz S 580,2020,https://kolesa.kz/a/show/216457876?search_id=819f6cd34286b108023264d9207ad332e681b94b&search_type=filter&advert_position=852,84 000 000₸,,,Алматы,29 апреля,41,FALSE,FALSE,FALSE,,,84 000 000 ₸,2020 - н.в. W223,Седан,4 (бензин),22 000 км,Автомат,Полный привод,Слева,черный,Да,all,84000000
Land Rover Defender,2019,https://kolesa.kz/a/show/210232444?search_id=819f6cd34286b108023264d9207ad332e681b94b&search_type=filter&advert_position=853,71 000 000₸,,,Алматы,29 апреля,1803,FALSE,FALSE,FALSE,,,71 000 000 ₸,2019 - н.в. 2 поколение (L663),Внедорожник,3 (бензин),500 км,Автомат,Полный привод,Слева,черный металлик,Да,all,71000000
Rivian R1S,2018,https://kolesa.kz/a/show/218635554?search_id=819f6cd34286b108023264d9207ad332e681b94b&search_type=filter&advert_position=854,88 700 000₸,,,Караганда,29 апреля,11,FALSE,FALSE,FALSE,,82 845 000 ₸,88 700 000 ₸,2018 - н.в. 1 поколение,Внедорожник,,63 000 км,Автомат,Полный привод,Слева,,Да,all,88700000
Mercedes-Benz GLE Coupe 53 AMG,2019,https://kolesa.kz/a/show/177644436?search_id=819f6cd34286b108023264d9207ad332e681b94b&search_type=filter&advert_position=855,85 000 000₸,,,Астана,29 апреля,7,FALSE,FALSE,FALSE,,,85 000 000 ₸,2019 - н.в. C293,Кроссовер,3 (бензин),20 км,Автомат,Полный привод,Слева,черный,Да,all,85000000
Rivian R1S,2018,https://kolesa.kz/a/show/218635229?search_id=819f6cd34286b108023264d9207ad332e681b94b&search_type=filter&advert_position=856,86 900 000₸,,,Астана,29 апреля,8,FALSE,FALSE,FALSE,,82 845 000 ₸,86 900 000 ₸,2018 - н.в. 1 поколение,Внедорожник,,55 000 км,Автомат,Полный привод,Слева,,Да,all,86900000
Rivian R1S,2018,https://kolesa.kz/a/show/218634878?search_id=819f6cd34286b108023264d9207ad332e681b94b&search_type=filter&advert_position=857,89 008 000₸,,,Шымкент,29 апреля,13,FALSE,FALSE,FALSE,,,89 008 000 ₸,2018 - н.в. 1 поколение,Внедорожник,,76 000 км,Автомат,Полный привод,Слева,,Да,all,89008000
Lexus LX 700h Luxury+,2021,https://kolesa.kz/a/show/217117144?search_id=819f6cd34286b108023264d9207ad332e681b94b&search_type=filter&advert_position=858,93 500 000₸,,,Алматы,29 апреля,756,TRUE,FALSE,FALSE,,,93 500 000 ₸,2021 - н.в. 4 поколение,Внедорожник,3.4 (бензин),1 537 км,Автомат,Полный привод,Слева,,Да,all,93500000
Lexus LX 700h F Sport,2021,https://kolesa.kz/a/show/217116459?search_id=819f6cd34286b108023264d9207ad332e681b94b&search_type=filter&advert_position=859,88 500 000₸,,,Алматы,29 апреля,548,TRUE,FALSE,FALSE,,,88 500 000 ₸,2021 - н.в. 4 поколение,Внедорожник,3.4 (бензин),6 985 км,Автомат,Полный привод,Слева,,Да,all,88500000
Bentley Bentayga,2015,https://kolesa.kz/a/show/202862894?search_id=819f6cd34286b108023264d9207ad332e681b94b&search_type=filter&advert_position=860,214 200 000₸,,,Алматы,29 апреля,9134,FALSE,TRUE,FALSE,,,214 200 000 ₸,2015 - н.в. 1 поколение (4V1),Кроссовер,4 (бензин),,Автомат,Полный привод,Слева,черный,Да,all,214200000
Bentley Bentayga,2015,https://kolesa.kz/a/show/203119047?search_id=def84f4f7166da7d26be7ab1512157f24b7fb6e1&search_type=filter&advert_position=861,208 300 000₸,,,Алматы,29 апреля,4664,FALSE,TRUE,FALSE,,,208 300 000 ₸,2015 - н.в. 1 поколение (4V1),Кроссовер,4 (бензин),,Автомат,Полный привод,Слева,черный,Да,all,208300000
Land Rover Range Rover,2021,https://kolesa.kz/a/show/212007941?search_id=def84f4f7166da7d26be7ab1512157f24b7fb6e1&search_type=filter&advert_position=862,133 000 000₸,,,Алматы,29 апреля,28,FALSE,FALSE,FALSE,,135 040 000 ₸,133 000 000 ₸,2021 - н.в. 5 поколение,Внедорожник,4.4 (бензин),1 000 км,Автомат,Полный привод,Слева,белый,Да,all,133000000
Mercedes-Benz GLE Coupe 53 AMG,2019,https://kolesa.kz/a/show/218630406?search_id=def84f4f7166da7d26be7ab1512157f24b7fb6e1&search_type=filter&advert_position=863,75 000 000₸,,,Алматы,29 апреля,10,FALSE,FALSE,FALSE,,69 107 000 ₸,75 000 000 ₸,2019 - н.в. C293,Кроссовер,3 (бензин),25 000 км,Автомат,Полный привод,Слева,серый,Да,all,75000000
Rolls-Royce Cullinan,2024,https://kolesa.kz/a/show/212973689?search_id=def84f4f7166da7d26be7ab1512157f24b7fb6e1&search_type=filter&advert_position=864,450 000 000₸,,,Астана,29 апреля,91,FALSE,FALSE,FALSE,,,450 000 000 ₸,2024 - н.в. 1 поколение Series II рестайлинг,Кроссовер,6.7 (бензин),2 600 км,Автомат,Полный привод,Слева,черный,Да,all,450000000
Porsche Panamera,2016,https://kolesa.kz/a/show/199028179?search_id=def84f4f7166da7d26be7ab1512157f24b7fb6e1&search_type=filter&advert_position=865,60 000 000₸,,,Шымкент,29 апреля,22,FALSE,FALSE,FALSE,,,60 000 000 ₸,2016 - 2020 971,Лифтбек,3 (бензин),45 000 км,Робот,Полный привод,Слева,,Да,all,60000000
Maserati MC20,2020,https://kolesa.kz/a/show/218623502?search_id=def84f4f7166da7d26be7ab1512157f24b7fb6e1&search_type=filter&advert_position=866,160 000 000₸,,,Алматы,29 апреля,90,FALSE,FALSE,FALSE,,,160 000 000 ₸,2020 - н.в. 1 поколение,Купе,3 (бензин),11 256 км,Робот,Задний привод,Слева,серый,Нет,all,160000000
Toyota Land Cruiser,2021,https://kolesa.kz/a/show/218622254?search_id=def84f4f7166da7d26be7ab1512157f24b7fb6e1&search_type=filter&advert_position=867,62 590 000₸,,,Астана,29 апреля,31,FALSE,FALSE,FALSE,,67 236 000 ₸,62 590 000 ₸,2021 - н.в. J300,Внедорожник,3.5 (бензин),,Автомат,Полный привод,Слева,,Да,all,62590000
Rivian R1S,2018,https://kolesa.kz/a/show/218576839?search_id=def84f4f7166da7d26be7ab1512157f24b7fb6e1&search_type=filter&advert_position=868,91 320 000₸,,,Шымкент,29 апреля,9,FALSE,FALSE,FALSE,,,91 320 000 ₸,2018 - н.в. 1 поколение,Внедорожник,,67 000 км,Автомат,Полный привод,Слева,,Да,all,91320000
Lexus GX 550,2023,https://kolesa.kz/a/show/217857934?search_id=def84f4f7166da7d26be7ab1512157f24b7fb6e1&search_type=filter&advert_position=869,62 500 000₸,,,Астана,29 апреля,22,FALSE,FALSE,FALSE,,58 312 000 ₸,62 500 000 ₸,2023 - н.в. 3 поколение (J250),Внедорожник,3.4 (бензин),30 000 км,Автомат,Полный привод,Слева,белый,Да,all,62500000
BMW M5,2024,https://kolesa.kz/a/show/218622763?fromUserSearch=1&search_id=def84f4f7166da7d26be7ab1512157f24b7fb6e1&search_type=filter&advert_position=870,108 000 000₸,,,Астана,29 апреля,63,FALSE,FALSE,FALSE,,101 992 000 ₸,108 000 000 ₸,2024 - н.в. G90,Седан,4.4 (гибрид),7 500 км,Автомат,Полный привод,Слева,,Да,all,108000000
Lexus LX 600,2021,https://kolesa.kz/a/show/218622486?search_id=def84f4f7166da7d26be7ab1512157f24b7fb6e1&search_type=filter&advert_position=871,68 900 000₸,,,Алматы,29 апреля,41,FALSE,FALSE,FALSE,,69 560 000 ₸,68 900 000 ₸,2021 - н.в. 4 поколение,Внедорожник,3.5 (бензин),86 000 км,Автомат,Полный привод,Слева,,Да,all,68900000
Toyota Land Cruiser,2021,https://kolesa.kz/a/show/218622454?search_id=def84f4f7166da7d26be7ab1512157f24b7fb6e1&search_type=filter&advert_position=872,68 000 000₸,584 021₸/мес,74%,Шымкент,29 апреля,30,FALSE,FALSE,FALSE,584 021₸,60 621 000 ₸,68 000 000 ₸,2021 - н.в. J300,Внедорожник,3.5 (бензин),45 000 км,Автомат,Полный привод,Слева,белый металлик,Да,all,68000000
Porsche Panamera,2023,https://kolesa.kz/a/show/217855533?search_id=def84f4f7166da7d26be7ab1512157f24b7fb6e1&search_type=filter&advert_position=873,74 000 000₸,,,Алматы,29 апреля,213,FALSE,TRUE,FALSE,,,74 000 000 ₸,2023 - н.в. 972,Лифтбек,2.9 (бензин),3 530 км,Робот,Полный привод,Слева,серый,Да,all,74000000
Lexus LX 600,2021,https://kolesa.kz/a/show/205838418?search_id=def84f4f7166da7d26be7ab1512157f24b7fb6e1&search_type=filter&advert_position=874,72 000 000₸,,,Семей,29 апреля,16,FALSE,FALSE,FALSE,,69 560 000 ₸,72 000 000 ₸,2021 - н.в. 4 поколение,Внедорожник,3.5 (бензин),35 000 км,Автомат,Полный привод,Слева,серый,Да,all,72000000
BMW M4,2020,https://kolesa.kz/a/show/218620215?search_id=def84f4f7166da7d26be7ab1512157f24b7fb6e1&search_type=filter&advert_position=875,60 000 000₸,,,Алматы,29 апреля,39,FALSE,FALSE,FALSE,,49 127 000 ₸,60 000 000 ₸,2020 - н.в. G82,Купе,3 (бензин),27 000 км,Автомат,Полный привод,Слева,,Да,all,60000000
Toyota Land Cruiser,2021,https://kolesa.kz/a/show/212397889?search_id=def84f4f7166da7d26be7ab1512157f24b7fb6e1&search_type=filter&advert_position=876,60 000 000₸,584 021₸/мес,70%,Кызылорда,29 апреля,21,FALSE,FALSE,FALSE,584 021₸,60 621 000 ₸,60 000 000 ₸,2021 - н.в. J300,Внедорожник,3.5 (бензин),14 000 км,Автомат,Полный привод,Слева,белый,Да,all,60000000
BMW XM,2022,https://kolesa.kz/a/show/216496101?search_id=def84f4f7166da7d26be7ab1512157f24b7fb6e1&search_type=filter&advert_position=877,100 000 000₸,,,Алматы,29 апреля,30,FALSE,FALSE,FALSE,,96 699 000 ₸,100 000 000 ₸,2022 - н.в. 1 поколение,Внедорожник,4.4 (гибрид),6 000 км,Автомат,Полный привод,Слева,,Да,all,100000000
Mercedes-Maybach S 680,2026,https://kolesa.kz/a/show/216442703?search_id=def84f4f7166da7d26be7ab1512157f24b7fb6e1&search_type=filter&advert_position=878,169 000 000₸,,,Астана,29 апреля,706,FALSE,FALSE,FALSE,,,169 000 000 ₸,2026 - н.в. Z223 рестайлинг,Седан,4 (бензин),,Автомат,Полный привод,Слева,черный,Да,all,169000000
BMW XM,2022,https://kolesa.kz/a/show/217846351?search_id=def84f4f7166da7d26be7ab1512157f24b7fb6e1&search_type=filter&advert_position=879,95 000 000₸,,,Усть-Каменогорск,29 апреля,154,FALSE,TRUE,FALSE,,96 699 000 ₸,95 000 000 ₸,2022 - н.в. 1 поколение,Внедорожник,4.4 (гибрид),28 196 км,Автомат,Полный привод,Слева,черный металлик,Да,all,95000000
Mercedes-Benz AMG GT,2023,https://kolesa.kz/a/show/182777095?search_id=def84f4f7166da7d26be7ab1512157f24b7fb6e1&search_type=filter&advert_position=880,97 000 000₸,,,Алматы,29 апреля,581,FALSE,FALSE,FALSE,,,97 000 000 ₸,2023 - н.в. 2 поколение,Купе,4 (бензин),,Автомат,Полный привод,Слева,серебристый,Нет,all,97000000
BMW i7,2022,https://kolesa.kz/a/show/218610743?search_id=d343d3dc9083d79b6a52270872d3bd390bd92f61&search_type=filter&advert_position=881,92 000 000₸,,,Алматы,29 апреля,22,FALSE,FALSE,FALSE,,,92 000 000 ₸,2022 - н.в. 1 поколение,Седан,,1 200 км,Автомат,Полный привод,Слева,черный металлик,Да,all,92000000
Lamborghini Urus,2017,https://kolesa.kz/a/show/195725397?search_id=d343d3dc9083d79b6a52270872d3bd390bd92f61&search_type=filter&advert_position=882,200 000 000₸,,,Алматы,29 апреля,1148,FALSE,FALSE,FALSE,,,200 000 000 ₸,2017 - н.в. 1 поколение,Кроссовер,4 (бензин),,Автомат,Полный привод,Слева,,Да,all,200000000
Mercedes-Benz G 63 AMG,2024,https://kolesa.kz/a/show/211908845?search_id=d343d3dc9083d79b6a52270872d3bd390bd92f61&search_type=filter&advert_position=883,176 000 000₸,,,Астана,29 апреля,361,FALSE,FALSE,FALSE,,189 071 000 ₸,176 000 000 ₸,2024 - н.в. W465 рестайлинг,Внедорожник,4 (бензин),,Автомат,Полный привод,Слева,черный,Да,all,176000000
Porsche Taycan,2019,https://kolesa.kz/a/show/206045083?search_id=d343d3dc9083d79b6a52270872d3bd390bd92f61&search_type=filter&advert_position=884,120 000 000₸,,,Алматы,29 апреля,18,FALSE,TRUE,FALSE,,,120 000 000 ₸,2019 - н.в. 1 поколение (Y1A),Седан,,3 200 км,Автомат,Полный привод,Слева,голубой,Да,all,120000000
Audi e-tron GT,2020,https://kolesa.kz/a/show/218602836?search_id=d343d3dc9083d79b6a52270872d3bd390bd92f61&search_type=filter&advert_position=885,77 000 000₸,,,Алматы,29 апреля,21,FALSE,FALSE,FALSE,,,77 000 000 ₸,2020 - н.в. 1 поколение,Седан,,1 300 км,Автомат,Полный привод,Слева,черный металлик,Да,all,77000000
Mercedes-Benz G 63 AMG,2018,https://kolesa.kz/a/show/207155848?search_id=d343d3dc9083d79b6a52270872d3bd390bd92f61&search_type=filter&advert_position=886,98 750 000₸,,,Алматы,29 апреля,5,FALSE,FALSE,FALSE,,97 925 000 ₸,98 750 000 ₸,2018 - н.в. W463,Внедорожник,4 (бензин),55 000 км,Автомат,Полный привод,Слева,белый,Да,all,98750000
Toyota Sequoia,2022,https://kolesa.kz/a/show/186121996?search_id=d343d3dc9083d79b6a52270872d3bd390bd92f61&search_type=filter&advert_position=887,64 800 000₸,,,Алматы,29 апреля,7569,FALSE,FALSE,FALSE,,59 809 000 ₸,64 800 000 ₸,2022 - н.в. 3 поколение,Внедорожник,3.5 (гибрид),13 000 км,Автомат,Полный привод,Слева,серый металлик,Да,all,64800000
Lexus LX 600,2021,https://kolesa.kz/a/show/217722804?search_id=d343d3dc9083d79b6a52270872d3bd390bd92f61&search_type=filter&advert_position=888,89 000 000₸,,,Астана,29 апреля,22,FALSE,FALSE,FALSE,,86 302 000 ₸,89 000 000 ₸,2021 - н.в. 4 поколение,Внедорожник,3.5 (бензин),,Автомат,Полный привод,Слева,,Да,all,89000000
Mercedes-Benz G 63 AMG,2018,https://kolesa.kz/a/show/218602538?search_id=d343d3dc9083d79b6a52270872d3bd390bd92f61&search_type=filter&advert_position=889,115 000 000₸,,,Алматы,29 апреля,31,FALSE,FALSE,FALSE,,104 010 000 ₸,115 000 000 ₸,2018 - н.в. W463,Внедорожник,4 (бензин),90 000 км,Автомат,Полный привод,Слева,черный металлик,Да,all,115000000
Mercedes-Benz S 580,2020,https://kolesa.kz/a/show/215116201?search_id=d343d3dc9083d79b6a52270872d3bd390bd92f61&search_type=filter&advert_position=890,71 700 000₸,,,Алматы,29 апреля,31,FALSE,FALSE,FALSE,,67 731 000 ₸,71 700 000 ₸,2020 - н.в. W223,Седан,4 (бензин),,Автомат,Полный привод,Слева,черный,Да,all,71700000
Rivian R1S,2018,https://kolesa.kz/a/show/218601328?search_id=d343d3dc9083d79b6a52270872d3bd390bd92f61&search_type=filter&advert_position=891,91 500 000₸,,,Астана,29 апреля,14,FALSE,FALSE,FALSE,,,91 500 000 ₸,2018 - н.в. 1 поколение,Внедорожник,,93 000 км,Автомат,Полный привод,Слева,,Да,all,91500000
Rivian R1S,2018,https://kolesa.kz/a/show/218600979?search_id=d343d3dc9083d79b6a52270872d3bd390bd92f61&search_type=filter&advert_position=892,89 000 000₸,,,Шымкент,29 апреля,24,FALSE,FALSE,FALSE,,82 845 000 ₸,89 000 000 ₸,2018 - н.в. 1 поколение,Внедорожник,,72 000 км,Автомат,Полный привод,Слева,,Да,all,89000000
Porsche Cayenne Coupe,2023,https://kolesa.kz/a/show/217813827?search_id=d343d3dc9083d79b6a52270872d3bd390bd92f61&search_type=filter&advert_position=893,79 000 000₸,,,Астана,29 апреля,8,FALSE,TRUE,FALSE,,,79 000 000 ₸,2023 - н.в. 3 поколение рестайлинг (9YB),Кроссовер,4 (бензин),43 239 км,Автомат,Полный привод,Слева,синий металлик,Да,all,79000000
Land Rover Range Rover,2021,https://kolesa.kz/a/show/197922535?search_id=d343d3dc9083d79b6a52270872d3bd390bd92f61&search_type=filter&advert_position=894,94 990 000₸,,,Астана,29 апреля,11,FALSE,FALSE,FALSE,,90 748 000 ₸,94 990 000 ₸,2021 - н.в. 5 поколение,Внедорожник,4.4 (бензин),27 500 км,Автомат,Полный привод,Слева,черный металлик,Да,all,94990000
Land Rover Range Rover,2021,https://kolesa.kz/a/show/189135299?search_id=d343d3dc9083d79b6a52270872d3bd390bd92f61&search_type=filter&advert_position=895,94 990 000₸,,,Караганда,29 апреля,5,FALSE,FALSE,FALSE,,90 748 000 ₸,94 990 000 ₸,2021 - н.в. 5 поколение,Внедорожник,4.4 (бензин),27 200 км,Автомат,Полный привод,Слева,черный металлик,Да,all,94990000
Lexus LX 600,2021,https://kolesa.kz/a/show/217076779?search_id=d343d3dc9083d79b6a52270872d3bd390bd92f61&search_type=filter&advert_position=896,72 500 000₸,,,Костанай,29 апреля,246,FALSE,TRUE,FALSE,,73 055 000 ₸,72 500 000 ₸,2021 - н.в. 4 поколение,Внедорожник,3.5 (бензин),52 041 км,Автомат,Полный привод,Слева,серый,Да,all,72500000
Toyota Camry,2011,https://kolesa.kz/a/show/218595617?search_id=d343d3dc9083d79b6a52270872d3bd390bd92f61&search_type=filter&advert_position=897,65 000 000₸,584 021₸/мес,72%,Актау,29 апреля,58,FALSE,FALSE,FALSE,584 021₸,7 831 000 ₸,65 000 000 ₸,2011 - 2014 XV50,Седан,2.5 (бензин),313 755 км,Автомат,Передний привод,Слева,серый,Да,all,65000000
Cadillac Escalade,2020,https://kolesa.kz/a/show/216295647?search_id=d343d3dc9083d79b6a52270872d3bd390bd92f61&search_type=filter&advert_position=898,60 000 000₸,,,Алматы,29 апреля,20,FALSE,FALSE,FALSE,,55 226 000 ₸,60 000 000 ₸,2020 - н.в. 5 поколение,Внедорожник,6.2 (бензин),55 000 км,Автомат,Полный привод,Слева,,Да,all,60000000
Mercedes-Benz GLS 450,2019,https://kolesa.kz/a/show/202315809?search_id=d343d3dc9083d79b6a52270872d3bd390bd92f61&search_type=filter&advert_position=899,74 000 000₸,,,Астана,29 апреля,20,FALSE,FALSE,FALSE,,84 971 000 ₸,74 000 000 ₸,2019 - н.в. X167,Внедорожник,3 (бензин),6 000 км,Автомат,Полный привод,Слева,черный,Да,all,74000000
Toyota Sequoia,2022,https://kolesa.kz/a/show/218593073?search_id=d343d3dc9083d79b6a52270872d3bd390bd92f61&search_type=filter&advert_position=900,60 000 000₸,,,Алматы,29 апреля,24,FALSE,FALSE,FALSE,,59 809 000 ₸,60 000 000 ₸,2022 - н.в. 3 поколение,Внедорожник,3.5 (гибрид),,Автомат,Полный привод,Слева,черный,Да,all,60000000
Rolls-Royce Wraith,2013,https://kolesa.kz/a/show/119143070?search_id=10dc6a14d04a885ed962ab78c5c5ffef67cea8fd&search_type=filter&advert_position=901,110 000 000₸,,,Астана,29 апреля,347,FALSE,FALSE,FALSE,,,110 000 000 ₸,2013 - н.в. 2 поколение (RR5),Купе,6.6 (бензин),,Автомат,Задний привод,Слева,черный,Да,all,110000000
Mercedes-Benz S 65 AMG,2013,https://kolesa.kz/a/show/117324183?search_id=10dc6a14d04a885ed962ab78c5c5ffef67cea8fd&search_type=filter&advert_position=902,70 000 000₸,,,Астана,29 апреля,253,FALSE,FALSE,FALSE,,,70 000 000 ₸,2013 - 2017 W222/C217/A217,Купе,6 (бензин),43 000 км,Автомат,Задний привод,Слева,белый,Да,all,70000000
Toyota Land Cruiser,2021,https://kolesa.kz/a/show/218591135?search_id=10dc6a14d04a885ed962ab78c5c5ffef67cea8fd&search_type=filter&advert_position=903,60 000 000₸,584 021₸/мес,70%,Актобе,29 апреля,45,FALSE,FALSE,FALSE,584 021₸,60 621 000 ₸,60 000 000 ₸,2021 - н.в. J300,Внедорожник,3.5 (бензин),20 000 км,Автомат,Полный привод,Слева,,Да,all,60000000
Land Rover Range Rover,2021,https://kolesa.kz/a/show/210260066?search_id=10dc6a14d04a885ed962ab78c5c5ffef67cea8fd&search_type=filter&advert_position=904,163 000 000₸,,,Алматы,29 апреля,7662,FALSE,TRUE,FALSE,,116 908 000 ₸,163 000 000 ₸,2021 - н.в. 5 поколение,Внедорожник,4.4 (бензин),7 180 км,Автомат,Полный привод,Слева,,Да,all,163000000
Bentley Mulsanne,2010,https://kolesa.kz/a/show/192337513?search_id=10dc6a14d04a885ed962ab78c5c5ffef67cea8fd&search_type=filter&advert_position=905,65 000 000₸,,,Алматы,29 апреля,591,FALSE,FALSE,FALSE,,,65 000 000 ₸,2010 - 2016 2 поколение (3Y),Седан,6.8 (бензин),39 200 км,Автомат,Задний привод,Слева,черный,Да,all,65000000
Tank 700,2023,https://kolesa.kz/a/show/197649331?search_id=10dc6a14d04a885ed962ab78c5c5ffef67cea8fd&search_type=filter&advert_position=906,71 000 000₸,,,Актобе,29 апреля,6851,FALSE,TRUE,FALSE,,,71 000 000 ₸,2023 - н.в. 1 поколение,Внедорожник,3 (гибрид),,Автомат,Полный привод,Слева,серый,Да,all,71000000
BMW M5,2020,https://kolesa.kz/a/show/217158632?search_id=10dc6a14d04a885ed962ab78c5c5ffef67cea8fd&search_type=filter&advert_position=907,60 000 000₸,,,Алматы,29 апреля,55,FALSE,FALSE,FALSE,,56 627 000 ₸,60 000 000 ₸,2020 - н.в. F90 рестайлинг,Седан,4.4 (бензин),21 000 км,Автомат,Полный привод,Слева,,Да,all,60000000
BMW X5,2023,https://kolesa.kz/a/show/213969345?search_id=10dc6a14d04a885ed962ab78c5c5ffef67cea8fd&search_type=filter&advert_position=908,65 000 000₸,584 021₸/мес,72%,Алматы,29 апреля,26,FALSE,FALSE,FALSE,584 021₸,,65 000 000 ₸,2023 - н.в. G05 рестайлинг,Кроссовер,3 (гибрид),9 600 км,Автомат,Полный привод,Слева,серый металлик,Да,all,65000000
Toyota Land Cruiser,2021,https://kolesa.kz/a/show/215553294?search_id=10dc6a14d04a885ed962ab78c5c5ffef67cea8fd&search_type=filter&advert_position=909,65 000 000₸,584 021₸/мес,72%,Алматы,29 апреля,220,FALSE,FALSE,FALSE,584 021₸,60 621 000 ₸,65 000 000 ₸,2021 - н.в. J300,Внедорожник,3.5 (бензин),18 000 км,Автомат,Полный привод,Слева,,Да,all,65000000
Porsche 911,2024,https://kolesa.kz/a/show/211911412?search_id=10dc6a14d04a885ed962ab78c5c5ffef67cea8fd&search_type=filter&advert_position=910,187 000 000₸,,,Алматы,29 апреля,7234,FALSE,FALSE,FALSE,,,187 000 000 ₸,2024 - н.в. 992 рестайлинг (992),Купе,3.6 (гибрид),,Робот,Полный привод,Слева,черный,Да,all,187000000
Porsche Cayenne Coupe,2023,https://kolesa.kz/a/show/212829300?search_id=10dc6a14d04a885ed962ab78c5c5ffef67cea8fd&search_type=filter&advert_position=911,80 000 000₸,,,Актобе,29 апреля,290,FALSE,FALSE,FALSE,,,80 000 000 ₸,2023 - н.в. 3 поколение рестайлинг (9YB),Кроссовер,3 (бензин),40 000 км,Автомат,Полный привод,Слева,,Да,all,80000000
Mercedes-Benz G 63 AMG,2018,https://kolesa.kz/a/show/211876514?search_id=10dc6a14d04a885ed962ab78c5c5ffef67cea8fd&search_type=filter&advert_position=912,102 000 000₸,,,Астана,29 апреля,26,FALSE,FALSE,FALSE,,97 925 000 ₸,102 000 000 ₸,2018 - н.в. W463,Внедорожник,4 (бензин),,Автомат,Полный привод,Слева,,Да,all,102000000
Ferrari 458,2009,https://kolesa.kz/a/show/211878058?search_id=10dc6a14d04a885ed962ab78c5c5ffef67cea8fd&search_type=filter&advert_position=913,145 000 000₸,,,Алматы,29 апреля,128,FALSE,FALSE,FALSE,,,145 000 000 ₸,2009 - 2015 1 поколение,Купе,4.5 (бензин),25 000 км,Робот,Задний привод,Слева,,Да,all,145000000
Mercedes-Benz G 63 AMG,2024,https://kolesa.kz/a/show/215965586?search_id=10dc6a14d04a885ed962ab78c5c5ffef67cea8fd&search_type=filter&advert_position=914,169 999 999₸,,,Алматы,29 апреля,49,FALSE,TRUE,FALSE,,,169 999 999 ₸,2024 - н.в. W465 рестайлинг,Внедорожник,4 (бензин),8 700 км,Автомат,Полный привод,Слева,черный,Да,all,169999999
Toyota Sequoia,2022,https://kolesa.kz/a/show/210847137?search_id=10dc6a14d04a885ed962ab78c5c5ffef67cea8fd&search_type=filter&advert_position=915,65 000 000₸,,,Алматы,29 апреля,321,FALSE,FALSE,FALSE,,58 610 000 ₸,65 000 000 ₸,2022 - н.в. 3 поколение,Внедорожник,3.5 (гибрид),52 500 км,Автомат,Полный привод,Слева,черный металлик,Да,all,65000000
Dodge RAM,2018,https://kolesa.kz/a/show/214468849?search_id=10dc6a14d04a885ed962ab78c5c5ffef67cea8fd&search_type=filter&advert_position=916,67 500 000₸,,,Астана,29 апреля,647,FALSE,FALSE,FALSE,,68 682 000 ₸,67 500 000 ₸,2018 - н.в. 5 поколение,Пикап,6.2 (бензин),60 000 км,Автомат,Полный привод,Слева,черный металлик,Да,all,67500000
Mercedes-Benz V 300,2014,https://kolesa.kz/a/show/182286531?search_id=10dc6a14d04a885ed962ab78c5c5ffef67cea8fd&search_type=filter&advert_position=917,68 500 000₸,,,Щучинск,29 апреля,66,FALSE,TRUE,FALSE,,,68 500 000 ₸,2014 - н.в. W447,Минивэн,2 (дизель),30 км,Автомат,Полный привод,Слева,черный металлик,Да,all,68500000
Mercedes-Benz V 300,2014,https://kolesa.kz/a/show/211724198?search_id=10dc6a14d04a885ed962ab78c5c5ffef67cea8fd&search_type=filter&advert_position=918,60 500 000₸,,,Алматы,29 апреля,250,FALSE,FALSE,FALSE,,,60 500 000 ₸,2014 - н.в. W447,Минивэн,2 (дизель),2 000 км,Автомат,Полный привод,Слева,,Да,all,60500000
Mercedes-Benz V 300,2014,https://kolesa.kz/a/show/211723061?search_id=10dc6a14d04a885ed962ab78c5c5ffef67cea8fd&search_type=filter&advert_position=919,62 500 000₸,,,Алматы,29 апреля,436,FALSE,FALSE,FALSE,,,62 500 000 ₸,2014 - н.в. W447,Минивэн,2 (дизель),5 000 км,Автомат,Полный привод,Слева,,Да,all,62500000
Porsche 911,2018,https://kolesa.kz/a/show/209981120?search_id=10dc6a14d04a885ed962ab78c5c5ffef67cea8fd&search_type=filter&advert_position=920,130 000 000₸,,,Алматы,29 апреля,34,FALSE,FALSE,FALSE,,,130 000 000 ₸,2018 - н.в. 992,Купе,3 (бензин),4 000 км,Робот,Задний привод,Слева,серый,Да,all,130000000
Porsche 911,2018,https://kolesa.kz/a/show/209981120?search_id=20de19f46f39783a7b91ede6f27137a737f4068e&search_type=filter&advert_position=921,130 000 000₸,,,Алматы,29 апреля,35,FALSE,FALSE,FALSE,,,130 000 000 ₸,2018 - н.в. 992,Купе,3 (бензин),4 000 км,Робот,Задний привод,Слева,серый,Да,all,130000000
Toyota Land Cruiser,2021,https://kolesa.kz/a/show/216836891?search_id=20de19f46f39783a7b91ede6f27137a737f4068e&search_type=filter&advert_position=922,62 000 000₸,584 021₸/мес,71%,Алматы,29 апреля,507,FALSE,FALSE,FALSE,584 021₸,60 621 000 ₸,62 000 000 ₸,2021 - н.в. J300,Внедорожник,3.5 (бензин),15 000 км,Автомат,Полный привод,Слева,,Да,all,62000000
BMW X7,2022,https://kolesa.kz/a/show/201193798?search_id=20de19f46f39783a7b91ede6f27137a737f4068e&search_type=filter&advert_position=923,60 000 000₸,584 021₸/мес,70%,Шымкент,29 апреля,26,FALSE,FALSE,FALSE,584 021₸,55 680 000 ₸,60 000 000 ₸,2022 - н.в. G07 рестайлинг,Кроссовер,3 (бензин),24 000 км,Автомат,Полный привод,Слева,зеленый металлик,Да,all,60000000
Mercedes-Benz G 63 AMG,2018,https://kolesa.kz/a/show/215128188?search_id=20de19f46f39783a7b91ede6f27137a737f4068e&search_type=filter&advert_position=924,133 000 000₸,,,Алматы,29 апреля,8,FALSE,FALSE,FALSE,,129 095 000 ₸,133 000 000 ₸,2018 - н.в. W463,Внедорожник,4 (бензин),40 000 км,Автомат,Полный привод,Слева,черный,Да,all,133000000
Mercedes-Benz S 580,2020,https://kolesa.kz/a/show/170752970?search_id=20de19f46f39783a7b91ede6f27137a737f4068e&search_type=filter&advert_position=925,72 500 000₸,,,Астана,29 апреля,43,FALSE,FALSE,FALSE,,79 524 000 ₸,72 500 000 ₸,2020 - н.в. W223,Седан,4 (бензин),32 000 км,Автомат,Полный привод,Слева,,Да,all,72500000
Mercedes-Benz G 63 AMG,2018,https://kolesa.kz/a/show/208363081?search_id=20de19f46f39783a7b91ede6f27137a737f4068e&search_type=filter&advert_position=926,168 000 000₸,,,Алматы,29 апреля,37,FALSE,FALSE,FALSE,,193 829 000 ₸,168 000 000 ₸,2018 - н.в. W463,Внедорожник,4 (бензин),5 000 км,Автомат,Полный привод,Слева,черный металлик,Да,all,168000000
Lexus LX 600,2021,https://kolesa.kz/a/show/212486477?search_id=20de19f46f39783a7b91ede6f27137a737f4068e&search_type=filter&advert_position=927,73 000 000₸,,,Алматы,29 апреля,35,FALSE,FALSE,FALSE,,73 055 000 ₸,73 000 000 ₸,2021 - н.в. 4 поколение,Внедорожник,3.5 (бензин),15 930 км,Автомат,Полный привод,Слева,черный,Да,all,73000000
Cadillac Escalade,2020,https://kolesa.kz/a/show/215259131?search_id=20de19f46f39783a7b91ede6f27137a737f4068e&search_type=filter&advert_position=928,70 000 000₸,,,Астана,29 апреля,129,FALSE,FALSE,FALSE,,61 959 000 ₸,70 000 000 ₸,2020 - н.в. 5 поколение,Внедорожник,6.2 (бензин),31 000 км,Автомат,Полный привод,Слева,,Да,all,70000000
Bentley Flying Spur,2013,https://kolesa.kz/a/show/214078015?search_id=20de19f46f39783a7b91ede6f27137a737f4068e&search_type=filter&advert_position=929,73 000 000₸,,,Алматы,29 апреля,39,FALSE,FALSE,FALSE,,,73 000 000 ₸,2013 - 2019 2 поколение (4W),Седан,4 (бензин),33 500 км,Автомат,Полный привод,Слева,черный,Да,all,73000000
BMW X7 XDrive 40i,2022,https://kolesa.kz/a/show/216409380?search_id=20de19f46f39783a7b91ede6f27137a737f4068e&search_type=filter&advert_position=930,86 858 000₸,,,Усть-Каменогорск,29 апреля,377,FALSE,FALSE,TRUE,,79 300 000 ₸,86 858 000 ₸,2022 - н.в. G07 рестайлинг,Кроссовер,3 (бензин),,Автомат,Полный привод,Слева,белый металлик,Да,all,86858000
Mercedes-Benz G 63 AMG,2018,https://kolesa.kz/a/show/218574805?search_id=20de19f46f39783a7b91ede6f27137a737f4068e&search_type=filter&advert_position=931,115 000 000₸,,,Алматы,29 апреля,40,FALSE,FALSE,FALSE,,97 925 000 ₸,115 000 000 ₸,2018 - н.в. W463,Внедорожник,4 (бензин),5 130 км,Автомат,Полный привод,Слева,черный металлик,Да,all,115000000
Cadillac Escalade,2020,https://kolesa.kz/a/show/217784348?search_id=20de19f46f39783a7b91ede6f27137a737f4068e&search_type=filter&advert_position=932,70 000 000₸,,,Шымкент,29 апреля,38,FALSE,FALSE,FALSE,,61 959 000 ₸,70 000 000 ₸,2020 - н.в. 5 поколение,Внедорожник,6.2 (бензин),13 000 км,Автомат,Полный привод,Слева,,Да,all,70000000
Mercedes-Benz GLE Coupe 53 AMG,2019,https://kolesa.kz/a/show/216032271?search_id=20de19f46f39783a7b91ede6f27137a737f4068e&search_type=filter&advert_position=933,90 000 000₸,,,Алматы,29 апреля,104,FALSE,FALSE,FALSE,,,90 000 000 ₸,2019 - н.в. C293,Кроссовер,3 (бензин),9 000 км,Автомат,Полный привод,Слева,,Да,all,90000000
Land Rover Range Rover,2021,https://kolesa.kz/a/show/208591163?search_id=20de19f46f39783a7b91ede6f27137a737f4068e&search_type=filter&advert_position=934,135 000 000₸,,,Астана,29 апреля,25,FALSE,FALSE,FALSE,,135 040 000 ₸,135 000 000 ₸,2021 - н.в. 5 поколение,Внедорожник,4.4 (бензин),8 500 км,Автомат,Полный привод,Слева,черный,Да,all,135000000
BMW X6,2023,https://kolesa.kz/a/show/218566279?search_id=20de19f46f39783a7b91ede6f27137a737f4068e&search_type=filter&advert_position=935,66 000 000₸,584 021₸/мес,73%,Алматы,29 апреля,64,FALSE,FALSE,FALSE,584 021₸,67 300 000 ₸,66 000 000 ₸,2023 - н.в. G06 рестайлинг,Кроссовер,3 (бензин),8 800 км,Автомат,Полный привод,Слева,,Да,all,66000000
Mercedes-Benz G 63 AMG,2018,https://kolesa.kz/a/show/211133086?search_id=20de19f46f39783a7b91ede6f27137a737f4068e&search_type=filter&advert_position=936,135 000 000₸,,,Кокшетау,29 апреля,146,FALSE,FALSE,FALSE,,129 095 000 ₸,135 000 000 ₸,2018 - н.в. W463,Внедорожник,4 (бензин),24 000 км,Автомат,Полный привод,Слева,,Да,all,135000000
Lexus GX 550,2023,https://kolesa.kz/a/show/218564732?search_id=20de19f46f39783a7b91ede6f27137a737f4068e&search_type=filter&advert_position=937,60 000 000₸,,,Караганда,29 апреля,24,FALSE,FALSE,FALSE,,58 312 000 ₸,60 000 000 ₸,2023 - н.в. 3 поколение (J250),Внедорожник,3.4 (бензин),6 000 км,Автомат,Полный привод,Слева,,Да,all,60000000
Cadillac Escalade,2020,https://kolesa.kz/a/show/205939315?search_id=20de19f46f39783a7b91ede6f27137a737f4068e&search_type=filter&advert_position=938,61 480 000₸,,,Алматы,29 апреля,6222,FALSE,TRUE,FALSE,,61 959 000 ₸,61 480 000 ₸,2020 - н.в. 5 поколение,Внедорожник,6.2 (бензин),23 000 км,Автомат,Полный привод,Слева,черный металлик,Да,all,61480000
Bentley Bentayga,2015,https://kolesa.kz/a/show/202862461?search_id=20de19f46f39783a7b91ede6f27137a737f4068e&search_type=filter&advert_position=939,229 900 000₸,,,Алматы,29 апреля,3075,FALSE,TRUE,FALSE,,,229 900 000 ₸,2015 - н.в. 1 поколение (4V1),Кроссовер,4 (бензин),,Автомат,Полный привод,Слева,черный,Да,all,229900000
BMW X5,2018,https://kolesa.kz/a/show/210478079?search_id=20de19f46f39783a7b91ede6f27137a737f4068e&search_type=filter&advert_position=940,63 000 000₸,584 021₸/мес,71%,Алматы,29 апреля,12,FALSE,FALSE,FALSE,584 021₸,45 135 000 ₸,63 000 000 ₸,2018 - н.в. G05,Кроссовер,3 (бензин),32 000 км,Автомат,Полный привод,Слева,синий металлик,Да,all,63000000
BMW X5,2023,https://kolesa.kz/a/show/207453880?search_id=816fbb8186c4067a240a395ab727f254c682721d&search_type=filter&advert_position=941,82 500 000₸,,,Алматы,29 апреля,88,FALSE,TRUE,FALSE,,65 066 000 ₸,82 500 000 ₸,2023 - н.в. G05 рестайлинг,Кроссовер,3 (бензин),17 км,Автомат,Полный привод,Слева,,Да,all,82500000
Land Rover Range Rover,2021,https://kolesa.kz/a/show/214330477?search_id=816fbb8186c4067a240a395ab727f254c682721d&search_type=filter&advert_position=942,89 700 000₸,,,Алматы,29 апреля,2759,FALSE,TRUE,FALSE,,89 769 000 ₸,89 700 000 ₸,2021 - н.в. 5 поколение,Внедорожник,3 (бензин),11 453 км,Автомат,Полный привод,Слева,,Да,all,89700000
Mercedes-Benz S 580,2020,https://kolesa.kz/a/show/215117804?search_id=816fbb8186c4067a240a395ab727f254c682721d&search_type=filter&advert_position=943,118 000 000₸,,,Алматы,28 апреля,97,FALSE,FALSE,FALSE,,88 073 000 ₸,118 000 000 ₸,2020 - н.в. W223,Седан,4 (бензин),10 000 км,Автомат,Полный привод,Слева,черный,Да,all,118000000
Mercedes-Benz S 450 4MATIC,2020,https://kolesa.kz/a/show/213446835?search_id=816fbb8186c4067a240a395ab727f254c682721d&search_type=filter&advert_position=944,65 000 000₸,,,Алматы,28 апреля,4441,TRUE,FALSE,FALSE,,69 685 000 ₸,65 000 000 ₸,2020 - н.в. W223,Седан,3 (бензин),8 107 км,Автомат,Полный привод,Слева,синий,Да,all,65000000
Mercedes-Benz G 63 AMG,2018,https://kolesa.kz/a/show/215255228?search_id=816fbb8186c4067a240a395ab727f254c682721d&search_type=filter&advert_position=945,105 900 000₸,,,Алматы,28 апреля,159,FALSE,FALSE,FALSE,,104 010 000 ₸,105 900 000 ₸,2018 - н.в. W463,Внедорожник,4 (бензин),23 000 км,Автомат,Полный привод,Слева,белый,Да,all,105900000
Mercedes-Benz G 63 AMG,2018,https://kolesa.kz/a/show/215098477?search_id=816fbb8186c4067a240a395ab727f254c682721d&search_type=filter&advert_position=946,124 900 000₸,,,Алматы,28 апреля,82,FALSE,FALSE,FALSE,,113 951 000 ₸,124 900 000 ₸,2018 - н.в. W463,Внедорожник,4 (бензин),19 000 км,Автомат,Полный привод,Слева,зеленый,Да,all,124900000
BMW XM,2022,https://kolesa.kz/a/show/213370329?search_id=816fbb8186c4067a240a395ab727f254c682721d&search_type=filter&advert_position=947,90 000 000₸,,,Алматы,28 апреля,4012,TRUE,FALSE,FALSE,,96 699 000 ₸,90 000 000 ₸,2022 - н.в. 1 поколение,Внедорожник,4.4 (гибрид),7 420 км,Автомат,Полный привод,Слева,зеленый,Да,all,90000000
Lexus LX 600,2021,https://kolesa.kz/a/show/208329367?search_id=816fbb8186c4067a240a395ab727f254c682721d&search_type=filter&advert_position=948,84 000 000₸,,,Алматы,28 апреля,4703,TRUE,FALSE,FALSE,,73 055 000 ₸,84 000 000 ₸,2021 - н.в. 4 поколение,Внедорожник,3.5 (бензин),10 834 км,Автомат,Полный привод,Слева,черный металлик,Да,all,84000000
Mercedes-Benz G 63 AMG,2018,https://kolesa.kz/a/show/216608886?search_id=816fbb8186c4067a240a395ab727f254c682721d&search_type=filter&advert_position=949,139 500 000₸,,,Алматы,28 апреля,828,FALSE,FALSE,FALSE,,113 951 000 ₸,139 500 000 ₸,2018 - н.в. W463,Внедорожник,4 (бензин),2 600 км,Автомат,Полный привод,Слева,,Да,all,139500000
Mercedes-Benz G 63 AMG,2018,https://kolesa.kz/a/show/216521970?search_id=816fbb8186c4067a240a395ab727f254c682721d&search_type=filter&advert_position=950,98 500 000₸,,,Алматы,28 апреля,100,FALSE,FALSE,FALSE,,104 010 000 ₸,98 500 000 ₸,2018 - н.в. W463,Внедорожник,4 (бензин),62 000 км,Автомат,Полный привод,Слева,,Да,all,98500000
Mercedes-Benz G 63 AMG,2024,https://kolesa.kz/a/show/217411423?search_id=816fbb8186c4067a240a395ab727f254c682721d&search_type=filter&advert_position=951,198 500 000₸,,,Алматы,28 апреля,273,FALSE,FALSE,FALSE,,177 311 000 ₸,198 500 000 ₸,2024 - н.в. W463 рестайлинг,Внедорожник,4 (бензин),4 700 км,Автомат,Полный привод,Слева,,Да,all,198500000
Mercedes-Benz G 63 AMG,2018,https://kolesa.kz/a/show/213619482?search_id=816fbb8186c4067a240a395ab727f254c682721d&search_type=filter&advert_position=952,199 700 000₸,,,Астана,28 апреля,3846,FALSE,FALSE,FALSE,,193 829 000 ₸,199 700 000 ₸,2018 - н.в. W463,Внедорожник,4 (бензин),600 км,Автомат,Полный привод,Слева,черный,Да,all,199700000
Mercedes-Benz G 63 AMG,2018,https://kolesa.kz/a/show/215513377?search_id=816fbb8186c4067a240a395ab727f254c682721d&search_type=filter&advert_position=953,122 900 000₸,,,Астана,28 апреля,790,FALSE,FALSE,FALSE,,113 951 000 ₸,122 900 000 ₸,2018 - н.в. W463,Внедорожник,4 (бензин),26 000 км,Автомат,Полный привод,Слева,зеленый,Да,all,122900000
Lexus LX 600,2021,https://kolesa.kz/a/show/213981294?search_id=816fbb8186c4067a240a395ab727f254c682721d&search_type=filter&advert_position=954,85 900 000₸,,,Астана,28 апреля,599,FALSE,FALSE,FALSE,,86 302 000 ₸,85 900 000 ₸,2021 - н.в. 4 поколение,Внедорожник,3.5 (бензин),16 000 км,Автомат,Полный привод,Слева,серый,Да,all,85900000
Mercedes-Maybach S 680,2021,https://kolesa.kz/a/show/218398154?search_id=816fbb8186c4067a240a395ab727f254c682721d&search_type=filter&advert_position=955,180 000 000₸,,,Алматы,28 апреля,140,FALSE,FALSE,FALSE,,,180 000 000 ₸,2021 - н.в. Z223,Седан,6 (бензин),3 200 км,Автомат,Полный привод,Слева,,Да,all,180000000
Mercedes-Benz G 63 AMG,2018,https://kolesa.kz/a/show/216538794?search_id=816fbb8186c4067a240a395ab727f254c682721d&search_type=filter&advert_position=956,108 900 000₸,,,Алматы,28 апреля,491,FALSE,FALSE,FALSE,,97 925 000 ₸,108 900 000 ₸,2018 - н.в. W463,Внедорожник,4 (бензин),11 000 км,Автомат,Полный привод,Слева,,Да,all,108900000
Mercedes-Benz G 63 AMG,2018,https://kolesa.kz/a/show/218037159?search_id=816fbb8186c4067a240a395ab727f254c682721d&search_type=filter&advert_position=957,108 900 000₸,,,Алматы,28 апреля,109,FALSE,FALSE,FALSE,,104 010 000 ₸,108 900 000 ₸,2018 - н.в. W463,Внедорожник,4 (бензин),11 700 км,Автомат,Полный привод,Слева,,Да,all,108900000
Mercedes-Benz G 63 AMG,2018,https://kolesa.kz/a/show/146161656?search_id=816fbb8186c4067a240a395ab727f254c682721d&search_type=filter&advert_position=958,110 000 000₸,,,Актау,28 апреля,49,FALSE,FALSE,FALSE,,113 951 000 ₸,110 000 000 ₸,2018 - н.в. W463,Внедорожник,4 (бензин),33 000 км,Автомат,Полный привод,Слева,черный,Да,all,110000000
BMW X5,2023,https://kolesa.kz/a/show/218214240?search_id=816fbb8186c4067a240a395ab727f254c682721d&search_type=filter&advert_position=959,62 900 000₸,584 021₸/мес,71%,Астана,28 апреля,331,FALSE,FALSE,FALSE,584 021₸,59 457 000 ₸,62 900 000 ₸,2023 - н.в. G05 рестайлинг,Кроссовер,3 (бензин),25 100 км,Автомат,Полный привод,Слева,синий,Да,all,62900000
Land Rover Range Rover,2021,https://kolesa.kz/a/show/216416672?search_id=816fbb8186c4067a240a395ab727f254c682721d&search_type=filter&advert_position=960,87 900 000₸,,,Алматы,28 апреля,152,FALSE,FALSE,FALSE,,93 787 000 ₸,87 900 000 ₸,2021 - н.в. 5 поколение,Внедорожник,4.4 (бензин),29 500 км,Автомат,Полный привод,Слева,,Да,all,87900000
Land Rover Range Rover,2021,https://kolesa.kz/a/show/216416672?search_id=63a7a5dc79f74b586ec4f4b0708bb1693dede005&search_type=filter&advert_position=961,87 900 000₸,,,Алматы,28 апреля,153,FALSE,FALSE,FALSE,,93 787 000 ₸,87 900 000 ₸,2021 - н.в. 5 поколение,Внедорожник,4.4 (бензин),29 500 км,Автомат,Полный привод,Слева,,Да,all,87900000
Mercedes-Benz G 63 AMG,2018,https://kolesa.kz/a/show/213711912?search_id=63a7a5dc79f74b586ec4f4b0708bb1693dede005&search_type=filter&advert_position=962,199 500 000₸,,,Астана,28 апреля,4338,FALSE,FALSE,FALSE,,,199 500 000 ₸,2018 - н.в. W463,Внедорожник,4 (бензин),50 км,Автомат,Полный привод,Слева,черный,Да,all,199500000
Mercedes-Benz G 63 AMG,2018,https://kolesa.kz/a/show/215254235?search_id=63a7a5dc79f74b586ec4f4b0708bb1693dede005&search_type=filter&advert_position=963,102 900 000₸,,,Алматы,28 апреля,39,FALSE,FALSE,FALSE,,97 925 000 ₸,102 900 000 ₸,2018 - н.в. W463,Внедорожник,4 (бензин),58 000 км,Автомат,Полный привод,Слева,белый,Да,all,102900000
Land Rover Range Rover,2021,https://kolesa.kz/a/show/214943539?search_id=63a7a5dc79f74b586ec4f4b0708bb1693dede005&search_type=filter&advert_position=964,79 900 000₸,,,Астана,28 апреля,1840,FALSE,FALSE,FALSE,,89 769 000 ₸,79 900 000 ₸,2021 - н.в. 5 поколение,Внедорожник,3 (бензин),46 000 км,Автомат,Полный привод,Слева,серый,Да,all,79900000
Mercedes-Benz G 63 AMG,2018,https://kolesa.kz/a/show/146161656?search_id=63a7a5dc79f74b586ec4f4b0708bb1693dede005&search_type=filter&advert_position=965,110 000 000₸,,,Актау,28 апреля,50,FALSE,FALSE,FALSE,,113 951 000 ₸,110 000 000 ₸,2018 - н.в. W463,Внедорожник,4 (бензин),33 000 км,Автомат,Полный привод,Слева,черный,Да,all,110000000
Mercedes-Benz G 63 AMG,2018,https://kolesa.kz/a/show/216525277?search_id=63a7a5dc79f74b586ec4f4b0708bb1693dede005&search_type=filter&advert_position=966,97 900 000₸,,,Алматы,28 апреля,51,FALSE,FALSE,FALSE,,92 185 000 ₸,97 900 000 ₸,2018 - н.в. W463,Внедорожник,4 (бензин),63 000 км,Автомат,Полный привод,Слева,,Да,all,97900000
BMW X7,2022,https://kolesa.kz/a/show/212770562?search_id=63a7a5dc79f74b586ec4f4b0708bb1693dede005&search_type=filter&advert_position=967,60 000 000₸,,,Алматы,28 апреля,56,TRUE,FALSE,FALSE,,55 680 000 ₸,60 000 000 ₸,2022 - н.в. G07 рестайлинг,Кроссовер,3 (бензин),43 791 км,Автомат,Полный привод,Слева,серый,Да,all,60000000
Lexus LX 600,2021,https://kolesa.kz/a/show/214746666?search_id=63a7a5dc79f74b586ec4f4b0708bb1693dede005&search_type=filter&advert_position=968,70 000 000₸,,,Алматы,28 апреля,802,TRUE,FALSE,FALSE,,69 560 000 ₸,70 000 000 ₸,2021 - н.в. 4 поколение,Внедорожник,3.5 (бензин),26 713 км,Автомат,Полный привод,Слева,серый,Да,all,70000000
Lexus LX 600 F Sport,2021,https://kolesa.kz/a/show/216797928?search_id=63a7a5dc79f74b586ec4f4b0708bb1693dede005&search_type=filter&advert_position=969,76 000 000₸,,,Алматы,28 апреля,54,TRUE,FALSE,FALSE,,79 103 000 ₸,76 000 000 ₸,2021 - н.в. 4 поколение,Внедорожник,3.5 (бензин),19 097 км,Автомат,Полный привод,Слева,белый,Да,all,76000000
Mercedes-Benz G 63 AMG,2018,https://kolesa.kz/a/show/196969560?search_id=63a7a5dc79f74b586ec4f4b0708bb1693dede005&search_type=filter&advert_position=970,99 600 000₸,,,Астана,28 апреля,66,FALSE,FALSE,FALSE,,97 925 000 ₸,99 600 000 ₸,2018 - н.в. W463,Внедорожник,4 (бензин),32 000 км,Автомат,Полный привод,Слева,белый,Да,all,99600000
BMW X5,2023,https://kolesa.kz/a/show/198027255?search_id=63a7a5dc79f74b586ec4f4b0708bb1693dede005&search_type=filter&advert_position=971,64 000 000₸,584 021₸/мес,72%,Астана,28 апреля,305,FALSE,FALSE,FALSE,584 021₸,69 444 000 ₸,64 000 000 ₸,2023 - н.в. G05 рестайлинг,Кроссовер,4.4 (бензин),43 000 км,Автомат,Полный привод,Слева,черный,Да,all,64000000
Mercedes-Benz G 63 AMG,2018,https://kolesa.kz/a/show/218153381?search_id=63a7a5dc79f74b586ec4f4b0708bb1693dede005&search_type=filter&advert_position=972,135 000 000₸,,,Астана,28 апреля,159,FALSE,FALSE,FALSE,,113 951 000 ₸,135 000 000 ₸,2018 - н.в. W463,Внедорожник,4 (бензин),8 000 км,Автомат,Полный привод,Слева,черный,Да,all,135000000
Land Rover Range Rover,2021,https://kolesa.kz/a/show/217787356?search_id=63a7a5dc79f74b586ec4f4b0708bb1693dede005&search_type=filter&advert_position=973,95 000 000₸,,,Астана,28 апреля,919,FALSE,FALSE,FALSE,,,95 000 000 ₸,2021 - н.в. 5 поколение,Внедорожник,4.4 (бензин),,Автомат,Полный привод,Слева,,Нет,all,95000000
Tesla Cybertruck,2019,https://kolesa.kz/a/show/202219276?search_id=63a7a5dc79f74b586ec4f4b0708bb1693dede005&search_type=filter&advert_position=974,95 000 000₸,,,Астана,28 апреля,37751,FALSE,FALSE,FALSE,,,95 000 000 ₸,2019 - н.в. 1 поколение,Пикап,,1 500 км,Автомат,Полный привод,Слева,серебристый металлик,Да,all,95000000
Mercedes-Benz G 63 AMG,2018,https://kolesa.kz/a/show/215262224?search_id=63a7a5dc79f74b586ec4f4b0708bb1693dede005&search_type=filter&advert_position=975,144 000 000₸,,,Алматы,28 апреля,113,FALSE,FALSE,FALSE,,129 095 000 ₸,144 000 000 ₸,2018 - н.в. W463,Внедорожник,4 (бензин),23 000 км,Автомат,Полный привод,Слева,голубой,Да,all,144000000
Lexus LX 600,2021,https://kolesa.kz/a/show/218502073?search_id=63a7a5dc79f74b586ec4f4b0708bb1693dede005&search_type=filter&advert_position=976,85 000 000₸,,,Алматы,28 апреля,43,FALSE,FALSE,FALSE,,,85 000 000 ₸,2021 - н.в. 4 поколение,Внедорожник,3.5 (бензин),,Автомат,Полный привод,Слева,черный,Да,all,85000000
Cadillac Escalade,2020,https://kolesa.kz/a/show/216903658?search_id=63a7a5dc79f74b586ec4f4b0708bb1693dede005&search_type=filter&advert_position=977,68 900 000₸,,,Костанай,28 апреля,592,FALSE,FALSE,FALSE,,61 959 000 ₸,68 900 000 ₸,2020 - н.в. 5 поколение,Внедорожник,6.2 (бензин),20 000 км,Автомат,Полный привод,Слева,синий металлик,Да,all,68900000
Mercedes-Benz G 63 AMG,2024,https://kolesa.kz/a/show/218470218?search_id=63a7a5dc79f74b586ec4f4b0708bb1693dede005&search_type=filter&advert_position=978,139 000 000₸,,,Алматы,28 апреля,99,FALSE,FALSE,FALSE,,189 071 000 ₸,139 000 000 ₸,2024 - н.в. W465 рестайлинг,Внедорожник,4 (бензин),,Автомат,Полный привод,Слева,черный,Да,all,139000000
Land Rover Defender,2019,https://kolesa.kz/a/show/217414735?search_id=63a7a5dc79f74b586ec4f4b0708bb1693dede005&search_type=filter&advert_position=979,74 000 000₸,,,Астана,28 апреля,313,FALSE,FALSE,TRUE,,,74 000 000 ₸,2019 - н.в. 2 поколение (L663),Внедорожник,3 (бензин),3 023 км,Автомат,Полный привод,Слева,,Да,all,74000000
Land Rover Range Rover,2021,https://kolesa.kz/a/show/216361745?search_id=63a7a5dc79f74b586ec4f4b0708bb1693dede005&search_type=filter&advert_position=980,109 900 000₸,,,Алматы,28 апреля,96,FALSE,FALSE,FALSE,,93 787 000 ₸,109 900 000 ₸,2021 - н.в. 5 поколение,Внедорожник,4.4 (бензин),34 000 км,Автомат,Полный привод,Слева,,Да,all,109900000
Mercedes-Benz G 63 AMG,2018,https://kolesa.kz/a/show/215356065?search_id=8716bd4df654d1767b77a7684d9afc99f4919209&search_type=filter&advert_position=981,139 500 000₸,,,Алматы,28 апреля,62,FALSE,FALSE,FALSE,,113 951 000 ₸,139 500 000 ₸,2018 - н.в. W463,Внедорожник,4 (бензин),16 000 км,Автомат,Полный привод,Слева,черный,Да,all,139500000
Land Rover Range Rover,2021,https://kolesa.kz/a/show/216361745?search_id=8716bd4df654d1767b77a7684d9afc99f4919209&search_type=filter&advert_position=982,109 900 000₸,,,Алматы,28 апреля,97,FALSE,FALSE,FALSE,,93 787 000 ₸,109 900 000 ₸,2021 - н.в. 5 поколение,Внедорожник,4.4 (бензин),34 000 км,Автомат,Полный привод,Слева,,Да,all,109900000
Lexus LX 600,2021,https://kolesa.kz/a/show/210842330?search_id=8716bd4df654d1767b77a7684d9afc99f4919209&search_type=filter&advert_position=983,85 000 000₸,,,Алматы,28 апреля,6197,TRUE,FALSE,FALSE,,86 302 000 ₸,85 000 000 ₸,2021 - н.в. 4 поколение,Внедорожник,3.5 (бензин),10 656 км,Автомат,Полный привод,Слева,белый металлик,Да,all,85000000
Lexus LX 600 VIP Black Edition,2021,https://kolesa.kz/a/show/214581880?search_id=8716bd4df654d1767b77a7684d9afc99f4919209&search_type=filter&advert_position=984,67 000 000₸,,,Алматы,28 апреля,5252,TRUE,FALSE,FALSE,,69 560 000 ₸,67 000 000 ₸,2021 - н.в. 4 поколение,Внедорожник,3.5 (бензин),31 599 км,Автомат,Полный привод,Слева,белый металлик,Да,all,67000000
Lexus LX 570,2015,https://kolesa.kz/a/show/212794157?search_id=8716bd4df654d1767b77a7684d9afc99f4919209&search_type=filter&advert_position=985,72 900 000₸,584 021₸/мес,75%,Астана,28 апреля,1136,FALSE,FALSE,FALSE,584 021₸,57 686 000 ₸,72 900 000 ₸,2015 - н.в. 3 поколение [2-й рестайлинг] (J2),Внедорожник,5.7 (бензин),30 000 км,Автомат,Полный привод,Слева,черный,Да,all,72900000
BMW X5 XDrive 40i,2023,https://kolesa.kz/a/show/216444960?search_id=8716bd4df654d1767b77a7684d9afc99f4919209&search_type=filter&advert_position=986,60 000 000₸,,,Алматы,28 апреля,842,TRUE,FALSE,FALSE,,59 457 000 ₸,60 000 000 ₸,2023 - н.в. G05 рестайлинг,Кроссовер,3 (бензин),15 481 км,Автомат,Полный привод,Слева,черный,Да,all,60000000
Mercedes-Benz SL 55 AMG,2016,https://kolesa.kz/a/show/216885547?search_id=8716bd4df654d1767b77a7684d9afc99f4919209&search_type=filter&advert_position=987,89 950 000₸,,,Алматы,28 апреля,576,FALSE,FALSE,FALSE,,,89 950 000 ₸,2016 - н.в. R231 рестайлинг,Родстер,2 (бензин),20 000 км,Автомат,Полный привод,Слева,,Да,all,89950000
Mercedes-Benz G 63 AMG,2018,https://kolesa.kz/a/show/217002110?search_id=8716bd4df654d1767b77a7684d9afc99f4919209&search_type=filter&advert_position=988,108 900 000₸,,,Алматы,28 апреля,53,FALSE,FALSE,FALSE,,97 925 000 ₸,108 900 000 ₸,2018 - н.в. W463,Внедорожник,4 (бензин),45 000 км,Автомат,Полный привод,Слева,белый,Да,all,108900000
Mercedes-Benz G 63 AMG,2018,https://kolesa.kz/a/show/217741592?search_id=8716bd4df654d1767b77a7684d9afc99f4919209&search_type=filter&advert_position=989,117 000 000₸,,,Алматы,28 апреля,86,FALSE,FALSE,FALSE,,97 925 000 ₸,117 000 000 ₸,2018 - н.в. W463,Внедорожник,4 (бензин),29 000 км,Автомат,Полный привод,Слева,зеленый,Да,all,117000000
Mercedes-Benz G 63 AMG,2018,https://kolesa.kz/a/show/217178945?search_id=8716bd4df654d1767b77a7684d9afc99f4919209&search_type=filter&advert_position=990,117 000 000₸,,,Алматы,28 апреля,57,FALSE,FALSE,FALSE,,113 951 000 ₸,117 000 000 ₸,2018 - н.в. W463,Внедорожник,4 (бензин),57 000 км,Автомат,Полный привод,Слева,,Да,all,117000000
Mercedes-Benz G 63 AMG,2018,https://kolesa.kz/a/show/216905864?search_id=8716bd4df654d1767b77a7684d9afc99f4919209&search_type=filter&advert_position=991,98 000 000₸,,,Алматы,28 апреля,1200,FALSE,FALSE,FALSE,,104 010 000 ₸,98 000 000 ₸,2018 - н.в. W463,Внедорожник,4 (бензин),44 000 км,Автомат,Полный привод,Слева,,Да,all,98000000
Audi RS Q8,2019,https://kolesa.kz/a/show/186142319?search_id=8716bd4df654d1767b77a7684d9afc99f4919209&search_type=filter&advert_position=992,72 000 000₸,,,Алматы,28 апреля,275,FALSE,FALSE,FALSE,,,72 000 000 ₸,2019 - н.в. 1 поколение (4MN),Внедорожник,4 (бензин),2 500 км,Автомат,Полный привод,Слева,серый металлик,Да,all,72000000
BMW X7 XDrive 40i,2022,https://kolesa.kz/a/show/207222445?search_id=8716bd4df654d1767b77a7684d9afc99f4919209&search_type=filter&advert_position=993,65 000 000₸,,,Алматы,28 апреля,3922,TRUE,FALSE,FALSE,,55 680 000 ₸,65 000 000 ₸,2022 - н.в. G07 рестайлинг,Кроссовер,3 (бензин),19 173 км,Автомат,Полный привод,Слева,белый,Да,all,65000000
Mercedes-Benz G 63 AMG 4MATIC,2018,https://kolesa.kz/a/show/212671005?search_id=8716bd4df654d1767b77a7684d9afc99f4919209&search_type=filter&advert_position=994,107 000 000₸,,,Алматы,28 апреля,6505,TRUE,FALSE,FALSE,,104 010 000 ₸,107 000 000 ₸,2018 - н.в. W463,Внедорожник,4 (бензин),67 126 км,Автомат,Полный привод,Слева,черный,Да,all,107000000
BMW X7,2022,https://kolesa.kz/a/show/215384972?search_id=8716bd4df654d1767b77a7684d9afc99f4919209&search_type=filter&advert_position=995,77 000 000₸,584 021₸/мес,77%,Шымкент,28 апреля,618,FALSE,FALSE,FALSE,584 021₸,71 561 000 ₸,77 000 000 ₸,2022 - н.в. G07 рестайлинг,Кроссовер,3 (бензин),16 500 км,Автомат,Полный привод,Слева,,Да,all,77000000
Mercedes-Benz V 220,2014,https://kolesa.kz/a/show/216096167?search_id=8716bd4df654d1767b77a7684d9afc99f4919209&search_type=filter&advert_position=996,77 777 777₸,,,Астана,28 апреля,946,FALSE,FALSE,FALSE,,,77 777 777 ₸,2014 - н.в. W447,Минивэн,2.2 (дизель),15 000 км,Автомат,Полный привод,Слева,,Да,all,77777777
Mercedes-Benz G 63 AMG,2018,https://kolesa.kz/a/show/217105247?search_id=8716bd4df654d1767b77a7684d9afc99f4919209&search_type=filter&advert_position=997,119 950 000₸,,,Алматы,28 апреля,338,FALSE,FALSE,FALSE,,97 925 000 ₸,119 950 000 ₸,2018 - н.в. W463,Внедорожник,4 (бензин),4 300 км,Автомат,Полный привод,Слева,черный,Да,all,119950000
Lexus LX 600 Luxury+,2021,https://kolesa.kz/a/show/214513765?search_id=8716bd4df654d1767b77a7684d9afc99f4919209&search_type=filter&advert_position=998,80 000 000₸,,,Алматы,28 апреля,3109,TRUE,FALSE,FALSE,,86 302 000 ₸,80 000 000 ₸,2021 - н.в. 4 поколение,Внедорожник,3.5 (бензин),30 073 км,Автомат,Полный привод,Слева,белый,Да,all,80000000
Cadillac Escalade,2024,https://kolesa.kz/a/show/218478790?search_id=8716bd4df654d1767b77a7684d9afc99f4919209&search_type=filter&advert_position=999,99 000 000₸,,,Алматы,28 апреля,116,FALSE,FALSE,FALSE,,,99 000 000 ₸,2024 - н.в. 5 поколение рестайлинг,Внедорожник,6.2 (бензин),,Автомат,Полный привод,Слева,черный,Да,all,99000000
Toyota Sequoia,2022,https://kolesa.kz/a/show/218526866?search_id=8716bd4df654d1767b77a7684d9afc99f4919209&search_type=filter&advert_position=1000,69 500 000₸,,,Алматы,28 апреля,168,FALSE,FALSE,FALSE,,,69 500 000 ₸,2022 - н.в. 3 поколение,Внедорожник,3.5 (гибрид),500 км,Автомат,Полный привод,Слева,,Да,all,69500000
Cadillac Escalade,2020,https://kolesa.kz/a/show/203059284?search_id=fceb83e4fed1c7246863701b5cf1baa43915534f&search_type=filter&advert_position=1001,80 000 000₸,,,Шымкент,28 апреля,1204,FALSE,FALSE,FALSE,,61 959 000 ₸,80 000 000 ₸,2020 - н.в. 5 поколение,Внедорожник,6.2 (бензин),19 366 км,Автомат,Полный привод,Слева,черный металлик,Да,all,80000000
Lexus LX 600,2021,https://kolesa.kz/a/show/214879922?search_id=fceb83e4fed1c7246863701b5cf1baa43915534f&search_type=filter&advert_position=1002,69 900 000₸,,,Астана,28 апреля,189,FALSE,FALSE,FALSE,,73 055 000 ₸,69 900 000 ₸,2021 - н.в. 4 поколение,Внедорожник,3.5 (бензин),31 000 км,Автомат,Полный привод,Слева,белый,Да,all,69900000
Mercedes-Benz G 550,2018,https://kolesa.kz/a/show/217008019?search_id=fceb83e4fed1c7246863701b5cf1baa43915534f&search_type=filter&advert_position=1003,109 000 000₸,,,Астана,28 апреля,72,FALSE,FALSE,FALSE,,,109 000 000 ₸,2018 - н.в. W463,Внедорожник,4 (бензин),61 000 км,Автомат,Полный привод,Слева,,Да,all,109000000
Toyota Land Cruiser,2021,https://kolesa.kz/a/show/211369170?search_id=fceb83e4fed1c7246863701b5cf1baa43915534f&search_type=filter&advert_position=1004,62 000 000₸,584 021₸/мес,71%,Алматы,28 апреля,40,FALSE,FALSE,FALSE,584 021₸,56 149 000 ₸,62 000 000 ₸,2021 - н.в. J300,Внедорожник,3.5 (бензин),3 000 км,Автомат,Полный привод,Слева,белый металлик,Да,all,62000000
BMW M3,2020,https://kolesa.kz/a/show/215639267?search_id=fceb83e4fed1c7246863701b5cf1baa43915534f&search_type=filter&advert_position=1005,76 000 000₸,,,Алматы,28 апреля,2876,FALSE,FALSE,FALSE,,,76 000 000 ₸,2020 - н.в. G80,Универсал,3 (бензин),11 000 км,Автомат,Полный привод,Слева,черный,Да,all,76000000
Mercedes-Benz G 63 AMG,2018,https://kolesa.kz/a/show/164059347?search_id=fceb83e4fed1c7246863701b5cf1baa43915534f&search_type=filter&advert_position=1006,112 000 000₸,,,Алматы,28 апреля,45,FALSE,FALSE,FALSE,,113 951 000 ₸,112 000 000 ₸,2018 - н.в. W463,Внедорожник,4 (бензин),35 000 км,Автомат,Полный привод,Слева,белый,Да,all,112000000
Lexus LX 600 Luxury 7S,2021,https://kolesa.kz/a/show/218145414?search_id=fceb83e4fed1c7246863701b5cf1baa43915534f&search_type=filter&advert_position=1007,71 000 000₸,,,Алматы,28 апреля,239,TRUE,FALSE,FALSE,,69 560 000 ₸,71 000 000 ₸,2021 - н.в. 4 поколение,Внедорожник,3.5 (бензин),29 147 км,Автомат,Полный привод,Слева,белый,Да,all,71000000
Land Rover Defender,2019,https://kolesa.kz/a/show/211673736?search_id=fceb83e4fed1c7246863701b5cf1baa43915534f&search_type=filter&advert_position=1008,60 000 000₸,,,Алматы,28 апреля,423,FALSE,FALSE,FALSE,,63 830 000 ₸,60 000 000 ₸,2019 - н.в. 2 поколение (L663),Внедорожник,3 (бензин),15 000 км,Автомат,Полный привод,Слева,серый,Да,all,60000000
Lexus LX 600,2021,https://kolesa.kz/a/show/218489498?search_id=fceb83e4fed1c7246863701b5cf1baa43915534f&search_type=filter&advert_position=1009,74 500 000₸,,,Караганда,28 апреля,105,FALSE,FALSE,FALSE,,73 055 000 ₸,74 500 000 ₸,2021 - н.в. 4 поколение,Внедорожник,3.5 (бензин),19 300 км,Автомат,Полный привод,Слева,,Да,all,74500000
BMW 740 XDrive 3.0,2022,https://kolesa.kz/a/show/212002450?search_id=fceb83e4fed1c7246863701b5cf1baa43915534f&search_type=filter&advert_position=1010,73 500 000₸,,,Алматы,28 апреля,6698,TRUE,FALSE,FALSE,,74 560 000 ₸,73 500 000 ₸,2022 - н.в. G70,Седан,3 (бензин),13 651 км,Автомат,Полный привод,Слева,белый,Да,all,73500000
BMW X5 XDrive 40i,2023,https://kolesa.kz/a/show/216602068?search_id=fceb83e4fed1c7246863701b5cf1baa43915534f&search_type=filter&advert_position=1011,75 357 266₸,,,Астана,28 апреля,623,FALSE,FALSE,TRUE,,65 066 000 ₸,75 357 266 ₸,2023 - н.в. G05 рестайлинг,Кроссовер,3 (бензин),,Автомат,Полный привод,Слева,,Да,all,75357266
Audi RS Q8,2019,https://kolesa.kz/a/show/217750967?search_id=fceb83e4fed1c7246863701b5cf1baa43915534f&search_type=filter&advert_position=1012,73 000 000₸,,,Астана,28 апреля,444,FALSE,TRUE,FALSE,,,73 000 000 ₸,2019 - н.в. 1 поколение (4MN),Внедорожник,4 (бензин),7 952 км,Автомат,Полный привод,Слева,,Да,all,73000000
Land Rover Range Rover,2021,https://kolesa.kz/a/show/211916626?search_id=fceb83e4fed1c7246863701b5cf1baa43915534f&search_type=filter&advert_position=1013,149 000 000₸,,,Астана,28 апреля,4114,FALSE,FALSE,FALSE,,135 040 000 ₸,149 000 000 ₸,2021 - н.в. 5 поколение,Внедорожник,4.4 (бензин),4 000 км,Автомат,Полный привод,Слева,черный,Да,all,149000000
Land Rover Range Rover,2021,https://kolesa.kz/a/show/216419149?search_id=fceb83e4fed1c7246863701b5cf1baa43915534f&search_type=filter&advert_position=1014,84 000 000₸,,,Алматы,28 апреля,101,FALSE,FALSE,FALSE,,90 748 000 ₸,84 000 000 ₸,2021 - н.в. 5 поколение,Внедорожник,4.4 (бензин),45 000 км,Автомат,Полный привод,Слева,,Да,all,84000000
Mercedes-Benz G 63 AMG,2018,https://kolesa.kz/a/show/209610083?search_id=fceb83e4fed1c7246863701b5cf1baa43915534f&search_type=filter&advert_position=1015,99 900 000₸,,,Алматы,28 апреля,77,FALSE,FALSE,FALSE,,92 185 000 ₸,99 900 000 ₸,2018 - н.в. W463,Внедорожник,4 (бензин),52 000 км,Автомат,Полный привод,Слева,черный,Да,all,99900000
Land Rover Range Rover,2021,https://kolesa.kz/a/show/211922774?search_id=fceb83e4fed1c7246863701b5cf1baa43915534f&search_type=filter&advert_position=1016,169 000 000₸,,,Астана,28 апреля,6261,FALSE,FALSE,FALSE,,135 040 000 ₸,169 000 000 ₸,2021 - н.в. 5 поколение,Внедорожник,4.4 (бензин),50 км,Автомат,Полный привод,Слева,черный,Да,all,169000000
Toyota Sequoia,2022,https://kolesa.kz/a/show/214110629?search_id=fceb83e4fed1c7246863701b5cf1baa43915534f&search_type=filter&advert_position=1017,63 000 000₸,,,Алматы,28 апреля,75,FALSE,FALSE,FALSE,,58 610 000 ₸,63 000 000 ₸,2022 - н.в. 3 поколение,Внедорожник,3.5 (гибрид),45 000 км,Автомат,Полный привод,Слева,черный,Да,all,63000000
Toyota Land Cruiser,2021,https://kolesa.kz/a/show/161304199?search_id=fceb83e4fed1c7246863701b5cf1baa43915534f&search_type=filter&advert_position=1018,68 750 000₸,,,Астана,28 апреля,18,FALSE,TRUE,FALSE,,56 149 000 ₸,68 750 000 ₸,2021 - н.в. J300,Внедорожник,3.5 (бензин),130 000 км,Автомат,Полный привод,Слева,черный металлик,Да,all,68750000
Nissan Z,2021,https://kolesa.kz/a/show/218554796?search_id=fceb83e4fed1c7246863701b5cf1baa43915534f&search_type=filter&advert_position=1019,60 000 000₸,,,Алматы,28 апреля,98,FALSE,FALSE,FALSE,,,60 000 000 ₸,2021 - н.в. 1 поколение,Купе,3 (бензин),1 100 км,Автомат,Задний привод,Слева,черный,Да,all,60000000
BMW 840,2018,https://kolesa.kz/a/show/206972712?search_id=fceb83e4fed1c7246863701b5cf1baa43915534f&search_type=filter&advert_position=1020,70 000 000₸,,,Шымкент,28 апреля,104,FALSE,FALSE,FALSE,,,70 000 000 ₸,2018 - н.в. G15,Седан,3 (бензин),25 000 км,Автомат,Полный привод,Слева,оранжевый металлик,Да,all,70000000
Nissan Z,2021,https://kolesa.kz/a/show/218554796?search_id=84ac39d9634e5b9a40a88efdb3e1da13c3713035&search_type=filter&advert_position=1021,60 000 000₸,,,Алматы,28 апреля,99,FALSE,FALSE,FALSE,,,60 000 000 ₸,2021 - н.в. 1 поколение,Купе,3 (бензин),1 100 км,Автомат,Задний привод,Слева,черный,Да,all,60000000
BMW 840,2018,https://kolesa.kz/a/show/206972712?search_id=84ac39d9634e5b9a40a88efdb3e1da13c3713035&search_type=filter&advert_position=1022,70 000 000₸,,,Шымкент,28 апреля,105,FALSE,FALSE,FALSE,,,70 000 000 ₸,2018 - н.в. G15,Седан,3 (бензин),25 000 км,Автомат,Полный привод,Слева,оранжевый металлик,Да,all,70000000
Mercedes-Benz EQS,2021,https://kolesa.kz/a/show/182455328?search_id=84ac39d9634e5b9a40a88efdb3e1da13c3713035&search_type=filter&advert_position=1023,75 000 000₸,,,Астана,28 апреля,786,FALSE,FALSE,FALSE,,,75 000 000 ₸,2021 - н.в. 1 поколение (V297),Лифтбек,,2 500 км,Автомат,Полный привод,Слева,белый металлик,Да,all,75000000
Mercedes-Benz S 580,2020,https://kolesa.kz/a/show/204104238?search_id=84ac39d9634e5b9a40a88efdb3e1da13c3713035&search_type=filter&advert_position=1024,67 000 000₸,,,Алматы,28 апреля,1378,FALSE,FALSE,FALSE,,79 524 000 ₸,67 000 000 ₸,2020 - н.в. W223,Седан,4 (бензин),41 800 км,Автомат,Полный привод,Слева,,Да,all,67000000
BMW X7,2022,https://kolesa.kz/a/show/198925772?search_id=84ac39d9634e5b9a40a88efdb3e1da13c3713035&search_type=filter&advert_position=1025,60 000 000₸,584 021₸/мес,70%,Алматы,28 апреля,15,FALSE,FALSE,FALSE,584 021₸,61 285 000 ₸,60 000 000 ₸,2022 - н.в. G07 рестайлинг,Кроссовер,3 (бензин),60 000 км,Автомат,Полный привод,Слева,,Да,all,60000000
Lexus LX 600,2021,https://kolesa.kz/a/show/210754838?search_id=84ac39d9634e5b9a40a88efdb3e1da13c3713035&search_type=filter&advert_position=1026,86 000 000₸,,,Алматы,28 апреля,9953,FALSE,FALSE,FALSE,,86 302 000 ₸,86 000 000 ₸,2021 - н.в. 4 поколение,Внедорожник,3.5 (бензин),,Автомат,Полный привод,Слева,черный,Да,all,86000000
RAM 1500,2023,https://kolesa.kz/a/show/199516355?search_id=84ac39d9634e5b9a40a88efdb3e1da13c3713035&search_type=filter&advert_position=1027,68 000 000₸,,,Павлодар,28 апреля,65,FALSE,FALSE,FALSE,,,68 000 000 ₸,2023 - н.в. 2 поколение рестайлинг,Пикап,6.2 (бензин),55 000 км,Автомат,Полный привод,Слева,белый,Да,all,68000000
Lexus LX 600,2021,https://kolesa.kz/a/show/216379390?search_id=84ac39d9634e5b9a40a88efdb3e1da13c3713035&search_type=filter&advert_position=1028,87 500 000₸,,,Алматы,28 апреля,43,FALSE,FALSE,FALSE,,86 302 000 ₸,87 500 000 ₸,2021 - н.в. 4 поколение,Внедорожник,3.5 (бензин),8 300 км,Автомат,Полный привод,Слева,черный металлик,Да,all,87500000
Ford F-Series,2017,https://kolesa.kz/a/show/186791363?search_id=84ac39d9634e5b9a40a88efdb3e1da13c3713035&search_type=filter&advert_position=1029,65 000 000₸,,,Астана,28 апреля,36,FALSE,FALSE,FALSE,,45 129 000 ₸,65 000 000 ₸,2017 - 2020 13 поколение рестайлинг,Пикап,3.5 (бензин),51 000 км,Автомат,Полный привод,Слева,черный,Да,all,65000000
Mercedes-Benz G 63 AMG,2024,https://kolesa.kz/a/show/182710262?search_id=84ac39d9634e5b9a40a88efdb3e1da13c3713035&search_type=filter&advert_position=1030,168 000 000₸,,,Астана,28 апреля,21169,FALSE,FALSE,FALSE,,174 225 000 ₸,168 000 000 ₸,2024 - н.в. W463 рестайлинг,Внедорожник,4 (бензин),,Автомат,Полный привод,Слева,черный,Да,all,168000000
Lexus LX 600,2021,https://kolesa.kz/a/show/218540303?search_id=84ac39d9634e5b9a40a88efdb3e1da13c3713035&search_type=filter&advert_position=1031,76 200 000₸,,,Шымкент,28 апреля,80,FALSE,FALSE,FALSE,,79 103 000 ₸,76 200 000 ₸,2021 - н.в. 4 поколение,Внедорожник,3.5 (бензин),14 000 км,Автомат,Полный привод,Слева,,Да,all,76200000
Toyota Land Cruiser,2021,https://kolesa.kz/a/show/216357612?search_id=84ac39d9634e5b9a40a88efdb3e1da13c3713035&search_type=filter&advert_position=1032,63 000 000₸,584 021₸/мес,71%,Астана,28 апреля,38,FALSE,FALSE,FALSE,584 021₸,56 149 000 ₸,63 000 000 ₸,2021 - н.в. J300,Внедорожник,3.5 (бензин),20 000 км,Автомат,Полный привод,Слева,черный,Да,all,63000000
Cadillac Escalade,2020,https://kolesa.kz/a/show/188595126?search_id=84ac39d9634e5b9a40a88efdb3e1da13c3713035&search_type=filter&advert_position=1033,67 000 000₸,,,Алматы,28 апреля,22,FALSE,FALSE,FALSE,,61 959 000 ₸,67 000 000 ₸,2020 - н.в. 5 поколение,Внедорожник,6.2 (бензин),8 800 км,Автомат,Полный привод,Слева,белый металлик,Да,all,67000000
BMW X7,2022,https://kolesa.kz/a/show/200482410?search_id=84ac39d9634e5b9a40a88efdb3e1da13c3713035&search_type=filter&advert_position=1034,65 000 000₸,584 021₸/мес,72%,Алматы,28 апреля,31,FALSE,FALSE,FALSE,584 021₸,73 673 000 ₸,65 000 000 ₸,2022 - н.в. G07 рестайлинг,Кроссовер,4.4 (бензин),2 000 км,Автомат,Полный привод,Слева,черный,Да,all,65000000
Audi RS 7,2019,https://kolesa.kz/a/show/218535148?search_id=84ac39d9634e5b9a40a88efdb3e1da13c3713035&search_type=filter&advert_position=1035,73 500 000₸,,,Жетысай,28 апреля,187,FALSE,FALSE,FALSE,,,73 500 000 ₸,2019 - н.в. 2 поколение (C8),Лифтбек,4 (бензин),173 850 км,Автомат,Полный привод,Слева,серебристый металлик,Да,all,73500000
BMW M5,2020,https://kolesa.kz/a/show/216782695?search_id=84ac39d9634e5b9a40a88efdb3e1da13c3713035&search_type=filter&advert_position=1036,62 000 000₸,,,Шымкент,28 апреля,206,FALSE,FALSE,FALSE,,66 374 000 ₸,62 000 000 ₸,2020 - н.в. F90 рестайлинг,Седан,4.4 (бензин),29 584 км,Автомат,Полный привод,Слева,черный,Да,all,62000000
Toyota Land Cruiser,2021,https://kolesa.kz/a/show/217055678?search_id=84ac39d9634e5b9a40a88efdb3e1da13c3713035&search_type=filter&advert_position=1037,60 000 000₸,584 021₸/мес,70%,Алматы,28 апреля,19,FALSE,FALSE,FALSE,584 021₸,60 621 000 ₸,60 000 000 ₸,2021 - н.в. J300,Внедорожник,3.5 (бензин),70 000 км,Автомат,Полный привод,Слева,белый металлик,Да,all,60000000
Bentley Bentayga,2015,https://kolesa.kz/a/show/197405195?search_id=84ac39d9634e5b9a40a88efdb3e1da13c3713035&search_type=filter&advert_position=1038,140 000 000₸,,,Алматы,28 апреля,54,FALSE,FALSE,FALSE,,,140 000 000 ₸,2015 - н.в. 1 поколение (4V1),Кроссовер,4 (бензин),13 000 км,Автомат,Полный привод,Слева,черный,Да,all,140000000
Mercedes-Benz G 63 AMG,2018,https://kolesa.kz/a/show/217655531?search_id=84ac39d9634e5b9a40a88efdb3e1da13c3713035&search_type=filter&advert_position=1039,100 000 000₸,,,Алматы,28 апреля,19,FALSE,FALSE,FALSE,,97 925 000 ₸,100 000 000 ₸,2018 - н.в. W463,Внедорожник,4 (бензин),60 000 км,Автомат,Полный привод,Слева,,Да,all,100000000
Lexus LX 600,2021,https://kolesa.kz/a/show/218530396?search_id=84ac39d9634e5b9a40a88efdb3e1da13c3713035&search_type=filter&advert_position=1040,88 000 000₸,,,Астана,28 апреля,48,FALSE,FALSE,FALSE,,79 103 000 ₸,88 000 000 ₸,2021 - н.в. 4 поколение,Внедорожник,3.5 (бензин),5 000 км,Автомат,Полный привод,Слева,черный металлик,Да,all,88000000
Mercedes-Benz G 63 AMG,2018,https://kolesa.kz/a/show/218529012?search_id=cbcddba770bcd067a2437ba7190b68792003845a&search_type=filter&advert_position=1041,118 900 000₸,,,Алматы,28 апреля,39,FALSE,FALSE,FALSE,,113 951 000 ₸,118 900 000 ₸,2018 - н.в. W463,Внедорожник,4 (бензин),38 000 км,Автомат,Полный привод,Слева,,Да,all,118900000
BMW X5,2023,https://kolesa.kz/a/show/216320758?search_id=cbcddba770bcd067a2437ba7190b68792003845a&search_type=filter&advert_position=1042,61 000 000₸,584 021₸/мес,70%,Тараз,28 апреля,33,FALSE,FALSE,FALSE,584 021₸,65 066 000 ₸,61 000 000 ₸,2023 - н.в. G05 рестайлинг,Кроссовер,3 (бензин),7 200 км,Автомат,Полный привод,Слева,белый,Да,all,61000000
Lexus GX 550,2023,https://kolesa.kz/a/show/218522874?search_id=cbcddba770bcd067a2437ba7190b68792003845a&search_type=filter&advert_position=1043,65 000 000₸,,,Алматы,28 апреля,43,FALSE,FALSE,FALSE,,59 305 000 ₸,65 000 000 ₸,2023 - н.в. 3 поколение (J250),Внедорожник,3.4 (бензин),17 000 км,Автомат,Полный привод,Слева,белый,Да,all,65000000
Chevrolet Tahoe,2019,https://kolesa.kz/a/show/207308762?search_id=cbcddba770bcd067a2437ba7190b68792003845a&search_type=filter&advert_position=1044,64 999 999₸,,,Алматы,28 апреля,1203,FALSE,FALSE,FALSE,,,64 999 999 ₸,2019 - н.в. 5 поколение (GMT T1XX),Внедорожник,6.2 (бензин),80 км,Автомат,Полный привод,Слева,,Да,all,64999999
Lexus RX 300,2003,https://kolesa.kz/a/show/218522708?search_id=cbcddba770bcd067a2437ba7190b68792003845a&search_type=filter&advert_position=1045,62 000 000₸,649 156₸/мес,71%,Кызылорда,28 апреля,39,FALSE,FALSE,FALSE,649 156₸,5 655 000 ₸,62 000 000 ₸,1997 - 2003 1 поколение (MCU15),Кроссовер,3 (бензин),,Автомат,Полный привод,Слева,,Да,all,62000000
Lexus LX 600,2021,https://kolesa.kz/a/show/218522957?search_id=cbcddba770bcd067a2437ba7190b68792003845a&search_type=filter&advert_position=1046,89 400 000₸,,,Алматы,28 апреля,60,FALSE,FALSE,FALSE,,86 302 000 ₸,89 400 000 ₸,2021 - н.в. 4 поколение,Внедорожник,3.5 (бензин),4 500 км,Автомат,Полный привод,Слева,,Да,all,89400000
Lexus LX 570,2015,https://kolesa.kz/a/show/176820491?search_id=cbcddba770bcd067a2437ba7190b68792003845a&search_type=filter&advert_position=1047,63 000 000₸,584 021₸/мес,71%,Алматы,28 апреля,61,FALSE,FALSE,FALSE,584 021₸,54 877 000 ₸,63 000 000 ₸,2015 - н.в. 3 поколение [2-й рестайлинг] (J2),Внедорожник,5.7 (бензин),77 000 км,Автомат,Полный привод,Слева,черный металлик,Да,all,63000000
BMW X5 M,2019,https://kolesa.kz/a/show/218519495?search_id=cbcddba770bcd067a2437ba7190b68792003845a&search_type=filter&advert_position=1048,60 000 000₸,,,Астана,28 апреля,56,FALSE,FALSE,FALSE,,62 482 000 ₸,60 000 000 ₸,2019 - н.в. F95,Кроссовер,4.4 (бензин),,Автомат,Полный привод,Слева,,Да,all,60000000
Porsche Panamera,2020,https://kolesa.kz/a/show/213730114?search_id=cbcddba770bcd067a2437ba7190b68792003845a&search_type=filter&advert_position=1049,77 250 000₸,,,Алматы,28 апреля,33,FALSE,FALSE,FALSE,,,77 250 000 ₸,2020 - н.в. 971 рестайлинг,Лифтбек,2.9 (бензин),19 000 км,Робот,Полный привод,Слева,серый,Да,all,77250000
Mercedes-Benz G 63 AMG,2024,https://kolesa.kz/a/show/211910862?search_id=cbcddba770bcd067a2437ba7190b68792003845a&search_type=filter&advert_position=1050,178 000 000₸,,,Алматы,28 апреля,3278,FALSE,FALSE,FALSE,,189 071 000 ₸,178 000 000 ₸,2024 - н.в. W465 рестайлинг,Внедорожник,4 (бензин),,Автомат,Полный привод,Слева,синий,Да,all,178000000
Mercedes-Benz G 63 AMG,2024,https://kolesa.kz/a/show/211908536?search_id=cbcddba770bcd067a2437ba7190b68792003845a&search_type=filter&advert_position=1051,176 000 000₸,,,Алматы,28 апреля,3546,FALSE,FALSE,FALSE,,189 071 000 ₸,176 000 000 ₸,2024 - н.в. W465 рестайлинг,Внедорожник,4 (бензин),,Автомат,Полный привод,Слева,черный,Да,all,176000000
Mercedes-Benz GLC 63 AMG,2019,https://kolesa.kz/a/show/193126769?search_id=cbcddba770bcd067a2437ba7190b68792003845a&search_type=filter&advert_position=1052,96 000 000₸,,,Алматы,28 апреля,32,FALSE,FALSE,FALSE,,,96 000 000 ₸,2019 - 2022 X253/C253 рестайлинг,Кроссовер,4 (бензин),50 км,Автомат,Полный привод,Слева,серый,Да,all,96000000
Cadillac Escalade,2024,https://kolesa.kz/a/show/211913352?search_id=cbcddba770bcd067a2437ba7190b68792003845a&search_type=filter&advert_position=1053,98 000 000₸,,,Алматы,28 апреля,3408,FALSE,FALSE,FALSE,,,98 000 000 ₸,2024 - н.в. 5 поколение рестайлинг,Внедорожник,6.2 (бензин),,Автомат,Полный привод,Слева,черный,Да,all,98000000
Mercedes-Benz G 63 AMG,2024,https://kolesa.kz/a/show/218512584?search_id=cbcddba770bcd067a2437ba7190b68792003845a&search_type=filter&advert_position=1054,195 000 000₸,,,Алматы,28 апреля,87,FALSE,FALSE,FALSE,,177 311 000 ₸,195 000 000 ₸,2024 - н.в. W463 рестайлинг,Внедорожник,4 (бензин),16 700 км,Автомат,Полный привод,Слева,черный,Да,all,195000000
BMW M3,2020,https://kolesa.kz/a/show/218501581?search_id=cbcddba770bcd067a2437ba7190b68792003845a&search_type=filter&advert_position=1055,69 000 000₸,,,Алматы,28 апреля,88,FALSE,TRUE,FALSE,,,69 000 000 ₸,2020 - н.в. G80,Универсал,3 (бензин),11 000 км,Автомат,Полный привод,Слева,черный металлик,Да,all,69000000
Lamborghini Urus,2017,https://kolesa.kz/a/show/210189970?search_id=cbcddba770bcd067a2437ba7190b68792003845a&search_type=filter&advert_position=1056,169 500 000₸,,,Астана,28 апреля,92,FALSE,FALSE,FALSE,,,169 500 000 ₸,2017 - н.в. 1 поколение,Кроссовер,4 (бензин),44 000 км,Автомат,Полный привод,Слева,жёлтый,Да,all,169500000
Mercedes-Benz S 580,2020,https://kolesa.kz/a/show/215635423?search_id=cbcddba770bcd067a2437ba7190b68792003845a&search_type=filter&advert_position=1057,73 000 000₸,,,Алматы,28 апреля,28,FALSE,FALSE,FALSE,,88 073 000 ₸,73 000 000 ₸,2020 - н.в. W223,Седан,4 (бензин),33 000 км,Автомат,Полный привод,Слева,,Да,all,73000000
Bentley Continental GT,2017,https://kolesa.kz/a/show/213646144?search_id=cbcddba770bcd067a2437ba7190b68792003845a&search_type=filter&advert_position=1058,99 500 000₸,,,Алматы,28 апреля,93,FALSE,FALSE,FALSE,,,99 500 000 ₸,2017 - н.в. 3 поколение (3S),Купе,6 (бензин),53 000 км,Робот,Полный привод,Слева,,Да,all,99500000
Mercedes-Benz S 580,2020,https://kolesa.kz/a/show/215358013?search_id=cbcddba770bcd067a2437ba7190b68792003845a&search_type=filter&advert_position=1059,73 800 000₸,,,Алматы,28 апреля,47,FALSE,FALSE,FALSE,,79 524 000 ₸,73 800 000 ₸,2020 - н.в. W223,Седан,4 (бензин),23 000 км,Автомат,Полный привод,Слева,черный,Да,all,73800000
BMW X7,2022,https://kolesa.kz/a/show/213438785?search_id=cbcddba770bcd067a2437ba7190b68792003845a&search_type=filter&advert_position=1060,69 000 000₸,584 021₸/мес,74%,Астана,28 апреля,18,FALSE,FALSE,FALSE,584 021₸,61 285 000 ₸,69 000 000 ₸,2022 - н.в. G07 рестайлинг,Кроссовер,3 (бензин),34 000 км,Автомат,Полный привод,Слева,белый,Да,all,69000000
Lexus LX 570,2015,https://kolesa.kz/a/show/207389965?search_id=c39c2aa1e1d1f5396ba3521340cfc34bd337643a&search_type=filter&advert_position=1061,68 500 000₸,584 021₸/мес,74%,Астана,28 апреля,76,FALSE,FALSE,FALSE,584 021₸,57 686 000 ₸,68 500 000 ₸,2015 - н.в. 3 поколение [2-й рестайлинг] (J2),Внедорожник,5.7 (бензин),67 000 км,Автомат,Полный привод,Слева,белый,Да,all,68500000
Lexus LX 570,2015,https://kolesa.kz/a/show/198590559?search_id=c39c2aa1e1d1f5396ba3521340cfc34bd337643a&search_type=filter&advert_position=1062,65 000 000₸,584 021₸/мес,72%,Астана,28 апреля,89,FALSE,FALSE,FALSE,584 021₸,54 877 000 ₸,65 000 000 ₸,2015 - н.в. 3 поколение [2-й рестайлинг] (J2),Внедорожник,5.7 (бензин),18 000 км,Автомат,Полный привод,Слева,черный,Да,all,65000000
Mercedes-Benz AMG GT,2017,https://kolesa.kz/a/show/215634207?search_id=c39c2aa1e1d1f5396ba3521340cfc34bd337643a&search_type=filter&advert_position=1063,97 500 000₸,,,Алматы,28 апреля,59,FALSE,FALSE,FALSE,,,97 500 000 ₸,2017 - 2024 1 поколение рестайлинг,Лифтбек,4 (бензин),8 400 км,Робот,Полный привод,Слева,серый,Да,all,97500000
Rolls-Royce Ghost,2014,https://kolesa.kz/a/show/215521055?search_id=c39c2aa1e1d1f5396ba3521340cfc34bd337643a&search_type=filter&advert_position=1064,115 000 000₸,,,Алматы,28 апреля,201,FALSE,FALSE,FALSE,,,115 000 000 ₸,2014 - 2020 1 поколение рестайлинг (RR4),Седан,6.6 (бензин),38 000 км,Автомат,Задний привод,Слева,,Да,all,115000000
Lexus LX 570,2015,https://kolesa.kz/a/show/188945182?search_id=c39c2aa1e1d1f5396ba3521340cfc34bd337643a&search_type=filter&advert_position=1065,68 000 000₸,584 021₸/мес,74%,Астана,28 апреля,57,FALSE,FALSE,FALSE,584 021₸,54 877 000 ₸,68 000 000 ₸,2015 - н.в. 3 поколение [2-й рестайлинг] (J2),Внедорожник,5.7 (бензин),17 000 км,Автомат,Полный привод,Слева,серый металлик,Да,all,68000000
Lamborghini Urus,2017,https://kolesa.kz/a/show/216631278?search_id=c39c2aa1e1d1f5396ba3521340cfc34bd337643a&search_type=filter&advert_position=1066,137 500 000₸,,,Алматы,28 апреля,101,FALSE,FALSE,FALSE,,,137 500 000 ₸,2017 - н.в. 1 поколение,Кроссовер,4 (бензин),52 000 км,Автомат,Полный привод,Слева,черный,Да,all,137500000
Nissan Silvia,2024,https://kolesa.kz/a/show/218513762?search_id=c39c2aa1e1d1f5396ba3521340cfc34bd337643a&search_type=filter&advert_position=1067,73 230 000₸,,,Москва,28 апреля,344,FALSE,FALSE,FALSE,,,73 230 000 ₸,1993 - 1996 S14,Купе,2 (бензин),10 000 км,Механика,Задний привод,Справа,розовый,Нет,all,73230000
Mercedes-Benz G 63 AMG,2024,https://kolesa.kz/a/show/192494685?search_id=c39c2aa1e1d1f5396ba3521340cfc34bd337643a&search_type=filter&advert_position=1068,238 000 000₸,,,Алматы,28 апреля,10087,FALSE,FALSE,FALSE,,174 225 000 ₸,238 000 000 ₸,2024 - н.в. W463 рестайлинг,Внедорожник,4 (бензин),,Автомат,Полный привод,Слева,черный,Да,all,238000000
Land Rover Range Rover,2021,https://kolesa.kz/a/show/218513674?search_id=c39c2aa1e1d1f5396ba3521340cfc34bd337643a&search_type=filter&advert_position=1069,98 000 000₸,,,Алматы,28 апреля,48,FALSE,FALSE,FALSE,,91 822 000 ₸,98 000 000 ₸,2021 - н.в. 5 поколение,Внедорожник,3 (бензин),22 000 км,Автомат,Полный привод,Слева,черный металлик,Да,all,98000000
Mercedes-Benz S 600,2009,https://kolesa.kz/a/show/216869803?search_id=c39c2aa1e1d1f5396ba3521340cfc34bd337643a&search_type=filter&advert_position=1070,89 900 000₸,,,Астана,28 апреля,103,FALSE,FALSE,FALSE,,,89 900 000 ₸,2009 - 2013 W221 рестайлинг,Седан,6 (бензин),34 000 км,Автомат,Полный привод,Слева,,Да,all,89900000
Mercedes-Benz GLS 450,2019,https://kolesa.kz/a/show/210361087?search_id=c39c2aa1e1d1f5396ba3521340cfc34bd337643a&search_type=filter&advert_position=1071,68 400 000₸,,,Астана,28 апреля,24,FALSE,FALSE,FALSE,,65 267 000 ₸,68 400 000 ₸,2019 - н.в. X167,Внедорожник,3 (бензин),35 000 км,Автомат,Полный привод,Слева,черный,Да,all,68400000
Ferrari 458,2009,https://kolesa.kz/a/show/215514356?search_id=c39c2aa1e1d1f5396ba3521340cfc34bd337643a&search_type=filter&advert_position=1072,149 000 000₸,,,Алматы,28 апреля,908,FALSE,FALSE,FALSE,,,149 000 000 ₸,2009 - 2015 1 поколение,Купе,4.6 (бензин),25 000 км,Робот,Задний привод,Слева,красный,Да,all,149000000
Bentley Bentayga,2015,https://kolesa.kz/a/show/195378569?search_id=c39c2aa1e1d1f5396ba3521340cfc34bd337643a&search_type=filter&advert_position=1073,189 000 000₸,,,Астана,28 апреля,66,FALSE,FALSE,FALSE,,,189 000 000 ₸,2015 - н.в. 1 поколение (4V1),Кроссовер,4 (бензин),4 800 км,Автомат,Полный привод,Слева,синий,Да,all,189000000
Mercedes-Benz S 450,2020,https://kolesa.kz/a/show/206533121?search_id=c39c2aa1e1d1f5396ba3521340cfc34bd337643a&search_type=filter&advert_position=1074,74 900 000₸,,,Астана,28 апреля,32,FALSE,FALSE,FALSE,,69 685 000 ₸,74 900 000 ₸,2020 - н.в. W223,Седан,3 (бензин),1 200 км,Автомат,Полный привод,Слева,черный,Да,all,74900000
BMW X7,2022,https://kolesa.kz/a/show/208063909?search_id=c39c2aa1e1d1f5396ba3521340cfc34bd337643a&search_type=filter&advert_position=1075,69 900 000₸,584 021₸/мес,74%,Астана,28 апреля,18,FALSE,FALSE,FALSE,584 021₸,76 442 000 ₸,69 900 000 ₸,2022 - н.в. G07 рестайлинг,Кроссовер,4.4 (бензин),56 000 км,Автомат,Полный привод,Слева,серый,Да,all,69900000
Rolls-Royce Ghost,2014,https://kolesa.kz/a/show/215349405?search_id=c39c2aa1e1d1f5396ba3521340cfc34bd337643a&search_type=filter&advert_position=1076,129 000 000₸,,,Алматы,28 апреля,81,FALSE,FALSE,FALSE,,,129 000 000 ₸,2014 - 2020 1 поколение рестайлинг (RR4),Седан,6.6 (бензин),46 000 км,Автомат,Задний привод,Слева,черный,Да,all,129000000
Rolls-Royce Wraith,2013,https://kolesa.kz/a/show/193932951?search_id=c39c2aa1e1d1f5396ba3521340cfc34bd337643a&search_type=filter&advert_position=1077,110 000 000₸,,,Астана,28 апреля,72,FALSE,FALSE,FALSE,,,110 000 000 ₸,2013 - н.в. 2 поколение (RR5),Купе,6.6 (бензин),55 000 км,Автомат,Задний привод,Слева,черный,Да,all,110000000
Porsche Panamera,2016,https://kolesa.kz/a/show/193852463?search_id=c39c2aa1e1d1f5396ba3521340cfc34bd337643a&search_type=filter&advert_position=1078,65 000 000₸,,,Астана,28 апреля,34,FALSE,FALSE,FALSE,,,65 000 000 ₸,2016 - 2020 971,Лифтбек,4 (бензин),36 000 км,Автомат,Полный привод,Слева,черный,Да,all,65000000
BMW 850,2018,https://kolesa.kz/a/show/213601158?search_id=c39c2aa1e1d1f5396ba3521340cfc34bd337643a&search_type=filter&advert_position=1079,69 500 000₸,,,Астана,28 апреля,30,FALSE,FALSE,FALSE,,,69 500 000 ₸,2018 - н.в. G15,Седан,4.4 (бензин),28 000 км,Автомат,Полный привод,Слева,белый,Да,all,69500000
Mercedes-Benz S 63 AMG,2017,https://kolesa.kz/a/show/195815703?search_id=c39c2aa1e1d1f5396ba3521340cfc34bd337643a&search_type=filter&advert_position=1080,65 300 000₸,,,Астана,28 апреля,86,FALSE,FALSE,FALSE,,43 859 000 ₸,65 300 000 ₸,2017 - 2020 W222/C217/A217 рестайлинг,Седан,4 (бензин),34 000 км,Автомат,Полный привод,Слева,черный,Да,all,65300000
BMW X5 M,2023,https://kolesa.kz/a/show/196901353?search_id=b6df526d4c44d3726f4810ce01ed805d8af5d88a&search_type=filter&advert_position=1081,80 000 000₸,,,Алматы,28 апреля,180,FALSE,FALSE,FALSE,,86 500 000 ₸,80 000 000 ₸,2023 - н.в. F95 рестайлинг,Кроссовер,4.4 (бензин),21 000 км,Автомат,Полный привод,Слева,,Да,all,80000000
Mercedes-Benz G 63 AMG,2024,https://kolesa.kz/a/show/211909569?search_id=b6df526d4c44d3726f4810ce01ed805d8af5d88a&search_type=filter&advert_position=1082,285 000 000₸,,,Алматы,28 апреля,15914,FALSE,FALSE,FALSE,,189 071 000 ₸,285 000 000 ₸,2024 - н.в. W465 рестайлинг,Внедорожник,4 (бензин),,Автомат,Полный привод,Слева,зеленый,Да,all,285000000
Lexus LX 600,2021,https://kolesa.kz/a/show/218509281?search_id=b6df526d4c44d3726f4810ce01ed805d8af5d88a&search_type=filter&advert_position=1083,89 500 000₸,,,Алматы,28 апреля,47,FALSE,FALSE,FALSE,,86 302 000 ₸,89 500 000 ₸,2021 - н.в. 4 поколение,Внедорожник,3.5 (бензин),6 900 км,Автомат,Полный привод,Слева,черный,Да,all,89500000
BMW X7,2022,https://kolesa.kz/a/show/218509910?search_id=b6df526d4c44d3726f4810ce01ed805d8af5d88a&search_type=filter&advert_position=1084,68 500 000₸,584 021₸/мес,74%,Алматы,28 апреля,35,FALSE,FALSE,FALSE,584 021₸,73 673 000 ₸,68 500 000 ₸,2022 - н.в. G07 рестайлинг,Кроссовер,4.4 (бензин),49 000 км,Автомат,Полный привод,Слева,,Да,all,68500000
BMW X7,2022,https://kolesa.kz/a/show/212860461?search_id=b6df526d4c44d3726f4810ce01ed805d8af5d88a&search_type=filter&advert_position=1085,76 000 000₸,584 021₸/мес,76%,Алматы,28 апреля,46,FALSE,FALSE,FALSE,584 021₸,76 442 000 ₸,76 000 000 ₸,2022 - н.в. G07 рестайлинг,Кроссовер,4.4 (бензин),43 000 км,Автомат,Полный привод,Слева,белый металлик,Да,all,76000000
Lexus LX 570,2015,https://kolesa.kz/a/show/216970903?search_id=b6df526d4c44d3726f4810ce01ed805d8af5d88a&search_type=filter&advert_position=1086,63 500 000₸,584 021₸/мес,72%,Астана,28 апреля,70,FALSE,FALSE,FALSE,584 021₸,57 686 000 ₸,63 500 000 ₸,2015 - н.в. 3 поколение [2-й рестайлинг] (J2),Внедорожник,5.7 (бензин),71 000 км,Автомат,Полный привод,Слева,зеленый металлик,Да,all,63500000
Mercedes-Benz G 63 AMG,2024,https://kolesa.kz/a/show/211907883?search_id=b6df526d4c44d3726f4810ce01ed805d8af5d88a&search_type=filter&advert_position=1087,177 000 000₸,,,Астана,28 апреля,2949,FALSE,FALSE,FALSE,,189 071 000 ₸,177 000 000 ₸,2024 - н.в. W465 рестайлинг,Внедорожник,4 (бензин),,Автомат,Полный привод,Слева,черный,Да,all,177000000
Mercedes-Benz G 63 AMG,2024,https://kolesa.kz/a/show/211905687?search_id=b6df526d4c44d3726f4810ce01ed805d8af5d88a&search_type=filter&advert_position=1088,175 000 000₸,,,Алматы,28 апреля,2919,FALSE,FALSE,FALSE,,189 071 000 ₸,175 000 000 ₸,2024 - н.в. W465 рестайлинг,Внедорожник,4 (бензин),,Автомат,Полный привод,Слева,черный,Да,all,175000000
Porsche Cayman,2016,https://kolesa.kz/a/show/211569708?search_id=b6df526d4c44d3726f4810ce01ed805d8af5d88a&search_type=filter&advert_position=1089,72 000 000₸,,,Алматы,28 апреля,4337,FALSE,TRUE,FALSE,,,72 000 000 ₸,2016 - н.в. 982,Купе,4 (бензин),4 680 км,Робот,Задний привод,Слева,зеленый,Да,all,72000000
Cadillac Escalade IQ,2023,https://kolesa.kz/a/show/214598656?search_id=b6df526d4c44d3726f4810ce01ed805d8af5d88a&search_type=filter&advert_position=1090,105 000 000₸,,,Алматы,28 апреля,783,FALSE,TRUE,FALSE,,,105 000 000 ₸,2023 - н.в. 1 поколение,Внедорожник,,630 км,Автомат,Полный привод,Слева,черный металлик,Да,all,105000000
BMW X5,2023,https://kolesa.kz/a/show/195827585?search_id=b6df526d4c44d3726f4810ce01ed805d8af5d88a&search_type=filter&advert_position=1091,81 000 000₸,584 021₸/мес,78%,Астана,28 апреля,30,FALSE,FALSE,FALSE,584 021₸,,81 000 000 ₸,2023 - н.в. G05 рестайлинг,Кроссовер,4.4 (бензин),19 000 км,Автомат,Полный привод,Слева,синий,Да,all,81000000
Land Rover Range Rover,2017,https://kolesa.kz/a/show/160095366?search_id=b6df526d4c44d3726f4810ce01ed805d8af5d88a&search_type=filter&advert_position=1092,77 900 000₸,,,Астана,28 апреля,39,FALSE,FALSE,FALSE,,48 804 000 ₸,77 900 000 ₸,2017 - 2022 4 поколение рестайлинг,Внедорожник,5 (бензин),61 000 км,Автомат,Полный привод,Слева,хамелеон металлик,Да,all,77900000
BMW X5,2018,https://kolesa.kz/a/show/183617768?search_id=b6df526d4c44d3726f4810ce01ed805d8af5d88a&search_type=filter&advert_position=1093,80 000 000₸,584 021₸/мес,78%,Алматы,28 апреля,37,FALSE,FALSE,FALSE,584 021₸,,80 000 000 ₸,2018 - н.в. G05,Кроссовер,3 (бензин),20 000 км,Автомат,Полный привод,Слева,белый,Да,all,80000000
Mercedes-Benz G 63 AMG,2018,https://kolesa.kz/a/show/214097248?search_id=b6df526d4c44d3726f4810ce01ed805d8af5d88a&search_type=filter&advert_position=1094,85 000 000₸,,,Астана,28 апреля,34,FALSE,FALSE,FALSE,,92 185 000 ₸,85 000 000 ₸,2018 - н.в. W463,Внедорожник,4 (бензин),51 000 км,Автомат,Полный привод,Слева,белый,Да,all,85000000
Lexus LX 600,2021,https://kolesa.kz/a/show/218504176?search_id=b6df526d4c44d3726f4810ce01ed805d8af5d88a&search_type=filter&advert_position=1095,78 500 000₸,,,Алматы,28 апреля,52,FALSE,FALSE,FALSE,,79 103 000 ₸,78 500 000 ₸,2021 - н.в. 4 поколение,Внедорожник,3.5 (бензин),20 000 км,Автомат,Полный привод,Слева,черный металлик,Да,all,78500000
BMW X6 M,2019,https://kolesa.kz/a/show/208906438?search_id=b6df526d4c44d3726f4810ce01ed805d8af5d88a&search_type=filter&advert_position=1096,61 000 000₸,,,Астана,28 апреля,1095,FALSE,FALSE,FALSE,,,61 000 000 ₸,2019 - 2023 F96,Кроссовер,4.4 (бензин),29 000 км,Автомат,Полный привод,Слева,черный металлик,Да,all,61000000
BMW 760,2022,https://kolesa.kz/a/show/215169198?search_id=b6df526d4c44d3726f4810ce01ed805d8af5d88a&search_type=filter&advert_position=1097,95 000 000₸,,,Алматы,28 апреля,40,FALSE,FALSE,FALSE,,,95 000 000 ₸,2022 - н.в. G70,Седан,4.4 (бензин),35 000 км,Автомат,Полный привод,Слева,,Да,all,95000000
Lexus LX 600,2021,https://kolesa.kz/a/show/182617820?search_id=b6df526d4c44d3726f4810ce01ed805d8af5d88a&search_type=filter&advert_position=1098,81 000 000₸,,,Павлодар,28 апреля,59,FALSE,FALSE,FALSE,,79 103 000 ₸,81 000 000 ₸,2021 - н.в. 4 поколение,Внедорожник,3.5 (бензин),12 500 км,Автомат,Полный привод,Слева,черный металлик,Да,all,81000000
Mercedes-Benz G 63 AMG,2018,https://kolesa.kz/a/show/218491374?search_id=b6df526d4c44d3726f4810ce01ed805d8af5d88a&search_type=filter&advert_position=1099,138 000 000₸,,,Астана,28 апреля,38,FALSE,FALSE,FALSE,,129 095 000 ₸,138 000 000 ₸,2018 - н.в. W463,Внедорожник,4 (бензин),7 000 км,Автомат,Полный привод,Слева,,Да,all,138000000
Mercedes-Benz S 580,2020,https://kolesa.kz/a/show/214249303?search_id=b6df526d4c44d3726f4810ce01ed805d8af5d88a&search_type=filter&advert_position=1100,60 000 000₸,,,Алматы,28 апреля,7218,FALSE,FALSE,FALSE,,79 524 000 ₸,60 000 000 ₸,2020 - н.в. W223,Седан,4 (бензин),60 000 км,Автомат,Полный привод,Слева,черный,Да,all,60000000
Mercedes-Benz G 63 AMG,2018,https://kolesa.kz/a/show/207664323?search_id=375b8e81776da6bf6ac6bff5613332071d73219e&search_type=filter&advert_position=1101,139 000 000₸,,,Астана,28 апреля,39,FALSE,FALSE,FALSE,,113 951 000 ₸,139 000 000 ₸,2018 - н.в. W463,Внедорожник,4 (бензин),25 000 км,Автомат,Полный привод,Слева,черный,Да,all,139000000
BMW X5,2023,https://kolesa.kz/a/show/206042636?search_id=375b8e81776da6bf6ac6bff5613332071d73219e&search_type=filter&advert_position=1102,63 500 000₸,584 021₸/мес,72%,Алматы,28 апреля,78,FALSE,FALSE,FALSE,584 021₸,49 639 000 ₸,63 500 000 ₸,2023 - н.в. G05 рестайлинг,Кроссовер,3 (бензин),26 500 км,Автомат,Полный привод,Слева,синий,Да,all,63500000
Bentley Bentayga,2015,https://kolesa.kz/a/show/218495711?search_id=375b8e81776da6bf6ac6bff5613332071d73219e&search_type=filter&advert_position=1103,80 000 000₸,,,Алматы,28 апреля,78,FALSE,FALSE,FALSE,,,80 000 000 ₸,2015 - н.в. 1 поколение (4V1),Кроссовер,4 (бензин),60 000 км,Автомат,Полный привод,Слева,,Да,all,80000000
Porsche Panamera,2016,https://kolesa.kz/a/show/207290018?search_id=375b8e81776da6bf6ac6bff5613332071d73219e&search_type=filter&advert_position=1104,60 000 000₸,,,Алматы,28 апреля,51,FALSE,FALSE,FALSE,,,60 000 000 ₸,2016 - 2020 971,Лифтбек,4 (бензин),95 000 км,Робот,Полный привод,Слева,серый металлик,Да,all,60000000
Dodge RAM,2018,https://kolesa.kz/a/show/218492578?search_id=375b8e81776da6bf6ac6bff5613332071d73219e&search_type=filter&advert_position=1105,60 000 000₸,,,Астана,28 апреля,59,FALSE,FALSE,FALSE,,68 682 000 ₸,60 000 000 ₸,2018 - н.в. 5 поколение,Пикап,6.2 (бензин),60 000 км,Автомат,Полный привод,Слева,,Да,all,60000000
Porsche Cayenne Coupe,2017,https://kolesa.kz/a/show/217653884?search_id=375b8e81776da6bf6ac6bff5613332071d73219e&search_type=filter&advert_position=1106,119 900 000₸,,,Уральск,28 апреля,41,FALSE,FALSE,FALSE,,,119 900 000 ₸,2017 - 2023 3 поколение (9YB),Кроссовер,4 (бензин),14 700 км,Автомат,Полный привод,Слева,,Да,all,119900000
Mercedes-Benz S 580,2020,https://kolesa.kz/a/show/217675376?search_id=375b8e81776da6bf6ac6bff5613332071d73219e&search_type=filter&advert_position=1107,84 900 000₸,,,Уральск,28 апреля,36,FALSE,FALSE,FALSE,,79 524 000 ₸,84 900 000 ₸,2020 - н.в. W223,Седан,4 (бензин),3 480 км,Автомат,Полный привод,Слева,,Да,all,84900000
Porsche Cayenne Coupe,2023,https://kolesa.kz/a/show/195813859?search_id=375b8e81776da6bf6ac6bff5613332071d73219e&search_type=filter&advert_position=1108,75 500 000₸,,,Астана,28 апреля,102,FALSE,FALSE,FALSE,,,75 500 000 ₸,2023 - н.в. 3 поколение рестайлинг (9YB),Кроссовер,3 (бензин),13 000 км,Автомат,Полный привод,Слева,серый металлик,Да,all,75500000
BMW M5,2024,https://kolesa.kz/a/show/218487123?search_id=375b8e81776da6bf6ac6bff5613332071d73219e&search_type=filter&advert_position=1109,115 000 000₸,,,Астана,28 апреля,162,FALSE,FALSE,FALSE,,101 992 000 ₸,115 000 000 ₸,2024 - н.в. G90,Седан,4.4 (гибрид),6 800 км,Автомат,Полный привод,Слева,,Да,all,115000000
Bentley Bentayga,2015,https://kolesa.kz/a/show/218487314?search_id=375b8e81776da6bf6ac6bff5613332071d73219e&search_type=filter&advert_position=1110,90 000 000₸,,,Алматы,28 апреля,128,FALSE,FALSE,FALSE,,,90 000 000 ₸,2015 - н.в. 1 поколение (4V1),Кроссовер,4 (бензин),,Автомат,Полный привод,Слева,,Да,all,90000000
Land Rover Defender,2019,https://kolesa.kz/a/show/214016969?search_id=375b8e81776da6bf6ac6bff5613332071d73219e&search_type=filter&advert_position=1111,62 000 000₸,,,Алматы,28 апреля,30,FALSE,FALSE,FALSE,,54 523 000 ₸,62 000 000 ₸,2019 - н.в. 2 поколение (L663),Внедорожник,3 (бензин),28 000 км,Автомат,Полный привод,Слева,,Да,all,62000000
Cadillac Escalade,2024,https://kolesa.kz/a/show/195429752?search_id=375b8e81776da6bf6ac6bff5613332071d73219e&search_type=filter&advert_position=1112,77 000 000₸,,,Алматы,28 апреля,77,FALSE,FALSE,FALSE,,,77 000 000 ₸,2024 - н.в. 5 поколение рестайлинг,Внедорожник,6.2 (бензин),20 000 км,Автомат,Полный привод,Слева,коричневый,Да,all,77000000
Lexus LX 600,2021,https://kolesa.kz/a/show/213610659?search_id=375b8e81776da6bf6ac6bff5613332071d73219e&search_type=filter&advert_position=1113,78 000 000₸,,,Алматы,28 апреля,37,FALSE,FALSE,FALSE,,79 103 000 ₸,78 000 000 ₸,2021 - н.в. 4 поколение,Внедорожник,3.5 (бензин),49 000 км,Автомат,Полный привод,Слева,черный металлик,Да,all,78000000
Toyota Hiace,2019,https://kolesa.kz/a/show/190985250?search_id=375b8e81776da6bf6ac6bff5613332071d73219e&search_type=filter&advert_position=1114,75 000 000₸,584 021₸/мес,76%,Актау,28 апреля,140,FALSE,FALSE,FALSE,584 021₸,31 000 000 ₸,75 000 000 ₸,2019 - н.в. H300,Микроавтобус,3.5 (бензин),75 000 км,Автомат,Задний привод,Слева,черный,Да,all,75000000
Mercedes-Benz S 63 AMG,2024,https://kolesa.kz/a/show/209678768?search_id=375b8e81776da6bf6ac6bff5613332071d73219e&search_type=filter&advert_position=1115,100 000 000₸,,,Алматы,28 апреля,201,FALSE,FALSE,FALSE,,,100 000 000 ₸,1965 - 1972 W108/W109,Седан,6.3 (бензин),27 000 км,Автомат,Задний привод,Слева,синий,Да,all,100000000
Land Rover Range Rover,2017,https://kolesa.kz/a/show/159812376?search_id=375b8e81776da6bf6ac6bff5613332071d73219e&search_type=filter&advert_position=1116,63 500 000₸,,,Алматы,28 апреля,39,FALSE,FALSE,FALSE,,47 075 000 ₸,63 500 000 ₸,2017 - 2022 4 поколение рестайлинг,Внедорожник,3 (бензин),29 000 км,Автомат,Полный привод,Слева,серый металлик,Да,all,63500000
Mercedes-Benz G 500,2015,https://kolesa.kz/a/show/192968191?search_id=375b8e81776da6bf6ac6bff5613332071d73219e&search_type=filter&advert_position=1117,62 000 000₸,,,Алматы,28 апреля,64,FALSE,FALSE,FALSE,,,62 000 000 ₸,2015 - 2018 W463 [3-й рестайлинг],Внедорожник,4 (бензин),43 000 км,Автомат,Полный привод,Слева,серебристый,Да,all,62000000
Porsche 911,2018,https://kolesa.kz/a/show/217723937?search_id=375b8e81776da6bf6ac6bff5613332071d73219e&search_type=filter&advert_position=1118,159 000 000₸,,,Алматы,28 апреля,109,FALSE,FALSE,FALSE,,,159 000 000 ₸,2018 - н.в. 992,Купе,4 (бензин),4 500 км,Робот,Полный привод,Слева,,Да,all,159000000
Mercedes-Benz G 500,2018,https://kolesa.kz/a/show/209909913?search_id=375b8e81776da6bf6ac6bff5613332071d73219e&search_type=filter&advert_position=1119,127 000 000₸,,,Астана,28 апреля,23,FALSE,FALSE,FALSE,,,127 000 000 ₸,2018 - н.в. W463,Внедорожник,4 (бензин),16 000 км,Автомат,Полный привод,Слева,черный,Да,all,127000000
Mercedes-Benz G 63 AMG,2018,https://kolesa.kz/a/show/204938069?search_id=375b8e81776da6bf6ac6bff5613332071d73219e&search_type=filter&advert_position=1120,141 000 000₸,,,Астана,28 апреля,17,FALSE,FALSE,FALSE,,113 951 000 ₸,141 000 000 ₸,2018 - н.в. W463,Внедорожник,4 (бензин),12 000 км,Автомат,Полный привод,Слева,черный,Да,all,141000000
Mercedes-Benz S 450,2020,https://kolesa.kz/a/show/216222374?search_id=f8666ab2c856f71bb0a6e0a9c8d2a509d5fd1e6b&search_type=filter&advert_position=1121,85 000 000₸,,,Алматы,28 апреля,23,FALSE,FALSE,FALSE,,79 319 000 ₸,85 000 000 ₸,2020 - н.в. W223,Седан,3 (бензин),11 000 км,Автомат,Полный привод,Слева,,Да,all,85000000
Porsche Panamera,2016,https://kolesa.kz/a/show/213930157?search_id=f8666ab2c856f71bb0a6e0a9c8d2a509d5fd1e6b&search_type=filter&advert_position=1122,60 000 000₸,,,Алматы,28 апреля,32,FALSE,FALSE,FALSE,,,60 000 000 ₸,2016 - 2020 971,Лифтбек,4 (бензин),100 000 км,Робот,Полный привод,Слева,черный металлик,Да,all,60000000
Nissan Patrol,2024,https://kolesa.kz/a/show/209394728?search_id=f8666ab2c856f71bb0a6e0a9c8d2a509d5fd1e6b&search_type=filter&advert_position=1123,65 777 000₸,,,Алматы,28 апреля,44,FALSE,FALSE,FALSE,,,65 777 000 ₸,2024 - н.в. Y63,Внедорожник,3.5 (бензин),29 км,Автомат,Полный привод,Слева,,Да,all,65777000
BMW X7,2022,https://kolesa.kz/a/show/218099331?search_id=f8666ab2c856f71bb0a6e0a9c8d2a509d5fd1e6b&search_type=filter&advert_position=1124,81 500 000₸,584 021₸/мес,78%,Астана,28 апреля,110,FALSE,FALSE,FALSE,584 021₸,76 442 000 ₸,81 500 000 ₸,2022 - н.в. G07 рестайлинг,Кроссовер,4.4 (бензин),6 000 км,Автомат,Полный привод,Слева,белый,Да,all,81500000
BMW X6,2023,https://kolesa.kz/a/show/209853872?search_id=f8666ab2c856f71bb0a6e0a9c8d2a509d5fd1e6b&search_type=filter&advert_position=1125,61 000 000₸,584 021₸/мес,70%,Алматы,28 апреля,30,FALSE,FALSE,FALSE,584 021₸,57 598 000 ₸,61 000 000 ₸,2023 - н.в. G06 рестайлинг,Кроссовер,3 (бензин),1 000 км,Автомат,Полный привод,Слева,синий,Да,all,61000000
Porsche Cayenne Coupe,2017,https://kolesa.kz/a/show/218478277?search_id=f8666ab2c856f71bb0a6e0a9c8d2a509d5fd1e6b&search_type=filter&advert_position=1126,60 000 000₸,,,Алматы,28 апреля,55,FALSE,FALSE,FALSE,,,60 000 000 ₸,2017 - 2023 3 поколение (9YB),Кроссовер,4 (бензин),24 000 км,Автомат,Полный привод,Слева,черный,Да,all,60000000
Mercedes-Benz GLE 450,2019,https://kolesa.kz/a/show/217424966?search_id=f8666ab2c856f71bb0a6e0a9c8d2a509d5fd1e6b&search_type=filter&advert_position=1127,72 500 000₸,,,Алматы,28 апреля,39,FALSE,FALSE,FALSE,,,72 500 000 ₸,2019 - н.в. V167,Кроссовер,3 (бензин),30 000 км,Автомат,Полный привод,Слева,белый металлик,Да,all,72500000
Lexus LX 570,2015,https://kolesa.kz/a/show/185692991?search_id=f8666ab2c856f71bb0a6e0a9c8d2a509d5fd1e6b&search_type=filter&advert_position=1128,63 500 000₸,584 021₸/мес,72%,Астана,28 апреля,708,FALSE,FALSE,FALSE,584 021₸,54 877 000 ₸,63 500 000 ₸,2015 - н.в. 3 поколение [2-й рестайлинг] (J2),Внедорожник,5.7 (бензин),17 500 км,Автомат,Полный привод,Слева,,Да,all,63500000
Toyota Sequoia,2022,https://kolesa.kz/a/show/200161395?search_id=f8666ab2c856f71bb0a6e0a9c8d2a509d5fd1e6b&search_type=filter&advert_position=1129,62 000 000₸,,,Алматы,28 апреля,40,FALSE,TRUE,FALSE,,,62 000 000 ₸,2022 - н.в. 3 поколение,Внедорожник,3.5 (гибрид),15 000 км,Автомат,Полный привод,Слева,синий металлик,Да,all,62000000
Toyota Alphard,2018,https://kolesa.kz/a/show/213824153?search_id=f8666ab2c856f71bb0a6e0a9c8d2a509d5fd1e6b&search_type=filter&advert_position=1130,65 000 000₸,,,Актау,28 апреля,166,FALSE,FALSE,FALSE,,,65 000 000 ₸,2018 - н.в. 3 поколение рестайлинг (H3),Минивэн,2.5 (гибрид),6 000 км,Вариатор,Полный привод,Слева,,Да,all,65000000
Mercedes-Benz G 63 AMG,2018,https://kolesa.kz/a/show/218474121?search_id=f8666ab2c856f71bb0a6e0a9c8d2a509d5fd1e6b&search_type=filter&advert_position=1131,99 500 000₸,,,Алматы,28 апреля,41,FALSE,FALSE,FALSE,,97 925 000 ₸,99 500 000 ₸,2018 - н.в. W463,Внедорожник,4 (бензин),45 000 км,Автомат,Полный привод,Слева,черный,Да,all,99500000
BMW X5 M,2019,https://kolesa.kz/a/show/218474730?search_id=f8666ab2c856f71bb0a6e0a9c8d2a509d5fd1e6b&search_type=filter&advert_position=1132,65 000 000₸,,,Алматы,28 апреля,58,FALSE,FALSE,FALSE,,62 333 000 ₸,65 000 000 ₸,2019 - н.в. F95,Кроссовер,4.4 (бензин),28 000 км,Автомат,Полный привод,Слева,черный,Да,all,65000000
Porsche Taycan,2019,https://kolesa.kz/a/show/206048096?search_id=f8666ab2c856f71bb0a6e0a9c8d2a509d5fd1e6b&search_type=filter&advert_position=1133,78 000 000₸,,,Алматы,28 апреля,1217,FALSE,TRUE,FALSE,,,78 000 000 ₸,2019 - н.в. 1 поколение (Y1A),Универсал,,1 300 км,Автомат,Полный привод,Слева,синий,Да,all,78000000
Mercedes-Benz EQV,2019,https://kolesa.kz/a/show/214433058?search_id=f8666ab2c856f71bb0a6e0a9c8d2a509d5fd1e6b&search_type=filter&advert_position=1134,67 000 000₸,,,Алматы,28 апреля,49,FALSE,FALSE,FALSE,,,67 000 000 ₸,2019 - н.в. 1 поколение,Минивэн,,3 000 км,Автомат,Передний привод,Слева,,Да,all,67000000
Cadillac Escalade,2020,https://kolesa.kz/a/show/216890814?search_id=f8666ab2c856f71bb0a6e0a9c8d2a509d5fd1e6b&search_type=filter&advert_position=1135,75 000 000₸,,,Астана,28 апреля,77,FALSE,FALSE,FALSE,,,75 000 000 ₸,2020 - н.в. 5 поколение,Внедорожник,6.2 (бензин),17 000 км,Автомат,Полный привод,Слева,,Да,all,75000000
Mercedes-Benz S 580,2020,https://kolesa.kz/a/show/178982128?search_id=f8666ab2c856f71bb0a6e0a9c8d2a509d5fd1e6b&search_type=filter&advert_position=1136,90 000 000₸,,,Алматы,28 апреля,42,FALSE,FALSE,FALSE,,79 524 000 ₸,90 000 000 ₸,2020 - н.в. W223,Седан,4 (бензин),18 000 км,Автомат,Полный привод,Слева,,Да,all,90000000
Nissan GT-R,2011,https://kolesa.kz/a/show/218468415?search_id=f8666ab2c856f71bb0a6e0a9c8d2a509d5fd1e6b&search_type=filter&advert_position=1137,60 000 000₸,,,Астана,28 апреля,421,FALSE,FALSE,FALSE,,,60 000 000 ₸,2011 - 2016 R35 [2-й рестайлинг],Купе,3.8 (бензин),50 000 км,Робот,Полный привод,Слева,синий металлик,Да,all,60000000
Mercedes-Benz G 63 AMG,2018,https://kolesa.kz/a/show/208790643?search_id=f8666ab2c856f71bb0a6e0a9c8d2a509d5fd1e6b&search_type=filter&advert_position=1138,93 000 000₸,,,Алматы,28 апреля,92,FALSE,FALSE,FALSE,,129 095 000 ₸,93 000 000 ₸,2018 - н.в. W463,Внедорожник,4 (бензин),14 000 км,Автомат,Полный привод,Слева,зеленый,Да,all,93000000
Mercedes-Benz GLE 53 AMG 4MATIC,2019,https://kolesa.kz/a/show/213296122?search_id=f8666ab2c856f71bb0a6e0a9c8d2a509d5fd1e6b&search_type=filter&advert_position=1139,76 000 000₸,,,Шымкент,28 апреля,291,FALSE,FALSE,TRUE,,,76 000 000 ₸,2019 - н.в. V167,Кроссовер,3 (бензин),26 км,Автомат,Полный привод,Слева,черный металлик,Да,all,76000000
Mercedes-Benz G 63 AMG 4MATIC,2018,https://kolesa.kz/a/show/215339362?search_id=f8666ab2c856f71bb0a6e0a9c8d2a509d5fd1e6b&search_type=filter&advert_position=1140,185 000 000₸,,,Алматы,28 апреля,706,FALSE,FALSE,TRUE,,193 829 000 ₸,185 000 000 ₸,2018 - н.в. W463,Внедорожник,4 (бензин),26 км,Автомат,Полный привод,Слева,зеленый,Да,all,185000000
Mercedes-Benz G 63 AMG 4MATIC,2018,https://kolesa.kz/a/show/215339362?search_id=9988b2f4d03de1df78ecfebe7706d9eb8e091dac&search_type=filter&advert_position=1141,185 000 000₸,,,Алматы,28 апреля,707,FALSE,FALSE,TRUE,,193 829 000 ₸,185 000 000 ₸,2018 - н.в. W463,Внедорожник,4 (бензин),26 км,Автомат,Полный привод,Слева,зеленый,Да,all,185000000
Mercedes-Maybach GLS 600,2019,https://kolesa.kz/a/show/204531576?search_id=9988b2f4d03de1df78ecfebe7706d9eb8e091dac&search_type=filter&advert_position=1142,110 000 000₸,,,Алматы,28 апреля,78,FALSE,FALSE,FALSE,,,110 000 000 ₸,2019 - н.в. 1 поколение,Внедорожник,4 (гибрид),19 000 км,Автомат,Полный привод,Слева,черный,Да,all,110000000
Mercedes-Benz G 63 AMG,2018,https://kolesa.kz/a/show/218461636?search_id=9988b2f4d03de1df78ecfebe7706d9eb8e091dac&search_type=filter&advert_position=1143,110 000 000₸,,,Алматы,28 апреля,63,FALSE,FALSE,FALSE,,104 010 000 ₸,110 000 000 ₸,2018 - н.в. W463,Внедорожник,4 (бензин),29 269 км,Автомат,Полный привод,Слева,черный,Да,all,110000000
Dodge RAM,2018,https://kolesa.kz/a/show/204098033?search_id=9988b2f4d03de1df78ecfebe7706d9eb8e091dac&search_type=filter&advert_position=1144,60 000 000₸,,,Алматы,28 апреля,56,FALSE,TRUE,FALSE,,53 224 000 ₸,60 000 000 ₸,2018 - н.в. 5 поколение,Пикап,3 (бензин),7 км,Автомат,Полный привод,Слева,,Да,all,60000000
Mercedes-Benz G 63 AMG,2018,https://kolesa.kz/a/show/218458995?search_id=9988b2f4d03de1df78ecfebe7706d9eb8e091dac&search_type=filter&advert_position=1145,70 000 000₸,,,Астана,28 апреля,137,FALSE,FALSE,FALSE,,97 925 000 ₸,70 000 000 ₸,2018 - н.в. W463,Внедорожник,4 (бензин),78 400 км,Автомат,Полный привод,Слева,белый металлик,Да,all,70000000
Ford F-Series,2020,https://kolesa.kz/a/show/195728513?search_id=9988b2f4d03de1df78ecfebe7706d9eb8e091dac&search_type=filter&advert_position=1146,80 000 000₸,,,Жанаозен,28 апреля,31,FALSE,FALSE,FALSE,,,80 000 000 ₸,2020 - н.в. 14 поколение,Пикап,3.5 (бензин),28 000 км,Автомат,Полный привод,Слева,голубой металлик,Да,all,80000000
Dodge RAM,2018,https://kolesa.kz/a/show/201005674?search_id=9988b2f4d03de1df78ecfebe7706d9eb8e091dac&search_type=filter&advert_position=1147,77 777 777₸,,,Астана,28 апреля,49,FALSE,FALSE,FALSE,,71 692 000 ₸,77 777 777 ₸,2018 - н.в. 5 поколение,Пикап,6.2 (бензин),13 000 км,Автомат,Полный привод,Слева,черный,Да,all,77777777
Porsche Panamera,2016,https://kolesa.kz/a/show/215806672?search_id=9988b2f4d03de1df78ecfebe7706d9eb8e091dac&search_type=filter&advert_position=1148,62 000 000₸,,,Алматы,28 апреля,35,FALSE,FALSE,FALSE,,,62 000 000 ₸,2016 - 2020 971,Лифтбек,4 (бензин),80 000 км,Робот,Полный привод,Слева,черный металлик,Да,all,62000000
BMW X5,2023,https://kolesa.kz/a/show/206128064?search_id=9988b2f4d03de1df78ecfebe7706d9eb8e091dac&search_type=filter&advert_position=1149,60 000 000₸,,,Алматы,28 апреля,22,FALSE,FALSE,FALSE,,,60 000 000 ₸,2023 - н.в. G05 рестайлинг,Кроссовер,3 (бензин),36 000 км,Автомат,Полный привод,Слева,синий металлик,Нет,all,60000000
BMW X6,2023,https://kolesa.kz/a/show/209876017?search_id=9988b2f4d03de1df78ecfebe7706d9eb8e091dac&search_type=filter&advert_position=1150,68 000 000₸,584 021₸/мес,74%,Алматы,28 апреля,64,FALSE,FALSE,FALSE,584 021₸,67 300 000 ₸,68 000 000 ₸,2023 - н.в. G06 рестайлинг,Кроссовер,3 (бензин),37 000 км,Автомат,Полный привод,Слева,белый металлик,Да,all,68000000
Toyota Land Cruiser,2021,https://kolesa.kz/a/show/218454238?search_id=9988b2f4d03de1df78ecfebe7706d9eb8e091dac&search_type=filter&advert_position=1151,62 000 000₸,584 021₸/мес,71%,Алматы,28 апреля,81,FALSE,FALSE,FALSE,584 021₸,60 621 000 ₸,62 000 000 ₸,2021 - н.в. J300,Внедорожник,3.5 (бензин),24 000 км,Автомат,Полный привод,Слева,белый металлик,Да,all,62000000
Mercedes-Benz G 63 AMG,2018,https://kolesa.kz/a/show/173541364?search_id=9988b2f4d03de1df78ecfebe7706d9eb8e091dac&search_type=filter&advert_position=1152,125 000 000₸,,,Алматы,28 апреля,24,FALSE,FALSE,FALSE,,129 095 000 ₸,125 000 000 ₸,2018 - н.в. W463,Внедорожник,4 (бензин),15 000 км,Автомат,Полный привод,Слева,зеленый металлик,Да,all,125000000
BMW X5,2023,https://kolesa.kz/a/show/215569022?search_id=9988b2f4d03de1df78ecfebe7706d9eb8e091dac&search_type=filter&advert_position=1153,62 900 000₸,584 021₸/мес,71%,Костанай,28 апреля,151,FALSE,FALSE,FALSE,584 021₸,59 457 000 ₸,62 900 000 ₸,2023 - н.в. G05 рестайлинг,Кроссовер,3 (бензин),15 800 км,Автомат,Полный привод,Слева,черный металлик,Да,all,62900000
Mercedes-Benz G 63 AMG,2018,https://kolesa.kz/a/show/216030962?search_id=9988b2f4d03de1df78ecfebe7706d9eb8e091dac&search_type=filter&advert_position=1154,120 000 000₸,,,Алматы,28 апреля,22,FALSE,FALSE,FALSE,,113 951 000 ₸,120 000 000 ₸,2018 - н.в. W463,Внедорожник,4 (бензин),50 000 км,Автомат,Полный привод,Слева,,Да,all,120000000
Lexus LX 600,2021,https://kolesa.kz/a/show/212589071?search_id=9988b2f4d03de1df78ecfebe7706d9eb8e091dac&search_type=filter&advert_position=1155,90 000 000₸,,,Алматы,28 апреля,161,FALSE,FALSE,FALSE,,,90 000 000 ₸,2021 - н.в. 4 поколение,Внедорожник,3.5 (бензин),,Автомат,Полный привод,Слева,черный,Да,all,90000000
BMW i5,2023,https://kolesa.kz/a/show/199444736?search_id=9988b2f4d03de1df78ecfebe7706d9eb8e091dac&search_type=filter&advert_position=1156,60 000 000₸,,,Алматы,28 апреля,17,FALSE,FALSE,FALSE,,,60 000 000 ₸,2023 - н.в. 1 поколение,Седан,,13 000 км,Автомат,Полный привод,Слева,,Да,all,60000000
Ford Bronco,2020,https://kolesa.kz/a/show/208791353?search_id=9988b2f4d03de1df78ecfebe7706d9eb8e091dac&search_type=filter&advert_position=1157,73 000 000₸,,,Астана,28 апреля,11160,FALSE,FALSE,FALSE,,,73 000 000 ₸,2020 - н.в. 6 поколение,Внедорожник,3 (бензин),20 000 км,Автомат,Полный привод,Слева,,Да,all,73000000
Lexus LX 600,2021,https://kolesa.kz/a/show/215785229?search_id=9988b2f4d03de1df78ecfebe7706d9eb8e091dac&search_type=filter&advert_position=1158,90 000 000₸,,,Алматы,28 апреля,203,FALSE,FALSE,FALSE,,,90 000 000 ₸,2021 - н.в. 4 поколение,Внедорожник,3.5 (бензин),,Автомат,Полный привод,Слева,черный,Да,all,90000000
Lexus LX 600,2021,https://kolesa.kz/a/show/195180064?search_id=9988b2f4d03de1df78ecfebe7706d9eb8e091dac&search_type=filter&advert_position=1159,88 000 000₸,,,Алматы,28 апреля,94,FALSE,FALSE,FALSE,,86 302 000 ₸,88 000 000 ₸,2021 - н.в. 4 поколение,Внедорожник,3.5 (бензин),,Автомат,Полный привод,Слева,черный металлик,Да,all,88000000
Lexus LX 600,2021,https://kolesa.kz/a/show/195179078?search_id=9988b2f4d03de1df78ecfebe7706d9eb8e091dac&search_type=filter&advert_position=1160,87 000 000₸,,,Алматы,28 апреля,150,FALSE,FALSE,FALSE,,86 302 000 ₸,87 000 000 ₸,2021 - н.в. 4 поколение,Внедорожник,3.5 (бензин),,Автомат,Полный привод,Слева,белый металлик,Да,all,87000000
Lexus LX 600,2021,https://kolesa.kz/a/show/197477895?search_id=b5fc7cee99f21dd53ad88e85c7e53e3cc2bcf985&search_type=filter&advert_position=1161,88 000 000₸,,,Астана,28 апреля,101,FALSE,FALSE,FALSE,,86 302 000 ₸,88 000 000 ₸,2021 - н.в. 4 поколение,Внедорожник,3.5 (бензин),,Автомат,Полный привод,Слева,черный металлик,Да,all,88000000
BMW X6 M,2019,https://kolesa.kz/a/show/217849492?search_id=b5fc7cee99f21dd53ad88e85c7e53e3cc2bcf985&search_type=filter&advert_position=1162,63 000 000₸,,,Алматы,28 апреля,61,FALSE,FALSE,FALSE,,,63 000 000 ₸,2019 - 2023 F96,Кроссовер,4.4 (бензин),66 000 км,Автомат,Полный привод,Слева,черный,Да,all,63000000
Bentley Continental GT,2017,https://kolesa.kz/a/show/216568880?search_id=b5fc7cee99f21dd53ad88e85c7e53e3cc2bcf985&search_type=filter&advert_position=1163,280 000 000₸,,,Алматы,28 апреля,305,FALSE,FALSE,FALSE,,,280 000 000 ₸,2017 - н.в. 3 поколение (3S),Купе,4 (гибрид),,Автомат,Полный привод,Слева,,Нет,all,280000000
Jeep Grand Cherokee,2013,https://kolesa.kz/a/show/214502056?search_id=b5fc7cee99f21dd53ad88e85c7e53e3cc2bcf985&search_type=filter&advert_position=1164,62 800 000₸,584 021₸/мес,71%,Алматы,28 апреля,78,FALSE,FALSE,FALSE,584 021₸,,62 800 000 ₸,2013 - 2022 4 поколение рестайлинг (WK/WK2),Внедорожник,6.2 (бензин),18 900 км,Автомат,Полный привод,Слева,серый,Да,all,62800000
Mercedes-Benz G 55 AMG,2006,https://kolesa.kz/a/show/217651626?search_id=b5fc7cee99f21dd53ad88e85c7e53e3cc2bcf985&search_type=filter&advert_position=1165,62 800 000₸,,,Алматы,28 апреля,127,FALSE,FALSE,FALSE,,,62 800 000 ₸,2006 - 2012 W463 рестайлинг,Внедорожник,5.5 (бензин),158 700 км,Автомат,Полный привод,Слева,черный,Да,all,62800000
Cadillac Escalade Sport Platinum,2024,https://kolesa.kz/a/show/215673771?search_id=b5fc7cee99f21dd53ad88e85c7e53e3cc2bcf985&search_type=filter&advert_position=1166,107 180 000₸,,,Атырау,27 апреля,883,TRUE,FALSE,FALSE,,,107 180 000 ₸,2024 - н.в. 5 поколение рестайлинг,Внедорожник,6.2 (бензин),,Автомат,Полный привод,Слева,,Да,all,107180000
Porsche Panamera,2016,https://kolesa.kz/a/show/218052827?search_id=b5fc7cee99f21dd53ad88e85c7e53e3cc2bcf985&search_type=filter&advert_position=1167,60 000 000₸,,,Алматы,27 апреля,607,FALSE,FALSE,FALSE,,,60 000 000 ₸,2016 - 2020 971,Лифтбек,2.9 (бензин),,Робот,Полный привод,Слева,,Да,all,60000000
Cadillac Escalade Premium Luxury Platinum,2024,https://kolesa.kz/a/show/215325216?search_id=b5fc7cee99f21dd53ad88e85c7e53e3cc2bcf985&search_type=filter&advert_position=1168,97 770 000₸,,,Шымкент,27 апреля,732,TRUE,FALSE,FALSE,,100 000 000 ₸,97 770 000 ₸,2024 - н.в. 5 поколение рестайлинг,Внедорожник,6.2 (бензин),,Автомат,Полный привод,Слева,черный металлик,Да,all,97770000
Cadillac Escalade Sport Platinum,2024,https://kolesa.kz/a/show/215704432?search_id=b5fc7cee99f21dd53ad88e85c7e53e3cc2bcf985&search_type=filter&advert_position=1169,107 180 000₸,,,Астана,27 апреля,594,TRUE,FALSE,FALSE,,,107 180 000 ₸,,Внедорожник,6.2 (бензин),,Автомат,Полный привод,Слева,,Да,all,107180000
Cadillac Escalade Sport Platinum,2024,https://kolesa.kz/a/show/215704323?search_id=b5fc7cee99f21dd53ad88e85c7e53e3cc2bcf985&search_type=filter&advert_position=1170,97 770 000₸,,,Астана,27 апреля,377,TRUE,FALSE,FALSE,,,97 770 000 ₸,,Внедорожник,6.2 (бензин),,Автомат,Полный привод,Слева,,Да,all,97770000
Cadillac Escalade Sport Platinum,2024,https://kolesa.kz/a/show/215673733?search_id=b5fc7cee99f21dd53ad88e85c7e53e3cc2bcf985&search_type=filter&advert_position=1171,107 180 000₸,,,Шымкент,27 апреля,397,TRUE,FALSE,FALSE,,,107 180 000 ₸,2024 - н.в. 5 поколение рестайлинг,Внедорожник,6.2 (бензин),,Автомат,Полный привод,Слева,белый металлик,Да,all,107180000
BMW X7,2022,https://kolesa.kz/a/show/216645569?search_id=b5fc7cee99f21dd53ad88e85c7e53e3cc2bcf985&search_type=filter&advert_position=1172,61 000 000₸,584 021₸/мес,70%,Алматы,27 апреля,800,FALSE,FALSE,FALSE,584 021₸,61 285 000 ₸,61 000 000 ₸,2022 - н.в. G07 рестайлинг,Кроссовер,3 (бензин),38 000 км,Автомат,Полный привод,Слева,черный металлик,Да,all,61000000
Cadillac Escalade Sport Platinum,2024,https://kolesa.kz/a/show/215674115?search_id=b5fc7cee99f21dd53ad88e85c7e53e3cc2bcf985&search_type=filter&advert_position=1173,107 180 000₸,,,Шымкент,27 апреля,378,TRUE,FALSE,FALSE,,,107 180 000 ₸,2024 - н.в. 5 поколение рестайлинг,Внедорожник,6.2 (бензин),,Автомат,Полный привод,Слева,,Да,all,107180000
Mercedes-Benz G 63 AMG,2018,https://kolesa.kz/a/show/217721000?search_id=b5fc7cee99f21dd53ad88e85c7e53e3cc2bcf985&search_type=filter&advert_position=1174,125 000 000₸,,,Астана,27 апреля,165,FALSE,FALSE,FALSE,,104 010 000 ₸,125 000 000 ₸,2018 - н.в. W463,Внедорожник,4 (бензин),,Автомат,Полный привод,Слева,,Да,all,125000000
Cadillac Escalade Sport Platinum,2020,https://kolesa.kz/a/show/175836282?search_id=b5fc7cee99f21dd53ad88e85c7e53e3cc2bcf985&search_type=filter&advert_position=1175,97 770 000₸,,,Алматы,27 апреля,1279,TRUE,FALSE,FALSE,,,97 770 000 ₸,2020 - н.в. 5 поколение,Внедорожник,6.2 (бензин),,Автомат,Полный привод,Слева,,Да,all,97770000
Cadillac Escalade Sport Platinum,2024,https://kolesa.kz/a/show/215673743?search_id=b5fc7cee99f21dd53ad88e85c7e53e3cc2bcf985&search_type=filter&advert_position=1176,107 180 000₸,,,Атырау,27 апреля,372,TRUE,FALSE,FALSE,,,107 180 000 ₸,2024 - н.в. 5 поколение рестайлинг,Внедорожник,6.2 (бензин),,Автомат,Полный привод,Слева,белый металлик,Да,all,107180000
Cadillac Escalade Sport Platinum,2024,https://kolesa.kz/a/show/215674107?search_id=b5fc7cee99f21dd53ad88e85c7e53e3cc2bcf985&search_type=filter&advert_position=1177,107 180 000₸,,,Астана,27 апреля,166,TRUE,FALSE,FALSE,,,107 180 000 ₸,2024 - н.в. 5 поколение рестайлинг,Внедорожник,6.2 (бензин),,Автомат,Задний привод,Слева,,Да,all,107180000
Cadillac Escalade Sport Platinum,2024,https://kolesa.kz/a/show/215704352?search_id=b5fc7cee99f21dd53ad88e85c7e53e3cc2bcf985&search_type=filter&advert_position=1178,107 180 000₸,,,Алматы,27 апреля,1757,TRUE,FALSE,FALSE,,,107 180 000 ₸,2024 - н.в. 5 поколение рестайлинг,Внедорожник,6.2 (бензин),,Автомат,Полный привод,Слева,,Да,all,107180000
Cadillac Escalade Sport Platinum,2024,https://kolesa.kz/a/show/203414536?search_id=b5fc7cee99f21dd53ad88e85c7e53e3cc2bcf985&search_type=filter&advert_position=1179,97 770 000₸,,,Атырау,27 апреля,2181,FALSE,FALSE,TRUE,,100 000 000 ₸,97 770 000 ₸,2024 - н.в. 5 поколение рестайлинг,Внедорожник,6.2 (бензин),,Автомат,Полный привод,Слева,белый металлик,Да,all,97770000
Cadillac Escalade Premium Luxury Platinum,2024,https://kolesa.kz/a/show/203414548?search_id=b5fc7cee99f21dd53ad88e85c7e53e3cc2bcf985&search_type=filter&advert_position=1180,97 770 000₸,,,Атырау,27 апреля,165,FALSE,FALSE,TRUE,,100 000 000 ₸,97 770 000 ₸,2024 - н.в. 5 поколение рестайлинг,Внедорожник,6.2 (бензин),,Автомат,Полный привод,Слева,черный металлик,Да,all,97770000
Mercedes-Benz G 63 AMG,2024,https://kolesa.kz/a/show/216937418?search_id=129cb059e3f17c7b61aa61c95b8a1d1800ecdae5&search_type=filter&advert_position=1181,179 900 000₸,,,Алматы,27 апреля,389,FALSE,FALSE,FALSE,,177 311 000 ₸,179 900 000 ₸,2024 - н.в. W463 рестайлинг,Внедорожник,4 (бензин),4 700 км,Автомат,Полный привод,Слева,,Да,all,179900000
BMW X5,2023,https://kolesa.kz/a/show/216915562?search_id=129cb059e3f17c7b61aa61c95b8a1d1800ecdae5&search_type=filter&advert_position=1182,62 000 000₸,584 021₸/мес,71%,Астана,27 апреля,393,FALSE,FALSE,FALSE,584 021₸,59 457 000 ₸,62 000 000 ₸,2023 - н.в. G05 рестайлинг,Кроссовер,3 (бензин),13 200 км,Автомат,Полный привод,Слева,серый металлик,Да,all,62000000
Cadillac Escalade Premium Luxury Platinum,2024,https://kolesa.kz/a/show/215695761?search_id=129cb059e3f17c7b61aa61c95b8a1d1800ecdae5&search_type=filter&advert_position=1183,107 180 000₸,,,Атырау,27 апреля,303,TRUE,FALSE,FALSE,,,107 180 000 ₸,,Внедорожник,6.2 (бензин),,Автомат,Полный привод,Слева,белый металлик,Да,all,107180000
Mercedes-Benz G 63 AMG,2018,https://kolesa.kz/a/show/218290876?search_id=129cb059e3f17c7b61aa61c95b8a1d1800ecdae5&search_type=filter&advert_position=1184,80 000 000₸,,,Алматы,27 апреля,308,FALSE,FALSE,FALSE,,80 714 000 ₸,80 000 000 ₸,2018 - н.в. W463,Внедорожник,4 (бензин),110 000 км,Автомат,Полный привод,Слева,,Да,all,80000000
Cadillac Escalade Premium Luxury Platinum,2024,https://kolesa.kz/a/show/189196238?search_id=129cb059e3f17c7b61aa61c95b8a1d1800ecdae5&search_type=filter&advert_position=1185,107 180 000₸,,,Шымкент,27 апреля,337,FALSE,FALSE,TRUE,,,107 180 000 ₸,2024 - н.в. 5 поколение рестайлинг,Внедорожник,6.2 (бензин),,Автомат,Полный привод,Слева,черный металлик,Да,all,107180000
Cadillac Escalade Premium Luxury Platinum,2024,https://kolesa.kz/a/show/215703867?search_id=129cb059e3f17c7b61aa61c95b8a1d1800ecdae5&search_type=filter&advert_position=1186,107 180 000₸,,,Астана,27 апреля,252,TRUE,FALSE,FALSE,,,107 180 000 ₸,,Внедорожник,6.2 (бензин),,Автомат,Полный привод,Слева,,Да,all,107180000
Cadillac Escalade Premium Luxury Platinum,2024,https://kolesa.kz/a/show/215695727?search_id=129cb059e3f17c7b61aa61c95b8a1d1800ecdae5&search_type=filter&advert_position=1187,97 770 000₸,,,Астана,27 апреля,289,TRUE,FALSE,FALSE,,100 000 000 ₸,97 770 000 ₸,2024 - н.в. 5 поколение рестайлинг,Внедорожник,6.2 (бензин),,Автомат,Полный привод,Слева,белый металлик,Да,all,97770000
Cadillac Escalade Sport Platinum,2024,https://kolesa.kz/a/show/215674046?search_id=129cb059e3f17c7b61aa61c95b8a1d1800ecdae5&search_type=filter&advert_position=1188,107 180 000₸,,,Алматы,27 апреля,353,TRUE,FALSE,FALSE,,,107 180 000 ₸,2024 - н.в. 5 поколение рестайлинг,Внедорожник,6.2 (бензин),,Автомат,Задний привод,Слева,,Да,all,107180000
Cadillac Escalade Sport Platinum,2024,https://kolesa.kz/a/show/215673764?search_id=129cb059e3f17c7b61aa61c95b8a1d1800ecdae5&search_type=filter&advert_position=1189,107 180 000₸,,,Шымкент,27 апреля,520,TRUE,FALSE,FALSE,,,107 180 000 ₸,2024 - н.в. 5 поколение рестайлинг,Внедорожник,6.2 (бензин),,Автомат,Полный привод,Слева,,Да,all,107180000
Mercedes-Maybach GLS 600 4MATIC,2019,https://kolesa.kz/a/show/204472925?search_id=129cb059e3f17c7b61aa61c95b8a1d1800ecdae5&search_type=filter&advert_position=1190,115 000 000₸,,,Алматы,27 апреля,8093,TRUE,FALSE,FALSE,,,115 000 000 ₸,2019 - н.в. 1 поколение,Внедорожник,4 (гибрид),100 км,Автомат,Полный привод,Слева,,Да,all,115000000
Cadillac Escalade Sport Platinum,2024,https://kolesa.kz/a/show/215704436?search_id=129cb059e3f17c7b61aa61c95b8a1d1800ecdae5&search_type=filter&advert_position=1191,107 180 000₸,,,Шымкент,27 апреля,852,TRUE,FALSE,FALSE,,,107 180 000 ₸,2024 - н.в. 5 поколение рестайлинг,Внедорожник,6.2 (бензин),,Автомат,Полный привод,Слева,,Да,all,107180000
Mercedes-Benz G 63 AMG,2018,https://kolesa.kz/a/show/213356450?search_id=129cb059e3f17c7b61aa61c95b8a1d1800ecdae5&search_type=filter&advert_position=1192,99 300 000₸,,,Астана,27 апреля,86,FALSE,FALSE,FALSE,,92 185 000 ₸,99 300 000 ₸,2018 - н.в. W463,Внедорожник,4 (бензин),79 300 км,Автомат,Полный привод,Слева,черный,Да,all,99300000
Cadillac Escalade Premium Luxury Platinum,2024,https://kolesa.kz/a/show/215703881?search_id=129cb059e3f17c7b61aa61c95b8a1d1800ecdae5&search_type=filter&advert_position=1193,107 180 000₸,,,Шымкент,27 апреля,406,TRUE,FALSE,FALSE,,,107 180 000 ₸,2024 - н.в. 5 поколение рестайлинг,Внедорожник,6.2 (бензин),,Автомат,Полный привод,Слева,,Да,all,107180000
Mercedes-Benz G 500,2018,https://kolesa.kz/a/show/211524622?search_id=129cb059e3f17c7b61aa61c95b8a1d1800ecdae5&search_type=filter&advert_position=1194,100 000 000₸,,,Алматы,27 апреля,129,FALSE,FALSE,FALSE,,88 806 000 ₸,100 000 000 ₸,2018 - н.в. W463,Внедорожник,4 (бензин),,Автомат,Полный привод,Справа,,Да,all,100000000
Lexus LX 600,2021,https://kolesa.kz/a/show/218310912?search_id=129cb059e3f17c7b61aa61c95b8a1d1800ecdae5&search_type=filter&advert_position=1195,78 500 000₸,,,Шымкент,27 апреля,185,FALSE,FALSE,FALSE,,79 103 000 ₸,78 500 000 ₸,2021 - н.в. 4 поколение,Внедорожник,3.5 (бензин),20 000 км,Автомат,Полный привод,Слева,черный,Да,all,78500000
Cadillac Escalade Premium Luxury Platinum,2024,https://kolesa.kz/a/show/215695732?search_id=129cb059e3f17c7b61aa61c95b8a1d1800ecdae5&search_type=filter&advert_position=1196,97 770 000₸,,,Шымкент,27 апреля,421,TRUE,FALSE,FALSE,,100 000 000 ₸,97 770 000 ₸,2024 - н.в. 5 поколение рестайлинг,Внедорожник,6.2 (бензин),,Автомат,Полный привод,Слева,белый металлик,Да,all,97770000
Cadillac Escalade Premium Luxury Platinum,2024,https://kolesa.kz/a/show/198001891?search_id=129cb059e3f17c7b61aa61c95b8a1d1800ecdae5&search_type=filter&advert_position=1197,107 180 000₸,,,Алматы,27 апреля,6667,FALSE,FALSE,TRUE,,,107 180 000 ₸,2024 - н.в. 5 поколение рестайлинг,Внедорожник,6.2 (бензин),,Автомат,Полный привод,Слева,черный металлик,Да,all,107180000
Cadillac Escalade Sport Platinum,2024,https://kolesa.kz/a/show/215672806?search_id=129cb059e3f17c7b61aa61c95b8a1d1800ecdae5&search_type=filter&advert_position=1198,97 770 000₸,,,Астана,27 апреля,426,TRUE,FALSE,FALSE,,100 000 000 ₸,97 770 000 ₸,2024 - н.в. 5 поколение рестайлинг,Внедорожник,6.2 (бензин),,Автомат,Полный привод,Слева,,Да,all,97770000
Porsche Cayenne,2023,https://kolesa.kz/a/show/193851077?search_id=129cb059e3f17c7b61aa61c95b8a1d1800ecdae5&search_type=filter&advert_position=1199,93 000 000₸,,,Астана,27 апреля,159,FALSE,FALSE,FALSE,,,93 000 000 ₸,2023 - н.в. 3 поколение рестайлинг,Кроссовер,4 (бензин),7 000 км,Автомат,Полный привод,Слева,черный,Да,all,93000000
Lexus LX 600,2021,https://kolesa.kz/a/show/218316169?search_id=129cb059e3f17c7b61aa61c95b8a1d1800ecdae5&search_type=filter&advert_position=1200,88 000 000₸,,,Астана,27 апреля,405,FALSE,FALSE,FALSE,,86 302 000 ₸,88 000 000 ₸,2021 - н.в. 4 поколение,Внедорожник,3.5 (бензин),6 000 км,Автомат,Полный привод,Слева,черный,Да,all,88000000