title,year,link,price,city,date,views,is_verified_seller,is_from_dealer,is_official_dealer,mean_price,offer_price,generation,bodywork,engine_volume,mileage,transmission,drive,wheel,color,customs_clearance_in_kz,city_filter,price_numeric,engine_volume_num,brand,price_diff,is_bargain,car_age,price_per_year
Dodge ram,2018,https://kolesa.kz/a/show/218199165?search_id=3e6d04b0d1b08d80384b0b5bd23b4d31f065bc2c&search_type=filter&advert_position=1,65000000,Кокшетау,30 апреля,223,False,False,False,53224000.0,65 000 000 ₸,2018 - н.в. 5 поколение,Пикап,3 (бензин),2000,Автомат,Полный привод,Слева,Белый металлик,Да,all,65000000,3.0,Dodge,-11776000.0,No,8,7222222.222222222
Lexus lx 600 overtrail,2021,https://kolesa.kz/a/show/217091149?search_id=3e6d04b0d1b08d80384b0b5bd23b4d31f065bc2c&search_type=filter&advert_position=2,77500000,Астана,30 апреля,573,True,False,False,86302000.0,77 500 000 ₸,2021 - н.в. 4 поколение,Внедорожник,3.5 (бензин),43017,Автомат,Полный привод,Слева,Белый,Да,all,77500000,3.5,Lexus,8802000.0,Yes,5,12916666.666666666
Bmw x5,2023,https://kolesa.kz/a/show/217460478?search_id=3e6d04b0d1b08d80384b0b5bd23b4d31f065bc2c&search_type=filter&advert_position=3,77493000,Павлодар,30 апреля,494,False,False,True,65066000.0,77 493 000 ₸,2023 - н.в. G05 рестайлинг,Кроссовер,3 (бензин),0,Автомат,Полный привод,Слева,Не указан,Да,all,77493000,3.0,Bmw,-12427000.0,No,3,19373250.0
Bmw x5 xdrive 40i,2023,https://kolesa.kz/a/show/213990253?search_id=3e6d04b0d1b08d80384b0b5bd23b4d31f065bc2c&search_type=filter&advert_position=4,71738000,Павлодар,30 апреля,3065,False,False,True,65066000.0,71 738 000 ₸,2023 - н.в. G05 рестайлинг,Кроссовер,3 (бензин),0,Автомат,Полный привод,Слева,Не указан,Да,all,71738000,3.0,Bmw,-6672000.0,No,3,17934500.0
Lexus lx 600,2021,https://kolesa.kz/a/show/215674472?search_id=3e6d04b0d1b08d80384b0b5bd23b4d31f065bc2c&search_type=filter&advert_position=5,74000000,Астана,30 апреля,1801,False,False,False,73055000.0,74 000 000 ₸,2021 - н.в. 4 поколение,Внедорожник,3.5 (бензин),47000,Автомат,Полный привод,Слева,Не указан,Да,all,74000000,3.5,Lexus,-945000.0,No,5,12333333.333333334
Bmw x5 xdrive 40i,2023,https://kolesa.kz/a/show/214064155?search_id=3e6d04b0d1b08d80384b0b5bd23b4d31f065bc2c&search_type=filter&advert_position=6,71738000,Семей,30 апреля,1799,False,False,True,65066000.0,71 738 000 ₸,2023 - н.в. G05 рестайлинг,Кроссовер,3 (бензин),0,Автомат,Полный привод,Слева,Не указан,Да,all,71738000,3.0,Bmw,-6672000.0,No,3,17934500.0
Cadillac escalade,2024,https://kolesa.kz/a/show/217589448?search_id=3e6d04b0d1b08d80384b0b5bd23b4d31f065bc2c&search_type=filter&advert_position=7,110000000,Астана,30 апреля,827,False,False,False,100000000.0,110 000 000 ₸,2024 - н.в. 5 поколение рестайлинг,Внедорожник,6.2 (бензин),10000,Автомат,Полный привод,Слева,Черный,Да,all,110000000,6.2,Cadillac,-10000000.0,No,2,36666666.666666664
Bmw x7 xdrive 40i,2022,https://kolesa.kz/a/show/217981281?search_id=3e6d04b0d1b08d80384b0b5bd23b4d31f065bc2c&search_type=filter&advert_position=8,69590000,Алматы,30 апреля,323,True,False,False,71561000.0,69 590 000 ₸,2022 - н.в. G07 рестайлинг,Кроссовер,3 (бензин),21683,Автомат,Полный привод,Слева,Белый,Да,all,69590000,3.0,Bmw,1971000.0,No,4,13918000.0
Land rover defender x-dynamic se,2019,https://kolesa.kz/a/show/216156099?search_id=3e6d04b0d1b08d80384b0b5bd23b4d31f065bc2c&search_type=filter&advert_position=9,81327000,Алматы,30 апреля,567,True,False,False,79103000.0,81 327 000 ₸,2019 - н.в. 2 поколение (L663),Внедорожник,3 (бензин),20,Автомат,Полный привод,Слева,Белый,Да,all,81327000,3.0,Land,-2224000.0,No,7,10165875.0
Infiniti qx80,2024,https://kolesa.kz/a/show/214043560?search_id=3e6d04b0d1b08d80384b0b5bd23b4d31f065bc2c&search_type=filter&advert_position=10,76990000,Караганда,30 апреля,1193,False,False,True,79103000.0,76 990 000 ₸,2024 - н.в. Z63,Внедорожник,3.5 (бензин),0,Автомат,Полный привод,Слева,Не указан,Да,all,76990000,3.5,Infiniti,2113000.0,No,2,25663333.333333332
Mercedes-benz s 63 amg,2020,https://kolesa.kz/a/show/203340191?search_id=3e6d04b0d1b08d80384b0b5bd23b4d31f065bc2c&search_type=filter&advert_position=11,110000000,Алматы,30 апреля,2142,False,False,False,79103000.0,110 000 000 ₸,2020 - н.в. W223,Седан,4 (гибрид),17000,Автомат,Полный привод,Слева,Не указан,Да,all,110000000,4.0,Mercedes-benz,-30897000.0,No,6,15714285.714285715
Mercedes-benz gls 63 amg 4matic,2019,https://kolesa.kz/a/show/193142451?search_id=3e6d04b0d1b08d80384b0b5bd23b4d31f065bc2c&search_type=filter&advert_position=12,124000000,Астана,30 апреля,7257,False,False,True,79103000.0,124 000 000 ₸,2019 - н.в. X167,Внедорожник,4 (бензин),0,Автомат,Полный привод,Слева,Серый,Да,all,124000000,4.0,Mercedes-benz,-44897000.0,No,7,15500000.0
Bmw x7,2022,https://kolesa.kz/a/show/215201486?search_id=3e6d04b0d1b08d80384b0b5bd23b4d31f065bc2c&search_type=filter&advert_position=13,96641305,Алматы,30 апреля,1978,False,False,True,79103000.0,96 641 305 ₸,2022 - н.в. G07 рестайлинг,Кроссовер,4.4 (бензин),6,Автомат,Полный привод,Слева,Синий,Да,all,96641305,4.4,Bmw,-17538305.0,No,4,19328261.0
Audi rs 7,2019,https://kolesa.kz/a/show/214291416?search_id=3e6d04b0d1b08d80384b0b5bd23b4d31f065bc2c&search_type=filter&advert_position=14,85000000,Алматы,30 апреля,3045,False,False,False,79103000.0,85 000 000 ₸,2019 - н.в. 2 поколение (C8),Лифтбек,4 (бензин),20000,Автомат,Полный привод,Слева,Синий металлик,Да,all,85000000,4.0,Audi,-5897000.0,No,7,10625000.0
Toyota land cruiser premium,2021,https://kolesa.kz/a/show/200050759?search_id=3e6d04b0d1b08d80384b0b5bd23b4d31f065bc2c&search_type=filter&advert_position=15,74890000,Астана,30 апреля,3341,False,False,True,67236000.0,74 890 000 ₸,2021 - н.в. J300,Внедорожник,3.5 (бензин),0,Автомат,Полный привод,Слева,Не указан,Да,all,74890000,3.5,Toyota,-7654000.0,No,5,12481666.666666666
Mercedes-benz g 63 amg,2018,https://kolesa.kz/a/show/216820595?search_id=3e6d04b0d1b08d80384b0b5bd23b4d31f065bc2c&search_type=filter&advert_position=16,110000000,Алматы,30 апреля,834,False,False,False,113951000.0,110 000 000 ₸,2018 - н.в. W463,Внедорожник,4 (бензин),57500,Автомат,Полный привод,Слева,Черный металлик,Да,all,110000000,4.0,Mercedes-benz,3951000.0,No,8,12222222.222222222
Mercedes-benz eqv,2019,https://kolesa.kz/a/show/207478684?search_id=3e6d04b0d1b08d80384b0b5bd23b4d31f065bc2c&search_type=filter&advert_position=17,117000000,Петропавловск,30 апреля,750,False,False,False,79103000.0,117 000 000 ₸,2019 - н.в. 1 поколение,Минивэн,Не указан,7000,Автомат,Передний привод,Слева,Черный,Да,all,117000000,3.5,Mercedes-benz,-37897000.0,No,7,14625000.0
Mercedes-benz s 63 amg,2020,https://kolesa.kz/a/show/218641405?search_id=3e6d04b0d1b08d80384b0b5bd23b4d31f065bc2c&search_type=filter&advert_position=18,144500000,Алматы,30 апреля,143,False,False,False,79103000.0,144 500 000 ₸,2020 - н.в. W223,Седан,4 (гибрид),0,Автомат,Полный привод,Слева,Черный,Нет,all,144500000,4.0,Mercedes-benz,-65397000.0,No,6,20642857.14285714
Lexus lx 600,2021,https://kolesa.kz/a/show/217433659?search_id=3e6d04b0d1b08d80384b0b5bd23b4d31f065bc2c&search_type=filter&advert_position=19,67000000,Алматы,30 апреля,927,False,False,False,69560000.0,67 000 000 ₸,2021 - н.в. 4 поколение,Внедорожник,3.5 (бензин),85000,Автомат,Полный привод,Слева,Не указан,Да,all,67000000,3.5,Lexus,2560000.0,No,5,11166666.666666666
Rolls-royce ghost,2014,https://kolesa.kz/a/show/216987249?search_id=3e6d04b0d1b08d80384b0b5bd23b4d31f065bc2c&search_type=filter&advert_position=20,90000000,Алматы,30 апреля,2085,False,False,False,79103000.0,90 000 000 ₸,2014 - 2020 1 поколение рестайлинг (RR4),Седан,6.6 (бензин),13000,Автомат,Задний привод,Слева,Белый,Да,all,90000000,6.6,Rolls-royce,-10897000.0,No,12,6923076.923076923
Bmw x7,2022,https://kolesa.kz/a/show/217461084?search_id=4c1988cc1daca74d2c7b0b60170462f4e087fd12&search_type=filter&advert_position=22,94290000,Павлодар,30 апреля,692,False,False,True,79300000.0,94 290 000 ₸,2022 - н.в. G07 рестайлинг,Кроссовер,3 (бензин),0,Автомат,Полный привод,Слева,Не указан,Да,all,94290000,3.0,Bmw,-14990000.0,No,4,18858000.0
Infiniti qx80 autograph,2024,https://kolesa.kz/a/show/209243106?search_id=4c1988cc1daca74d2c7b0b60170462f4e087fd12&search_type=filter&advert_position=23,88990000,Алматы,30 апреля,4316,False,False,True,79103000.0,88 990 000 ₸,2024 - н.в. Z63,Внедорожник,3.5 (бензин),0,Автомат,Полный привод,Слева,Не указан,Да,all,88990000,3.5,Infiniti,-9887000.0,No,2,29663333.333333332
Bmw m5,2020,https://kolesa.kz/a/show/218117563?search_id=4c1988cc1daca74d2c7b0b60170462f4e087fd12&search_type=filter&advert_position=24,60000000,Алматы,30 апреля,1049,False,False,False,60175000.0,60 000 000 ₸,2020 - н.в. F90 рестайлинг,Седан,4.4 (бензин),74000,Автомат,Полный привод,Слева,Не указан,Да,all,60000000,4.4,Bmw,175000.0,No,6,8571428.57142857
Mercedes-benz v 300 exclusive,2014,https://kolesa.kz/a/show/193695288?search_id=4c1988cc1daca74d2c7b0b60170462f4e087fd12&search_type=filter&advert_position=25,74306120,Алматы,30 апреля,4046,False,False,True,79103000.0,74 306 120 ₸,2014 - н.в. W447,Минивэн,2 (дизель),5,Автомат,Полный привод,Слева,Синий,Да,all,74306120,2.0,Mercedes-benz,4796880.0,Yes,12,5715855.384615385
Mercedes-maybach gls 600 4matic,2019,https://kolesa.kz/a/show/198299503?search_id=4c1988cc1daca74d2c7b0b60170462f4e087fd12&search_type=filter&advert_position=26,159000000,Алматы,30 апреля,10800,True,False,False,79103000.0,159 000 000 ₸,2019 - н.в. 1 поколение,Внедорожник,4 (гибрид),0,Автомат,Полный привод,Слева,Черный металлик,Да,all,159000000,4.0,Mercedes-maybach,-79897000.0,No,7,19875000.0
Porsche macan turbo,2024,https://kolesa.kz/a/show/215956970?search_id=4c1988cc1daca74d2c7b0b60170462f4e087fd12&search_type=filter&advert_position=27,101220000,Алматы,30 апреля,856,False,False,True,79103000.0,101 220 000 ₸,2024 - н.в. 2 поколение,Кроссовер,Не указан,0,Автомат,Полный привод,Слева,Серый металлик,Да,all,101220000,3.5,Porsche,-22117000.0,No,2,33740000.0
Mercedes-benz s 450,2020,https://kolesa.kz/a/show/186071268?search_id=4c1988cc1daca74d2c7b0b60170462f4e087fd12&search_type=filter&advert_position=28,71000000,Астана,30 апреля,841,False,False,False,69375000.0,71 000 000 ₸,2020 - н.в. W223,Седан,3 (бензин),23000,Автомат,Полный привод,Слева,Серый,Да,all,71000000,3.0,Mercedes-benz,-1625000.0,No,6,10142857.142857144
Lexus lx 600,2021,https://kolesa.kz/a/show/176259500?search_id=4c1988cc1daca74d2c7b0b60170462f4e087fd12&search_type=filter&advert_position=29,83300000,Костанай,30 апреля,2684,False,False,False,79103000.0,83 300 000 ₸,2021 - н.в. 4 поколение,Внедорожник,3.5 (бензин),19000,Автомат,Полный привод,Слева,Черный металлик,Да,all,83300000,3.5,Lexus,-4197000.0,No,5,13883333.333333334
Toyota land cruiser,2021,https://kolesa.kz/a/show/216275160?search_id=4c1988cc1daca74d2c7b0b60170462f4e087fd12&search_type=filter&advert_position=30,68300000,Алматы,30 апреля,2548,False,False,False,67236000.0,68 300 000 ₸,2021 - н.в. J300,Внедорожник,3.5 (бензин),10500,Автомат,Полный привод,Слева,Черный металлик,Да,all,68300000,3.5,Toyota,-1064000.0,No,5,11383333.333333334
Porsche cayenne,2017,https://kolesa.kz/a/show/185520711?search_id=4c1988cc1daca74d2c7b0b60170462f4e087fd12&search_type=filter&advert_position=31,110000000,Алматы,30 апреля,459,False,False,False,79103000.0,110 000 000 ₸,2017 - н.в. 3 поколение (9YA),Кроссовер,4 (бензин),8000,Автомат,Полный привод,Слева,Не указан,Да,all,110000000,4.0,Porsche,-30897000.0,No,9,11000000.0
Bmw x5,2023,https://kolesa.kz/a/show/204042459?search_id=4c1988cc1daca74d2c7b0b60170462f4e087fd12&search_type=filter&advert_position=32,70550000,Алматы,30 апреля,378,False,False,False,65066000.0,70 550 000 ₸,2023 - н.в. G05 рестайлинг,Кроссовер,3 (бензин),7,Автомат,Полный привод,Слева,Черный металлик,Да,all,70550000,3.0,Bmw,-5484000.0,No,3,17637500.0
Bmw x5,2023,https://kolesa.kz/a/show/213136340?search_id=4c1988cc1daca74d2c7b0b60170462f4e087fd12&search_type=filter&advert_position=33,68000000,Усть-каменогорск,30 апреля,2706,False,False,False,65066000.0,68 000 000 ₸,2023 - н.в. G05 рестайлинг,Кроссовер,3 (бензин),16500,Автомат,Полный привод,Слева,Серый,Да,all,68000000,3.0,Bmw,-2934000.0,No,3,17000000.0
Bmw x7 xdrive 40i,2022,https://kolesa.kz/a/show/213945864?search_id=4c1988cc1daca74d2c7b0b60170462f4e087fd12&search_type=filter&advert_position=34,90138000,Кокшетау,30 апреля,1732,False,False,True,79300000.0,90 138 000 ₸,2022 - н.в. G07 рестайлинг,Кроссовер,3 (бензин),0,Автомат,Полный привод,Слева,Не указан,Да,all,90138000,3.0,Bmw,-10838000.0,No,4,18027600.0
Bmw x7,2022,https://kolesa.kz/a/show/217480273?search_id=4c1988cc1daca74d2c7b0b60170462f4e087fd12&search_type=filter&advert_position=35,69000000,Алматы,30 апреля,288,False,False,False,73673000.0,69 000 000 ₸,2022 - н.в. G07 рестайлинг,Кроссовер,4.4 (бензин),35000,Автомат,Полный привод,Слева,Не указан,Да,all,69000000,4.4,Bmw,4673000.0,Yes,4,13800000.0
Mercedes-benz gle 53 amg 4matic,2019,https://kolesa.kz/a/show/203739668?search_id=4c1988cc1daca74d2c7b0b60170462f4e087fd12&search_type=filter&advert_position=36,84900000,Астана,30 апреля,3765,False,False,True,79103000.0,84 900 000 ₸,2019 - н.в. V167,Кроссовер,3 (бензин),0,Автомат,Полный привод,Слева,Черный металлик,Да,all,84900000,3.0,Mercedes-benz,-5797000.0,No,7,10612500.0
Lexus lx 600,2021,https://kolesa.kz/a/show/211249606?search_id=4c1988cc1daca74d2c7b0b60170462f4e087fd12&search_type=filter&advert_position=37,65000000,Астана,30 апреля,6485,False,False,False,69560000.0,65 000 000 ₸,2021 - н.в. 4 поколение,Внедорожник,3.5 (бензин),53000,Автомат,Полный привод,Слева,Белый металлик,Да,all,65000000,3.5,Lexus,4560000.0,Yes,5,10833333.333333334
Bmw x7,2022,https://kolesa.kz/a/show/175348181?search_id=4c1988cc1daca74d2c7b0b60170462f4e087fd12&search_type=filter&advert_position=38,63000000,Тараз,30 апреля,23490,False,False,False,55680000.0,63 000 000 ₸,2022 - н.в. G07 рестайлинг,Кроссовер,3 (бензин),35000,Автомат,Полный привод,Слева,Черный металлик,Да,all,63000000,3.0,Bmw,-7320000.0,No,4,12600000.0
Mercedes-benz g 63 amg,2018,https://kolesa.kz/a/show/212615753?search_id=4c1988cc1daca74d2c7b0b60170462f4e087fd12&search_type=filter&advert_position=39,118000000,Алматы,30 апреля,97,False,False,False,113951000.0,118 000 000 ₸,2018 - н.в. W463,Внедорожник,4 (бензин),40000,Автомат,Полный привод,Слева,Черный металлик,Да,all,118000000,4.0,Mercedes-benz,-4049000.0,No,8,13111111.111111112
Bmw m5,2024,https://kolesa.kz/a/show/217668600?search_id=4c1988cc1daca74d2c7b0b60170462f4e087fd12&search_type=filter&advert_position=40,97000000,Алматы,30 апреля,692,True,False,False,79103000.0,97 000 000 ₸,,Седан,4.4 (гибрид),2262,Автомат,Полный привод,Слева,Зеленый,Да,all,97000000,4.4,Bmw,-17897000.0,No,2,32333333.333333332
Rolls-royce ghost,2009,https://kolesa.kz/a/show/218642576?search_id=dea713409444a65962ed7e87d7c6a43053f64854&search_type=filter&advert_position=46,82000000,Алматы,30 апреля,76,False,False,False,79103000.0,82 000 000 ₸,2009 - 2014 1 поколение (RR4),Седан,6.6 (бензин),98000,Автомат,Задний привод,Слева,Не указан,Да,all,82000000,6.6,Rolls-royce,-2897000.0,No,17,4555555.555555556
Zeekr 9x,2025,https://kolesa.kz/a/show/209783399?search_id=dea713409444a65962ed7e87d7c6a43053f64854&search_type=filter&advert_position=47,60000000,Алматы,30 апреля,7362,False,False,False,54909000.0,60 000 000 ₸,2025 - н.в. 1 поколение,Кроссовер,2 (бензин),20,Автомат,Полный привод,Слева,Черный металлик,Да,all,60000000,2.0,Zeekr,-5091000.0,No,1,30000000.0
Lamborghini urus,2017,https://kolesa.kz/a/show/213690509?search_id=dea713409444a65962ed7e87d7c6a43053f64854&search_type=filter&advert_position=48,130000000,Алматы,30 апреля,25698,False,False,False,79103000.0,130 000 000 ₸,2017 - н.в. 1 поколение,Кроссовер,4 (бензин),37000,Автомат,Полный привод,Слева,Синий,Да,all,130000000,4.0,Lamborghini,-50897000.0,No,9,13000000.0
Byd yangwang u8,2023,https://kolesa.kz/a/show/183357483?search_id=dea713409444a65962ed7e87d7c6a43053f64854&search_type=filter&advert_position=49,65000000,Шымкент,30 апреля,761,False,False,False,78071000.0,65 000 000 ₸,2023 - н.в. 1 поколение,Внедорожник,2 (гибрид),29000,Автомат,Полный привод,Слева,Бирюзовый,Да,all,65000000,2.0,Byd,13071000.0,Yes,3,16250000.0
Bmw x7 xdrive 40i,2022,https://kolesa.kz/a/show/213945874?search_id=dea713409444a65962ed7e87d7c6a43053f64854&search_type=filter&advert_position=50,90138000,Аксу,30 апреля,1394,False,False,True,79300000.0,90 138 000 ₸,2022 - н.в. G07 рестайлинг,Кроссовер,3 (бензин),0,Автомат,Полный привод,Слева,Не указан,Да,all,90138000,3.0,Bmw,-10838000.0,No,4,18027600.0
Bmw 550,2023,https://kolesa.kz/a/show/217030536?search_id=dea713409444a65962ed7e87d7c6a43053f64854&search_type=filter&advert_position=51,68250000,Астана,30 апреля,455,True,False,False,79103000.0,68 250 000 ₸,2023 - н.в. G60,Седан,3 (гибрид),9462,Автомат,Полный привод,Слева,Синий,Да,all,68250000,3.0,Bmw,10853000.0,Yes,3,17062500.0
Land rover range rover sport dynamic se,2022,https://kolesa.kz/a/show/217206869?search_id=dea713409444a65962ed7e87d7c6a43053f64854&search_type=filter&advert_position=52,104391000,Павлодар,30 апреля,435,True,False,False,79103000.0,104 391 000 ₸,2022 - н.в. 3 поколение,Внедорожник,3 (бензин),20,Автомат,Полный привод,Слева,Черный металлик,Да,all,104391000,3.0,Land,-25288000.0,No,4,20878200.0
Land rover range rover hse,2021,https://kolesa.kz/a/show/218477041?search_id=dea713409444a65962ed7e87d7c6a43053f64854&search_type=filter&advert_position=53,124069000,Астана,30 апреля,166,False,False,True,79103000.0,124 069 000 ₸,2021 - н.в. 5 поколение,Внедорожник,3 (бензин),1,Автомат,Полный привод,Слева,Золотистый металлик,Да,all,124069000,3.0,Land,-44966000.0,No,5,20678166.666666668
Mercedes-benz g 63 amg 4matic,2018,https://kolesa.kz/a/show/217725896?search_id=dea713409444a65962ed7e87d7c6a43053f64854&search_type=filter&advert_position=54,85000000,Алматы,30 апреля,471,True,False,False,79103000.0,85 000 000 ₸,2018 - н.в. W463,Внедорожник,4 (бензин),0,Автомат,Полный привод,Слева,Белый,Нет,all,85000000,4.0,Mercedes-benz,-5897000.0,No,8,9444444.444444444
Mercedes-benz g 63 amg,2024,https://kolesa.kz/a/show/215510123?search_id=dea713409444a65962ed7e87d7c6a43053f64854&search_type=filter&advert_position=55,153000000,Астана,30 апреля,563,False,False,False,177311000.0,153 000 000 ₸,2024 - н.в. W463 рестайлинг,Внедорожник,4 (бензин),18000,Автомат,Полный привод,Слева,Серебристый металлик,Да,all,153000000,4.0,Mercedes-benz,24311000.0,Yes,2,51000000.0
Mercedes-benz g 63 amg,2018,https://kolesa.kz/a/show/217619316?search_id=dea713409444a65962ed7e87d7c6a43053f64854&search_type=filter&advert_position=56,76000000,Алматы,30 апреля,893,False,False,False,79103000.0,76 000 000 ₸,2018 - н.в. W463,Внедорожник,4 (бензин),15400,Автомат,Полный привод,Слева,Черный,Нет,all,76000000,4.0,Mercedes-benz,3103000.0,No,8,8444444.444444444
Lexus lx 600,2021,https://kolesa.kz/a/show/217394607?search_id=dea713409444a65962ed7e87d7c6a43053f64854&search_type=filter&advert_position=57,73000000,Актау,30 апреля,463,False,False,False,73055000.0,73 000 000 ₸,2021 - н.в. 4 поколение,Внедорожник,3.5 (бензин),90000,Автомат,Полный привод,Слева,Не указан,Да,all,73000000,3.5,Lexus,55000.0,No,5,12166666.666666666
Bmw m5,2024,https://kolesa.kz/a/show/217763006?search_id=dea713409444a65962ed7e87d7c6a43053f64854&search_type=filter&advert_position=58,113056188,Шымкент,30 апреля,865,True,False,False,79103000.0,113 056 188 ₸,,Седан,4.4 (гибрид),0,Автомат,Полный привод,Слева,Синий,Да,all,113056188,4.4,Bmw,-33953188.0,No,2,37685396.0
Bmw x7 xdrive 40i,2022,https://kolesa.kz/a/show/218603724?search_id=dea713409444a65962ed7e87d7c6a43053f64854&search_type=filter&advert_position=59,81000000,Костанай,30 апреля,52,False,False,True,79300000.0,81 000 000 ₸,2022 - н.в. G07 рестайлинг,Кроссовер,3 (бензин),0,Автомат,Полный привод,Слева,Черный металлик,Да,all,81000000,3.0,Bmw,-1700000.0,No,4,16200000.0
Mercedes-maybach gls 600,2019,https://kolesa.kz/a/show/218603018?search_id=dea713409444a65962ed7e87d7c6a43053f64854&search_type=filter&advert_position=60,117000000,Астана,30 апреля,62,False,True,False,79103000.0,117 000 000 ₸,2019 - н.в. 1 поколение,Внедорожник,4 (гибрид),7091,Автомат,Полный привод,Слева,Не указан,Да,all,117000000,4.0,Mercedes-maybach,-37897000.0,No,7,14625000.0
Mercedes-benz gle 63 amg,2019,https://kolesa.kz/a/show/214322582?search_id=8c823cb8bdcad811b06f27aec73840489347aa24&search_type=filter&advert_position=63,84000000,Алматы,30 апреля,3157,False,False,False,87875000.0,84 000 000 ₸,2019 - н.в. V167,Кроссовер,4 (бензин),2800,Автомат,Полный привод,Слева,Не указан,Да,all,84000000,4.0,Mercedes-benz,3875000.0,No,7,10500000.0
Bmw x7 xdrive 40i,2022,https://kolesa.kz/a/show/216562089?search_id=8c823cb8bdcad811b06f27aec73840489347aa24&search_type=filter&advert_position=64,105327000,Павлодар,30 апреля,1061,False,False,True,79103000.0,105 327 000 ₸,2022 - н.в. G07 рестайлинг,Кроссовер,3 (бензин),0,Автомат,Полный привод,Слева,Черный металлик,Да,all,105327000,3.0,Bmw,-26224000.0,No,4,21065400.0
Nissan patrol,2024,https://kolesa.kz/a/show/209570347?search_id=8c823cb8bdcad811b06f27aec73840489347aa24&search_type=filter&advert_position=65,64990000,Алматы,30 апреля,4499,False,False,True,79103000.0,64 990 000 ₸,2024 - н.в. Y63,Внедорожник,3.5 (бензин),0,Автомат,Полный привод,Слева,Не указан,Да,all,64990000,3.5,Nissan,14113000.0,Yes,2,21663333.333333332
Mercedes-benz s 580 4matic,2020,https://kolesa.kz/a/show/217110090?search_id=8c823cb8bdcad811b06f27aec73840489347aa24&search_type=filter&advert_position=66,124607200,Алматы,30 апреля,1071,False,False,True,79103000.0,124 607 200 ₸,2020 - н.в. W223,Седан,4 (бензин),7,Автомат,Полный привод,Слева,Черный металлик,Да,all,124607200,4.0,Mercedes-benz,-45504200.0,No,6,17801028.57142857
Mercedes-benz g 580 eq 4matic,2018,https://kolesa.kz/a/show/198196233?search_id=8c823cb8bdcad811b06f27aec73840489347aa24&search_type=filter&advert_position=67,121075000,Алматы,30 апреля,8748,False,False,True,79103000.0,121 075 000 ₸,2018 - н.в. W463,Внедорожник,Не указан,0,Автомат,Полный привод,Слева,Коричневый,Да,all,121075000,3.5,Mercedes-benz,-41972000.0,No,8,13452777.777777778
Porsche macan t,2021,https://kolesa.kz/a/show/216322072?search_id=8c823cb8bdcad811b06f27aec73840489347aa24&search_type=filter&advert_position=69,61530000,Алматы,30 апреля,345,False,False,True,79103000.0,61 530 000 ₸,2021 - н.в. 1 поколение [2-й рестайлинг] (95B),Кроссовер,2 (бензин),0,Робот,Полный привод,Слева,Серый металлик,Да,all,61530000,2.0,Porsche,17573000.0,Yes,5,10255000.0
Mercedes-benz gls 450 4matic,2019,https://kolesa.kz/a/show/172746914?search_id=8c823cb8bdcad811b06f27aec73840489347aa24&search_type=filter&advert_position=70,74000000,Астана,30 апреля,3733,False,False,True,84971000.0,74 000 000 ₸,2019 - н.в. X167,Внедорожник,3 (бензин),0,Автомат,Полный привод,Слева,Синий металлик,Да,all,74000000,3.0,Mercedes-benz,10971000.0,Yes,7,9250000.0
Mercedes-benz s 63 amg,2020,https://kolesa.kz/a/show/180090209?search_id=8c823cb8bdcad811b06f27aec73840489347aa24&search_type=filter&advert_position=71,139000000,Астана,30 апреля,22849,False,False,False,79103000.0,139 000 000 ₸,2020 - н.в. W223,Седан,4 (гибрид),0,Автомат,Полный привод,Слева,Черный металлик,Да,all,139000000,4.0,Mercedes-benz,-59897000.0,No,6,19857142.85714286
Toyota land cruiser,2021,https://kolesa.kz/a/show/217666358?search_id=8c823cb8bdcad811b06f27aec73840489347aa24&search_type=filter&advert_position=72,65000000,Алматы,30 апреля,435,False,False,False,52628000.0,65 000 000 ₸,2021 - н.в. J300,Внедорожник,3.5 (бензин),15000,Автомат,Полный привод,Слева,Не указан,Да,all,65000000,3.5,Toyota,-12372000.0,No,5,10833333.333333334
Mercedes-benz g 63 amg,2018,https://kolesa.kz/a/show/216752837?search_id=8c823cb8bdcad811b06f27aec73840489347aa24&search_type=filter&advert_position=73,108000000,Алматы,30 апреля,1820,False,False,False,113951000.0,108 000 000 ₸,2018 - н.в. W463,Внедорожник,4 (бензин),17000,Автомат,Полный привод,Слева,Не указан,Да,all,108000000,4.0,Mercedes-benz,5951000.0,Yes,8,12000000.0
Land rover range rover,2017,https://kolesa.kz/a/show/217385594?search_id=8c823cb8bdcad811b06f27aec73840489347aa24&search_type=filter&advert_position=74,63000000,Астана,30 апреля,452,False,False,False,48804000.0,63 000 000 ₸,2017 - 2022 4 поколение рестайлинг,Внедорожник,5 (бензин),21000,Автомат,Полный привод,Слева,Бордовый,Да,all,63000000,5.0,Land,-14196000.0,No,9,6300000.0
Lexus lx 600,2021,https://kolesa.kz/a/show/211349855?search_id=8c823cb8bdcad811b06f27aec73840489347aa24&search_type=filter&advert_position=75,80500000,Уральск,30 апреля,2846,False,False,False,79103000.0,80 500 000 ₸,2021 - н.в. 4 поколение,Внедорожник,3.5 (бензин),50050,Автомат,Полный привод,Слева,Черный,Да,all,80500000,3.5,Lexus,-1397000.0,No,5,13416666.666666666
Lexus lx 600,2021,https://kolesa.kz/a/show/216543841?search_id=8c823cb8bdcad811b06f27aec73840489347aa24&search_type=filter&advert_position=76,75000000,Костанай,30 апреля,1106,False,False,False,73055000.0,75 000 000 ₸,2021 - н.в. 4 поколение,Внедорожник,3.5 (бензин),30000,Автомат,Полный привод,Слева,Не указан,Да,all,75000000,3.5,Lexus,-1945000.0,No,5,12500000.0
Bmw x5 m,2023,https://kolesa.kz/a/show/209339231?search_id=8c823cb8bdcad811b06f27aec73840489347aa24&search_type=filter&advert_position=77,101000000,Шымкент,30 апреля,21735,False,False,False,79103000.0,101 000 000 ₸,2023 - н.в. F95 рестайлинг,Кроссовер,4.4 (бензин),9900,Автомат,Полный привод,Слева,Не указан,Да,all,101000000,4.4,Bmw,-21897000.0,No,3,25250000.0
Bmw x5 xdrive 40i,2023,https://kolesa.kz/a/show/214064187?search_id=8c823cb8bdcad811b06f27aec73840489347aa24&search_type=filter&advert_position=78,71738000,Аксу,30 апреля,1937,False,False,True,65066000.0,71 738 000 ₸,2023 - н.в. G05 рестайлинг,Кроссовер,3 (бензин),0,Автомат,Полный привод,Слева,Не указан,Да,all,71738000,3.0,Bmw,-6672000.0,No,3,17934500.0
Bmw x7 xdrive 40i,2022,https://kolesa.kz/a/show/213945858?search_id=8c823cb8bdcad811b06f27aec73840489347aa24&search_type=filter&advert_position=79,90138000,Семей,30 апреля,1770,False,False,True,79300000.0,90 138 000 ₸,2022 - н.в. G07 рестайлинг,Кроссовер,3 (бензин),0,Автомат,Полный привод,Слева,Не указан,Да,all,90138000,3.0,Bmw,-10838000.0,No,4,18027600.0
Bmw x7 xdrive 40i,2022,https://kolesa.kz/a/show/213945872?search_id=8c823cb8bdcad811b06f27aec73840489347aa24&search_type=filter&advert_position=80,90138000,Экибастуз,30 апреля,1677,True,False,False,79300000.0,90 138 000 ₸,2022 - н.в. G07 рестайлинг,Кроссовер,3 (бензин),0,Автомат,Полный привод,Слева,Не указан,Да,all,90138000,3.0,Bmw,-10838000.0,No,4,18027600.0
Land rover range rover autobiography,2021,https://kolesa.kz/a/show/217205976?search_id=f15d0ee53bf495829642add6daa83fa76364d41c&search_type=filter&advert_position=85,137094000,Атырау,30 апреля,498,True,False,False,79103000.0,137 094 000 ₸,2021 - н.в. 5 поколение,Внедорожник,4.4 (бензин),20,Автомат,Полный привод,Слева,Черный металлик,Да,all,137094000,4.4,Land,-57991000.0,No,5,22849000.0
Infiniti qx80,2024,https://kolesa.kz/a/show/214043917?search_id=f15d0ee53bf495829642add6daa83fa76364d41c&search_type=filter&advert_position=86,76990000,Уральск,30 апреля,1278,False,False,True,79103000.0,76 990 000 ₸,2024 - н.в. Z63,Внедорожник,3.5 (бензин),0,Автомат,Полный привод,Слева,Не указан,Да,all,76990000,3.5,Infiniti,2113000.0,No,2,25663333.333333332
Bmw x7 xdrive 40i,2022,https://kolesa.kz/a/show/215664918?search_id=f15d0ee53bf495829642add6daa83fa76364d41c&search_type=filter&advert_position=87,81535000,Актобе,30 апреля,277,False,False,True,79300000.0,81 535 000 ₸,2022 - н.в. G07 рестайлинг,Кроссовер,3 (бензин),12,Автомат,Полный привод,Слева,Не указан,Да,all,81535000,3.0,Bmw,-2235000.0,No,4,16307000.0
Land rover range rover sport,2022,https://kolesa.kz/a/show/218283699?search_id=f15d0ee53bf495829642add6daa83fa76364d41c&search_type=filter&advert_position=88,72000000,Алматы,30 апреля,114,False,False,False,71247000.0,72 000 000 ₸,2022 - н.в. 3 поколение,Внедорожник,3 (бензин),15000,Автомат,Полный привод,Слева,Не указан,Да,all,72000000,3.0,Land,-753000.0,No,4,14400000.0
Toyota land cruiser,2021,https://kolesa.kz/a/show/217030417?search_id=f15d0ee53bf495829642add6daa83fa76364d41c&search_type=filter&advert_position=89,64000000,Астана,30 апреля,1111,False,False,False,67236000.0,64 000 000 ₸,2021 - н.в. J300,Внедорожник,3.5 (бензин),11000,Автомат,Полный привод,Слева,Черный металлик,Да,all,64000000,3.5,Toyota,3236000.0,No,5,10666666.666666666
Bmw xm 50e,2022,https://kolesa.kz/a/show/217763042?search_id=f15d0ee53bf495829642add6daa83fa76364d41c&search_type=filter&advert_position=90,102271014,Шымкент,30 апреля,571,True,False,False,79103000.0,102 271 014 ₸,2022 - н.в. 1 поколение,Внедорожник,3 (гибрид),0,Автомат,Полный привод,Слева,Черный металлик,Да,all,102271014,3.0,Bmw,-23168014.0,No,4,20454202.8
Mercedes-benz amg gt,2017,https://kolesa.kz/a/show/217681502?search_id=f15d0ee53bf495829642add6daa83fa76364d41c&search_type=filter&advert_position=91,61000000,Алматы,30 апреля,39,False,False,False,79103000.0,61 000 000 ₸,2017 - 2024 1 поколение рестайлинг,Купе,4 (бензин),37000,Робот,Задний привод,Слева,Серый металлик,Да,all,61000000,4.0,Mercedes-benz,18103000.0,Yes,9,6100000.0
Toyota land cruiser luxe,2021,https://kolesa.kz/a/show/217176952?search_id=f15d0ee53bf495829642add6daa83fa76364d41c&search_type=filter&advert_position=92,62000000,Астана,30 апреля,281,True,False,False,52628000.0,62 000 000 ₸,2021 - н.в. J300,Внедорожник,3.5 (бензин),23005,Автомат,Полный привод,Слева,Не указан,Да,all,62000000,3.5,Toyota,-9372000.0,No,5,10333333.333333334
Infiniti qx80 sensory,2024,https://kolesa.kz/a/show/208861201?search_id=f15d0ee53bf495829642add6daa83fa76364d41c&search_type=filter&advert_position=93,76990000,Алматы,30 апреля,4355,False,False,True,79103000.0,76 990 000 ₸,2024 - н.в. Z63,Внедорожник,3.5 (бензин),0,Автомат,Полный привод,Слева,Не указан,Да,all,76990000,3.5,Infiniti,2113000.0,No,2,25663333.333333332
Mercedes-benz gle 53 amg 4matic,2019,https://kolesa.kz/a/show/210425685?search_id=f15d0ee53bf495829642add6daa83fa76364d41c&search_type=filter&advert_position=94,84133060,Алматы,30 апреля,5551,False,False,True,79103000.0,84 133 060 ₸,2019 - н.в. V167,Кроссовер,3 (бензин),7,Автомат,Полный привод,Слева,Серый металлик,Да,all,84133060,3.0,Mercedes-benz,-5030060.0,No,7,10516632.5
Land rover defender x-dynamic se,2019,https://kolesa.kz/a/show/212455553?search_id=f15d0ee53bf495829642add6daa83fa76364d41c&search_type=filter&advert_position=95,81180000,Астана,30 апреля,2314,False,False,True,79103000.0,81 180 000 ₸,2019 - н.в. 2 поколение (L663),Внедорожник,3 (бензин),1,Автомат,Полный привод,Слева,Белый,Да,all,81180000,3.0,Land,-2077000.0,No,7,10147500.0
Mercedes-maybach gls 600,2019,https://kolesa.kz/a/show/212071641?search_id=f15d0ee53bf495829642add6daa83fa76364d41c&search_type=filter&advert_position=96,135000000,Алматы,30 апреля,5412,False,False,False,79103000.0,135 000 000 ₸,2019 - н.в. 1 поколение,Внедорожник,4 (гибрид),2000,Автомат,Полный привод,Слева,Черный,Да,all,135000000,4.0,Mercedes-maybach,-55897000.0,No,7,16875000.0
Volkswagen crafter,2016,https://kolesa.kz/a/show/166796887?search_id=f15d0ee53bf495829642add6daa83fa76364d41c&search_type=filter&advert_position=97,64500000,Алматы,30 апреля,8922,False,False,False,79103000.0,64 500 000 ₸,2016 - н.в. 2 поколение,Фургон,2 (дизель),53500,Автомат,Передний привод,Слева,Серый металлик,Да,all,64500000,2.0,Volkswagen,14603000.0,Yes,10,5863636.363636363
Bmw x5 xdrive 40i,2023,https://kolesa.kz/a/show/216241038?search_id=f15d0ee53bf495829642add6daa83fa76364d41c&search_type=filter&advert_position=98,65000000,Астана,30 апреля,717,True,False,False,79103000.0,65 000 000 ₸,2023 - н.в. G05 рестайлинг,Кроссовер,3 (бензин),28,Автомат,Полный привод,Слева,Не указан,Нет,all,65000000,3.0,Bmw,14103000.0,Yes,3,16250000.0
Porsche taycan turbo s,2019,https://kolesa.kz/a/show/209396637?search_id=f15d0ee53bf495829642add6daa83fa76364d41c&search_type=filter&advert_position=99,118900000,Алматы,30 апреля,3392,False,False,True,79103000.0,118 900 000 ₸,2019 - н.в. 1 поколение (Y1A),Седан,Не указан,0,Автомат,Полный привод,Слева,Серый,Да,all,118900000,3.5,Porsche,-39797000.0,No,7,14862500.0
Bmw m3,2020,https://kolesa.kz/a/show/202486679?search_id=f15d0ee53bf495829642add6daa83fa76364d41c&search_type=filter&advert_position=100,85000000,Алматы,30 апреля,1698,False,False,False,79103000.0,85 000 000 ₸,2020 - н.в. G80,Универсал,3 (бензин),8000,Автомат,Полный привод,Слева,Не указан,Да,all,85000000,3.0,Bmw,-5897000.0,No,6,12142857.142857144
Audi rs q8,2019,https://kolesa.kz/a/show/212760175?search_id=2bd2911844d55d246ac40f60706891054ea53e8e&search_type=filter&advert_position=105,120000000,Алматы,30 апреля,5445,False,False,True,79103000.0,120 000 000 ₸,2019 - н.в. 1 поколение (4MN),Внедорожник,4 (бензин),0,Автомат,Полный привод,Слева,Черный,Да,all,120000000,4.0,Audi,-40897000.0,No,7,15000000.0
Infiniti qx80 sensory,2024,https://kolesa.kz/a/show/213371510?search_id=2bd2911844d55d246ac40f60706891054ea53e8e&search_type=filter&advert_position=106,64799000,Алматы,30 апреля,2775,True,False,False,79103000.0,64 799 000 ₸,2024 - н.в. Z63,Внедорожник,3.5 (бензин),0,Автомат,Полный привод,Слева,Белый металлик,Нет,all,64799000,3.5,Infiniti,14304000.0,Yes,2,21599666.666666668
Bmw x5,2018,https://kolesa.kz/a/show/217768681?search_id=2bd2911844d55d246ac40f60706891054ea53e8e&search_type=filter&advert_position=107,69800000,Алматы,30 апреля,886,False,False,False,79103000.0,69 800 000 ₸,2018 - н.в. G05,Кроссовер,4.4 (бензин),4800,Автомат,Полный привод,Слева,Серый,Да,all,69800000,4.4,Bmw,9303000.0,Yes,8,7755555.555555556
Mercedes-benz gls 63 amg,2019,https://kolesa.kz/a/show/217631758?search_id=2bd2911844d55d246ac40f60706891054ea53e8e&search_type=filter&advert_position=108,95000000,Астана,30 апреля,394,False,False,False,79103000.0,95 000 000 ₸,2019 - н.в. X167,Внедорожник,4 (бензин),22000,Автомат,Полный привод,Слева,Черный,Да,all,95000000,4.0,Mercedes-benz,-15897000.0,No,7,11875000.0
Mercedes-benz s 450,2020,https://kolesa.kz/a/show/213653940?search_id=2bd2911844d55d246ac40f60706891054ea53e8e&search_type=filter&advert_position=109,79000000,Алматы,30 апреля,2457,False,False,False,79319000.0,79 000 000 ₸,2020 - н.в. W223,Седан,3 (бензин),27000,Автомат,Полный привод,Слева,Черный металлик,Да,all,79000000,3.0,Mercedes-benz,319000.0,No,6,11285714.285714285
Infiniti qx80,2024,https://kolesa.kz/a/show/218708689?search_id=2bd2911844d55d246ac40f60706891054ea53e8e&search_type=filter&advert_position=110,62500000,Алматы,30 апреля,58,False,False,False,69924000.0,62 500 000 ₸,2024 - н.в. Z63,Внедорожник,3.5 (бензин),24000,Автомат,Полный привод,Слева,Не указан,Да,all,62500000,3.5,Infiniti,7424000.0,Yes,2,20833333.333333332
Cadillac escalade,2020,https://kolesa.kz/a/show/217526242?search_id=2bd2911844d55d246ac40f60706891054ea53e8e&search_type=filter&advert_position=112,62000000,Алматы,30 апреля,393,False,False,False,54294000.0,62 000 000 ₸,2020 - н.в. 5 поколение,Внедорожник,6.2 (бензин),70000,Автомат,Полный привод,Слева,Черный,Да,all,62000000,6.2,Cadillac,-7706000.0,No,6,8857142.857142856
Bmw xm,2022,https://kolesa.kz/a/show/218212831?search_id=2bd2911844d55d246ac40f60706891054ea53e8e&search_type=filter&advert_position=113,115000000,Шымкент,30 апреля,237,False,False,False,96699000.0,115 000 000 ₸,2022 - н.в. 1 поколение,Внедорожник,4.4 (гибрид),9000,Автомат,Полный привод,Слева,Не указан,Да,all,115000000,4.4,Bmw,-18301000.0,No,4,23000000.0
Bmw x5,2024,https://kolesa.kz/a/show/214064151?search_id=2bd2911844d55d246ac40f60706891054ea53e8e&search_type=filter&advert_position=114,77702000,Экибастуз,30 апреля,1613,True,False,False,79103000.0,77 702 000 ₸,,Кроссовер,3 (бензин),0,Автомат,Полный привод,Слева,Не указан,Да,all,77702000,3.0,Bmw,1401000.0,No,2,25900666.666666668
Bmw x7 xdrive 40i,2022,https://kolesa.kz/a/show/212936410?search_id=2bd2911844d55d246ac40f60706891054ea53e8e&search_type=filter&advert_position=115,90138000,Павлодар,30 апреля,3957,False,False,True,79300000.0,90 138 000 ₸,2022 - н.в. G07 рестайлинг,Кроссовер,3 (бензин),0,Автомат,Полный привод,Слева,Не указан,Да,all,90138000,3.0,Bmw,-10838000.0,No,4,18027600.0
Bmw 850,2018,https://kolesa.kz/a/show/218644882?search_id=2bd2911844d55d246ac40f60706891054ea53e8e&search_type=filter&advert_position=116,73000000,Алматы,30 апреля,56,False,False,False,79103000.0,73 000 000 ₸,2018 - н.в. G15,Купе,4.4 (бензин),36000,Автомат,Полный привод,Слева,Голубой,Да,all,73000000,4.4,Bmw,6103000.0,Yes,8,8111111.111111111
Mercedes-benz s 450 4matic,2020,https://kolesa.kz/a/show/164329402?search_id=2bd2911844d55d246ac40f60706891054ea53e8e&search_type=filter&advert_position=117,110000000,Астана,30 апреля,4304,False,False,True,79103000.0,110 000 000 ₸,2020 - н.в. W223,Седан,3 (бензин),0,Автомат,Полный привод,Слева,Коричневый металлик,Да,all,110000000,3.0,Mercedes-benz,-30897000.0,No,6,15714285.714285715
Ford f-series,2020,https://kolesa.kz/a/show/214300093?search_id=2bd2911844d55d246ac40f60706891054ea53e8e&search_type=filter&advert_position=118,60000000,Алматы,30 апреля,403,False,False,False,52843000.0,60 000 000 ₸,2020 - н.в. 14 поколение,Пикап,3.5 (бензин),45000,Автомат,Полный привод,Слева,Красный металлик,Да,all,60000000,3.5,Ford,-7157000.0,No,6,8571428.57142857
Infiniti qx80,2024,https://kolesa.kz/a/show/212197819?search_id=2bd2911844d55d246ac40f60706891054ea53e8e&search_type=filter&advert_position=119,69000000,Астана,30 апреля,3463,True,False,False,79103000.0,69 000 000 ₸,2024 - н.в. Z63,Внедорожник,3.5 (бензин),0,Автомат,Полный привод,Слева,Не указан,Нет,all,69000000,3.5,Infiniti,10103000.0,Yes,2,23000000.0
Mercedes-benz sl 420,2016,https://kolesa.kz/a/show/202674651?search_id=2bd2911844d55d246ac40f60706891054ea53e8e&search_type=filter&advert_position=120,89000000,Алматы,30 апреля,401,False,False,False,79103000.0,89 000 000 ₸,2016 - н.в. R231 рестайлинг,Родстер,2 (бензин),15000,Робот,Задний привод,Слева,Не указан,Да,all,89000000,2.0,Mercedes-benz,-9897000.0,No,10,8090909.090909091
Bmw x7,2022,https://kolesa.kz/a/show/214726674?search_id=290fea5db706b57e9b0a441cf6ffa43bd2144ad2&search_type=filter&advert_position=126,70888888,Алматы,30 апреля,2222,False,False,False,71561000.0,70 888 888 ₸,2022 - н.в. G07 рестайлинг,Кроссовер,3 (бензин),15000,Автомат,Полный привод,Слева,Не указан,Да,all,70888888,3.0,Bmw,672112.0,No,4,14177777.6
Bmw x6 xdrive 40i,2023,https://kolesa.kz/a/show/218050205?search_id=290fea5db706b57e9b0a441cf6ffa43bd2144ad2&search_type=filter&advert_position=127,73869977,Алматы,30 апреля,276,False,False,True,71041000.0,73 869 977 ₸,2023 - н.в. G06 рестайлинг,Кроссовер,3 (бензин),23,Автомат,Полный привод,Слева,Белый металлик,Да,all,73869977,3.0,Bmw,-2828977.0,No,3,18467494.25
Lexus lx 600,2021,https://kolesa.kz/a/show/213947062?search_id=290fea5db706b57e9b0a441cf6ffa43bd2144ad2&search_type=filter&advert_position=128,88000000,Алматы,30 апреля,778,False,False,False,86302000.0,88 000 000 ₸,2021 - н.в. 4 поколение,Внедорожник,3.5 (бензин),500,Автомат,Полный привод,Слева,Черный,Да,all,88000000,3.5,Lexus,-1698000.0,No,5,14666666.666666666
Lexus lx 600,2021,https://kolesa.kz/a/show/218707104?search_id=290fea5db706b57e9b0a441cf6ffa43bd2144ad2&search_type=filter&advert_position=129,84500000,Алматы,30 апреля,25,False,False,False,86302000.0,84 500 000 ₸,2021 - н.в. 4 поколение,Внедорожник,3.5 (бензин),4200,Автомат,Полный привод,Слева,Белый металлик,Да,all,84500000,3.5,Lexus,1802000.0,No,5,14083333.333333334
Lexus lx 600,2021,https://kolesa.kz/a/show/218685333?search_id=290fea5db706b57e9b0a441cf6ffa43bd2144ad2&search_type=filter&advert_position=130,77000000,Алматы,30 апреля,46,False,False,False,79103000.0,77 000 000 ₸,2021 - н.в. 4 поколение,Внедорожник,3.5 (бензин),4000,Автомат,Полный привод,Слева,Серый металлик,Да,all,77000000,3.5,Lexus,2103000.0,No,5,12833333.333333334
Byd yangwang u8,2023,https://kolesa.kz/a/show/218420590?search_id=290fea5db706b57e9b0a441cf6ffa43bd2144ad2&search_type=filter&advert_position=131,65000000,Алматы,30 апреля,178,False,False,False,78071000.0,65 000 000 ₸,2023 - н.в. 1 поколение,Внедорожник,2 (гибрид),29000,Автомат,Полный привод,Слева,Бирюзовый,Да,all,65000000,2.0,Byd,13071000.0,Yes,3,16250000.0
Toyota land cruiser,2021,https://kolesa.kz/a/show/217103021?search_id=290fea5db706b57e9b0a441cf6ffa43bd2144ad2&search_type=filter&advert_position=132,60888888,Алматы,30 апреля,979,False,False,False,60621000.0,60 888 888 ₸,2021 - н.в. J300,Внедорожник,3.5 (бензин),11000,Автомат,Полный привод,Слева,Серый металлик,Да,all,60888888,3.5,Toyota,-267888.0,No,5,10148148.0
Bmw x7 xdrive 40i,2024,https://kolesa.kz/a/show/213945878?search_id=290fea5db706b57e9b0a441cf6ffa43bd2144ad2&search_type=filter&advert_position=133,90138000,Петропавловск,30 апреля,1272,True,False,False,79103000.0,90 138 000 ₸,,Кроссовер,3 (бензин),0,Автомат,Полный привод,Слева,Не указан,Да,all,90138000,3.0,Bmw,-11035000.0,No,2,30046000.0
Land rover range rover se,2021,https://kolesa.kz/a/show/218482581?search_id=290fea5db706b57e9b0a441cf6ffa43bd2144ad2&search_type=filter&advert_position=134,111977000,Алматы,30 апреля,140,True,False,False,79103000.0,111 977 000 ₸,2021 - н.в. 5 поколение,Внедорожник,3 (бензин),20,Автомат,Полный привод,Слева,Зеленый,Да,all,111977000,3.0,Land,-32874000.0,No,5,18662833.333333332
Bmw x6 xdrive 40i,2023,https://kolesa.kz/a/show/210194624?search_id=290fea5db706b57e9b0a441cf6ffa43bd2144ad2&search_type=filter&advert_position=135,67500000,Костанай,30 апреля,810,False,False,True,71041000.0,67 500 000 ₸,2023 - н.в. G06 рестайлинг,Кроссовер,3 (бензин),0,Автомат,Полный привод,Слева,Серый металлик,Да,all,67500000,3.0,Bmw,3541000.0,No,3,16875000.0
Mercedes-benz g 63 amg,2018,https://kolesa.kz/a/show/214344464?search_id=290fea5db706b57e9b0a441cf6ffa43bd2144ad2&search_type=filter&advert_position=136,94000000,Алматы,30 апреля,62,False,False,False,104010000.0,94 000 000 ₸,2018 - н.в. W463,Внедорожник,4 (бензин),20000,Автомат,Полный привод,Слева,Не указан,Да,all,94000000,4.0,Mercedes-benz,10010000.0,Yes,8,10444444.444444444
Mercedes-maybach s 580 4matic,2021,https://kolesa.kz/a/show/174156650?search_id=290fea5db706b57e9b0a441cf6ffa43bd2144ad2&search_type=filter&advert_position=137,155000000,Астана,30 апреля,4425,True,False,False,79103000.0,155 000 000 ₸,2021 - н.в. Z223,Седан,4 (бензин),0,Автомат,Полный привод,Слева,Черный металлик,Да,all,155000000,4.0,Mercedes-maybach,-75897000.0,No,5,25833333.333333332
Mercedes-benz s 63 amg 4matic,2020,https://kolesa.kz/a/show/212859091?search_id=290fea5db706b57e9b0a441cf6ffa43bd2144ad2&search_type=filter&advert_position=138,111999000,Алматы,30 апреля,14517,True,False,False,79103000.0,111 999 000 ₸,2020 - н.в. W223,Седан,4 (гибрид),0,Автомат,Полный привод,Слева,Черный металлик,Да,all,111999000,4.0,Mercedes-benz,-32896000.0,No,6,15999857.142857144
Cadillac escalade,2020,https://kolesa.kz/a/show/215517707?search_id=290fea5db706b57e9b0a441cf6ffa43bd2144ad2&search_type=filter&advert_position=139,75000000,Астана,30 апреля,398,False,True,False,79103000.0,75 000 000 ₸,2020 - н.в. 5 поколение,Внедорожник,6.2 (бензин),3000,Автомат,Полный привод,Слева,Черный металлик,Да,all,75000000,6.2,Cadillac,4103000.0,Yes,6,10714285.714285715
Mercedes-benz g 63 amg,2018,https://kolesa.kz/a/show/217434518?search_id=290fea5db706b57e9b0a441cf6ffa43bd2144ad2&search_type=filter&advert_position=140,90000000,Атырау,30 апреля,934,False,False,False,97925000.0,90 000 000 ₸,2018 - н.в. W463,Внедорожник,4 (бензин),63000,Автомат,Полный привод,Слева,Не указан,Да,all,90000000,4.0,Mercedes-benz,7925000.0,Yes,8,10000000.0
Infiniti qx80 sensory,2024,https://kolesa.kz/a/show/209245150?search_id=c01faf091d829632f9f106b3e41c6db09a3b5e6e&search_type=filter&advert_position=149,76990000,Шымкент,30 апреля,2520,False,False,True,79103000.0,76 990 000 ₸,2024 - н.в. Z63,Внедорожник,3.5 (бензин),0,Автомат,Полный привод,Слева,Не указан,Да,all,76990000,3.5,Infiniti,2113000.0,No,2,25663333.333333332
Bmw x7 xdrive 40i,2022,https://kolesa.kz/a/show/215664886?search_id=c01faf091d829632f9f106b3e41c6db09a3b5e6e&search_type=filter&advert_position=150,80066000,Уральск,30 апреля,350,False,False,True,79300000.0,80 066 000 ₸,2022 - н.в. G07 рестайлинг,Кроссовер,3 (бензин),10,Автомат,Полный привод,Слева,Не указан,Да,all,80066000,3.0,Bmw,-766000.0,No,4,16013200.0
Mercedes-benz gle coupe 63 amg 4matic,2019,https://kolesa.kz/a/show/171777875?search_id=c01faf091d829632f9f106b3e41c6db09a3b5e6e&search_type=filter&advert_position=151,80799000,Алматы,30 апреля,5833,False,False,True,79103000.0,80 799 000 ₸,2019 - н.в. C293,Кроссовер,4 (бензин),15,Автомат,Полный привод,Слева,Черный металлик,Да,all,80799000,4.0,Mercedes-benz,-1696000.0,No,7,10099875.0
Land rover range rover autobiography,2021,https://kolesa.kz/a/show/216356563?search_id=c01faf091d829632f9f106b3e41c6db09a3b5e6e&search_type=filter&advert_position=152,138977000,Павлодар,30 апреля,1125,True,False,False,79103000.0,138 977 000 ₸,2021 - н.в. 5 поколение,Внедорожник,4.4 (бензин),0,Автомат,Полный привод,Слева,Не указан,Да,all,138977000,4.4,Land,-59874000.0,No,5,23162833.333333332
Porsche 911 carrera s,2024,https://kolesa.kz/a/show/214594108?search_id=c01faf091d829632f9f106b3e41c6db09a3b5e6e&search_type=filter&advert_position=153,145260600,Алматы,30 апреля,3015,False,False,True,79103000.0,145 260 600 ₸,2024 - н.в. 992 рестайлинг (992),Купе,3 (бензин),0,Робот,Задний привод,Слева,Серый,Да,all,145260600,3.0,Porsche,-66157600.0,No,2,48420200.0
Audi q8 55 tfsi quattro sport,2018,https://kolesa.kz/a/show/197586210?search_id=c01faf091d829632f9f106b3e41c6db09a3b5e6e&search_type=filter&advert_position=154,63890000,Алматы,30 апреля,2948,False,False,True,79103000.0,63 890 000 ₸,2018 - н.в. 1 поколение (4MN),Кроссовер,3 (бензин),5,Автомат,Полный привод,Слева,Белый,Да,all,63890000,3.0,Audi,15213000.0,Yes,8,7098888.888888889
Lexus gx 550 overtrail,2023,https://kolesa.kz/a/show/210210059?search_id=c01faf091d829632f9f106b3e41c6db09a3b5e6e&search_type=filter&advert_position=155,66190000,Караганда,30 апреля,4459,False,False,True,59305000.0,66 190 000 ₸,2023 - н.в. 3 поколение (J250),Внедорожник,3.4 (бензин),0,Автомат,Полный привод,Слева,Белый металлик,Да,all,66190000,3.4,Lexus,-6885000.0,No,3,16547500.0
Mercedes-benz gls 580,2019,https://kolesa.kz/a/show/213555594?search_id=c01faf091d829632f9f106b3e41c6db09a3b5e6e&search_type=filter&advert_position=156,63000000,Алматы,30 апреля,295,False,False,False,79103000.0,63 000 000 ₸,2019 - н.в. X167,Внедорожник,4 (бензин),77000,Автомат,Полный привод,Слева,Серебристый металлик,Да,all,63000000,4.0,Mercedes-benz,16103000.0,Yes,7,7875000.0
Bmw 740,2022,https://kolesa.kz/a/show/188352941?search_id=c01faf091d829632f9f106b3e41c6db09a3b5e6e&search_type=filter&advert_position=157,68000000,Алматы,30 апреля,634,False,False,False,67508000.0,68 000 000 ₸,2022 - н.в. G70,Седан,3 (бензин),20000,Автомат,Полный привод,Слева,Черный,Да,all,68000000,3.0,Bmw,-492000.0,No,4,13600000.0
Lexus lx 600,2021,https://kolesa.kz/a/show/218210133?search_id=c01faf091d829632f9f106b3e41c6db09a3b5e6e&search_type=filter&advert_position=158,75000000,Кызылорда,30 апреля,199,False,False,False,69560000.0,75 000 000 ₸,2021 - н.в. 4 поколение,Внедорожник,3.5 (бензин),68000,Автомат,Полный привод,Слева,Белый,Да,all,75000000,3.5,Lexus,-5440000.0,No,5,12500000.0
Mercedes-benz gle 63 amg,2019,https://kolesa.kz/a/show/217203484?search_id=c01faf091d829632f9f106b3e41c6db09a3b5e6e&search_type=filter&advert_position=159,79500000,Алматы,30 апреля,932,False,True,False,79103000.0,79 500 000 ₸,2019 - н.в. V167,Кроссовер,4 (бензин),17500,Автомат,Полный привод,Слева,Не указан,Да,all,79500000,4.0,Mercedes-benz,-397000.0,No,7,9937500.0
Tank 700,2023,https://kolesa.kz/a/show/217448489?search_id=c01faf091d829632f9f106b3e41c6db09a3b5e6e&search_type=filter&advert_position=160,63000000,Астана,30 апреля,1477,False,False,False,79103000.0,63 000 000 ₸,2023 - н.в. 1 поколение,Внедорожник,3 (гибрид),888,Автомат,Полный привод,Слева,Черный,Да,all,63000000,3.0,Tank,16103000.0,Yes,3,15750000.0
Land rover range rover sport dynamic se,2022,https://kolesa.kz/a/show/218044320?search_id=84b2cad5949545e6471c1c889abec080d212f66b&search_type=filter&advert_position=166,104171000,Усть-каменогорск,30 апреля,259,True,False,False,79103000.0,104 171 000 ₸,2022 - н.в. 3 поколение,Внедорожник,3 (бензин),20,Автомат,Полный привод,Слева,Черный металлик,Да,all,104171000,3.0,Land,-25068000.0,No,4,20834200.0
Bmw x7,2024,https://kolesa.kz/a/show/217762933?search_id=84b2cad5949545e6471c1c889abec080d212f66b&search_type=filter&advert_position=167,98055641,Шымкент,30 апреля,404,True,False,False,79103000.0,98 055 641 ₸,,Кроссовер,4.4 (бензин),3,Автомат,Полный привод,Слева,Белый,Да,all,98055641,4.4,Bmw,-18952641.0,No,2,32685213.666666668
Toyota land cruiser,2021,https://kolesa.kz/a/show/217706817?search_id=84b2cad5949545e6471c1c889abec080d212f66b&search_type=filter&advert_position=168,71000000,Шымкент,30 апреля,674,False,False,False,79103000.0,71 000 000 ₸,2021 - н.в. J300,Внедорожник,3.5 (гибрид),0,Автомат,Полный привод,Слева,Не указан,Да,all,71000000,3.5,Toyota,8103000.0,Yes,5,11833333.333333334
Lexus lx 600,2021,https://kolesa.kz/a/show/207259193?search_id=84b2cad5949545e6471c1c889abec080d212f66b&search_type=filter&advert_position=169,88000000,Семей,30 апреля,1336,False,False,False,86302000.0,88 000 000 ₸,2021 - н.в. 4 поколение,Внедорожник,3.5 (бензин),2900,Автомат,Полный привод,Слева,Серебристый металлик,Да,all,88000000,3.5,Lexus,-1698000.0,No,5,14666666.666666666
Mercedes-benz eqs suv,2022,https://kolesa.kz/a/show/195893020?search_id=84b2cad5949545e6471c1c889abec080d212f66b&search_type=filter&advert_position=170,93000000,Щучинск,30 апреля,3734,False,False,False,79103000.0,93 000 000 ₸,2022 - н.в. 1 поколение,Кроссовер,Не указан,50,Автомат,Полный привод,Слева,Черный металлик,Да,all,93000000,3.5,Mercedes-benz,-13897000.0,No,4,18600000.0
Mercedes-benz s 400,2020,https://kolesa.kz/a/show/201838428?search_id=84b2cad5949545e6471c1c889abec080d212f66b&search_type=filter&advert_position=171,60000000,Шымкент,30 апреля,197,False,False,False,79103000.0,60 000 000 ₸,2020 - н.в. W223,Седан,2.9 (дизель),71000,Автомат,Полный привод,Слева,Не указан,Да,all,60000000,2.9,Mercedes-benz,19103000.0,Yes,6,8571428.57142857
Lexus lx 600 luxury 7s,2021,https://kolesa.kz/a/show/217091182?search_id=84b2cad5949545e6471c1c889abec080d212f66b&search_type=filter&advert_position=173,64000000,Астана,30 апреля,745,True,False,False,69560000.0,64 000 000 ₸,2021 - н.в. 4 поколение,Внедорожник,3.5 (бензин),89922,Автомат,Полный привод,Слева,Белый,Да,all,64000000,3.5,Lexus,5560000.0,Yes,5,10666666.666666666
Infiniti qx80,2024,https://kolesa.kz/a/show/214043637?search_id=84b2cad5949545e6471c1c889abec080d212f66b&search_type=filter&advert_position=174,76990000,Актобе,30 апреля,1351,False,False,True,79103000.0,76 990 000 ₸,2024 - н.в. Z63,Внедорожник,3.5 (бензин),0,Автомат,Полный привод,Слева,Не указан,Да,all,76990000,3.5,Infiniti,2113000.0,No,2,25663333.333333332
Bmw m5,2024,https://kolesa.kz/a/show/217947250?search_id=84b2cad5949545e6471c1c889abec080d212f66b&search_type=filter&advert_position=175,79000000,Алматы,30 апреля,778,True,False,False,101992000.0,79 000 000 ₸,2024 - н.в. G90,Седан,4.4 (гибрид),0,Автомат,Полный привод,Слева,Не указан,Да,all,79000000,4.4,Bmw,22992000.0,Yes,2,26333333.333333332
Mercedes-benz sl 63 amg,2016,https://kolesa.kz/a/show/217741333?search_id=84b2cad5949545e6471c1c889abec080d212f66b&search_type=filter&advert_position=176,140000000,Алматы,30 апреля,809,True,False,False,79103000.0,140 000 000 ₸,2016 - н.в. R231 рестайлинг,Родстер,5.5 (бензин),500,Автомат,Задний привод,Слева,Не указан,Нет,all,140000000,5.5,Mercedes-benz,-60897000.0,No,10,12727272.727272727
Bmw x6 xdrive 40i,2023,https://kolesa.kz/a/show/209640734?search_id=84b2cad5949545e6471c1c889abec080d212f66b&search_type=filter&advert_position=177,63000000,Алматы,30 апреля,3197,True,False,False,71041000.0,63 000 000 ₸,2023 - н.в. G06 рестайлинг,Кроссовер,3 (бензин),0,Автомат,Полный привод,Слева,Черный,Да,all,63000000,3.0,Bmw,8041000.0,Yes,3,15750000.0
Mercedes-benz g 63 amg,2018,https://kolesa.kz/a/show/218477126?search_id=84b2cad5949545e6471c1c889abec080d212f66b&search_type=filter&advert_position=178,92000000,Алматы,30 апреля,203,False,False,False,104010000.0,92 000 000 ₸,2018 - н.в. W463,Внедорожник,4 (бензин),38000,Автомат,Полный привод,Слева,Черный металлик,Да,all,92000000,4.0,Mercedes-benz,12010000.0,Yes,8,10222222.222222222
Mercedes-benz g 550,2018,https://kolesa.kz/a/show/215478890?search_id=84b2cad5949545e6471c1c889abec080d212f66b&search_type=filter&advert_position=179,110000000,Астана,30 апреля,1699,False,False,False,79103000.0,110 000 000 ₸,2018 - н.в. W463,Внедорожник,4 (бензин),61000,Автомат,Полный привод,Слева,Черный,Да,all,110000000,4.0,Mercedes-benz,-30897000.0,No,8,12222222.222222222
Land rover range rover sport sv,2022,https://kolesa.kz/a/show/218514350?search_id=84b2cad5949545e6471c1c889abec080d212f66b&search_type=filter&advert_position=180,160914000,Алматы,30 апреля,131,True,False,False,79103000.0,160 914 000 ₸,2022 - н.в. 3 поколение,Внедорожник,4.4 (бензин),21,Автомат,Полный привод,Слева,Синий металлик,Да,all,160914000,4.4,Land,-81811000.0,No,4,32182800.0
Infiniti qx80,2024,https://kolesa.kz/a/show/210923705?search_id=9931fd608a35c0a1aa8e30f7dd1aa0c580116ce2&search_type=filter&advert_position=181,69990000,Актау,30 апреля,2679,False,False,True,79103000.0,69 990 000 ₸,2024 - н.в. Z63,Внедорожник,3.5 (бензин),0,Автомат,Полный привод,Слева,Не указан,Да,all,69990000,3.5,Infiniti,9113000.0,Yes,2,23330000.0
Mercedes-benz gle coupe 4matic,2019,https://kolesa.kz/a/show/198800172?search_id=9931fd608a35c0a1aa8e30f7dd1aa0c580116ce2&search_type=filter&advert_position=182,65000000,Алматы,30 апреля,3788,False,False,True,79103000.0,65 000 000 ₸,2019 - н.в. C293,Кроссовер,3 (бензин),0,Автомат,Полный привод,Слева,Зеленый металлик,Да,all,65000000,3.0,Mercedes-benz,14103000.0,Yes,7,8125000.0
Land rover defender x-dynamic se,2019,https://kolesa.kz/a/show/211709461?search_id=9931fd608a35c0a1aa8e30f7dd1aa0c580116ce2&search_type=filter&advert_position=183,81190000,Астана,30 апреля,4310,False,False,True,79103000.0,81 190 000 ₸,2019 - н.в. 2 поколение (L663),Внедорожник,3 (бензин),1,Автомат,Полный привод,Слева,Зеленый металлик,Да,all,81190000,3.0,Land,-2087000.0,No,7,10148750.0
Porsche 911 carrera 4 gts,2024,https://kolesa.kz/a/show/214300927?search_id=9931fd608a35c0a1aa8e30f7dd1aa0c580116ce2&search_type=filter&advert_position=184,165291000,Алматы,30 апреля,4309,False,False,True,79103000.0,165 291 000 ₸,2024 - н.в. 992 рестайлинг (992),Купе,3.6 (гибрид),0,Робот,Полный привод,Слева,Черный металлик,Да,all,165291000,3.6,Porsche,-86188000.0,No,2,55097000.0
Toyota sequoia,2022,https://kolesa.kz/a/show/195775023?search_id=9931fd608a35c0a1aa8e30f7dd1aa0c580116ce2&search_type=filter&advert_position=185,61000000,Атырау,30 апреля,216,False,False,False,58610000.0,61 000 000 ₸,2022 - н.в. 3 поколение,Внедорожник,3.5 (гибрид),45000,Автомат,Полный привод,Слева,Не указан,Да,all,61000000,3.5,Toyota,-2390000.0,No,4,12200000.0
Mercedes-benz cle 53 amg,2023,https://kolesa.kz/a/show/217113344?search_id=9931fd608a35c0a1aa8e30f7dd1aa0c580116ce2&search_type=filter&advert_position=186,75800000,Алматы,30 апреля,508,False,False,False,79103000.0,75 800 000 ₸,2023 - н.в. 1 поколение,Купе,3 (бензин),10000,Автомат,Полный привод,Слева,Жёлтый,Да,all,75800000,3.0,Mercedes-benz,3303000.0,No,3,18950000.0
Mercedes-benz amg gt,2017,https://kolesa.kz/a/show/213236906?search_id=9931fd608a35c0a1aa8e30f7dd1aa0c580116ce2&search_type=filter&advert_position=187,105000000,Алматы,30 апреля,251,False,False,False,79103000.0,105 000 000 ₸,2017 - 2024 1 поколение рестайлинг,Купе,4 (бензин),9400,Робот,Задний привод,Слева,Белый металлик,Да,all,105000000,4.0,Mercedes-benz,-25897000.0,No,9,10500000.0
Land rover defender,2019,https://kolesa.kz/a/show/218225181?search_id=9931fd608a35c0a1aa8e30f7dd1aa0c580116ce2&search_type=filter&advert_position=188,82000000,Алматы,30 апреля,225,False,False,False,63830000.0,82 000 000 ₸,2019 - н.в. 2 поколение (L663),Внедорожник,3 (бензин),25000,Автомат,Полный привод,Слева,Не указан,Да,all,82000000,3.0,Land,-18170000.0,No,7,10250000.0
Jeep wagoneer,2021,https://kolesa.kz/a/show/218178244?search_id=9931fd608a35c0a1aa8e30f7dd1aa0c580116ce2&search_type=filter&advert_position=189,65000000,Алматы,30 апреля,145,False,False,False,79103000.0,65 000 000 ₸,2021 - н.в. WS,Внедорожник,6.4 (бензин),66000,Автомат,Полный привод,Слева,Не указан,Да,all,65000000,6.4,Jeep,14103000.0,Yes,5,10833333.333333334
Land rover range rover sport,2022,https://kolesa.kz/a/show/215614567?search_id=9931fd608a35c0a1aa8e30f7dd1aa0c580116ce2&search_type=filter&advert_position=190,68400000,Алматы,30 апреля,1396,False,True,False,71247000.0,68 400 000 ₸,2022 - н.в. 3 поколение,Внедорожник,3 (бензин),21140,Автомат,Полный привод,Слева,Не указан,Да,all,68400000,3.0,Land,2847000.0,No,4,13680000.0
Bmw x7,2022,https://kolesa.kz/a/show/206049475?search_id=9931fd608a35c0a1aa8e30f7dd1aa0c580116ce2&search_type=filter&advert_position=191,66000000,Алматы,30 апреля,210,False,False,False,71561000.0,66 000 000 ₸,2022 - н.в. G07 рестайлинг,Кроссовер,3 (бензин),59000,Автомат,Полный привод,Слева,Серый металлик,Да,all,66000000,3.0,Bmw,5561000.0,Yes,4,13200000.0
Porsche taycan,2019,https://kolesa.kz/a/show/217337615?search_id=9931fd608a35c0a1aa8e30f7dd1aa0c580116ce2&search_type=filter&advert_position=192,63000000,Алматы,30 апреля,336,False,False,False,79103000.0,63 000 000 ₸,2019 - н.в. 1 поколение (Y1A),Седан,Не указан,5000,Автомат,Полный привод,Слева,Бордовый,Да,all,63000000,3.5,Porsche,16103000.0,Yes,7,7875000.0
Mercedes-benz amg gt,2017,https://kolesa.kz/a/show/181663493?search_id=9931fd608a35c0a1aa8e30f7dd1aa0c580116ce2&search_type=filter&advert_position=193,70000000,Астана,30 апреля,226,False,False,False,66800000.0,70 000 000 ₸,2017 - 2024 1 поколение рестайлинг,Лифтбек,4 (бензин),33500,Робот,Полный привод,Слева,Черный,Да,all,70000000,4.0,Mercedes-benz,-3200000.0,No,9,7000000.0
Porsche cayenne coupe,2017,https://kolesa.kz/a/show/215717853?search_id=9931fd608a35c0a1aa8e30f7dd1aa0c580116ce2&search_type=filter&advert_position=194,65000000,Астана,30 апреля,37,False,False,False,79103000.0,65 000 000 ₸,2017 - 2023 3 поколение (9YB),Кроссовер,4 (бензин),18000,Автомат,Полный привод,Слева,Черный,Да,all,65000000,4.0,Porsche,14103000.0,Yes,9,6500000.0
Mercedes-benz v 300 exclusive,2014,https://kolesa.kz/a/show/129056025?search_id=9931fd608a35c0a1aa8e30f7dd1aa0c580116ce2&search_type=filter&advert_position=195,75000000,Астана,30 апреля,3315,False,False,True,79103000.0,75 000 000 ₸,2014 - н.в. W447,Минивэн,2 (дизель),0,Автомат,Полный привод,Слева,Черный металлик,Нет,all,75000000,2.0,Mercedes-benz,4103000.0,Yes,12,5769230.769230769
Toyota sequoia,2022,https://kolesa.kz/a/show/218388023?search_id=9931fd608a35c0a1aa8e30f7dd1aa0c580116ce2&search_type=filter&advert_position=196,60000000,Семей,30 апреля,126,False,False,False,58610000.0,60 000 000 ₸,2022 - н.в. 3 поколение,Внедорожник,3.5 (гибрид),8932,Автомат,Полный привод,Слева,Белый металлик,Да,all,60000000,3.5,Toyota,-1390000.0,No,4,12000000.0
Mclaren 570s,2015,https://kolesa.kz/a/show/217318295?search_id=9931fd608a35c0a1aa8e30f7dd1aa0c580116ce2&search_type=filter&advert_position=197,125000000,Алматы,30 апреля,1545,False,False,False,79103000.0,125 000 000 ₸,2015 - 2021 1 поколение,Купе,3.8 (бензин),39000,Робот,Задний привод,Слева,Не указан,Да,all,125000000,3.8,Mclaren,-45897000.0,No,11,10416666.666666666
Land rover range rover sport dynamic se,2022,https://kolesa.kz/a/show/218041801?search_id=9931fd608a35c0a1aa8e30f7dd1aa0c580116ce2&search_type=filter&advert_position=198,104171000,Шымкент,30 апреля,311,True,False,False,79103000.0,104 171 000 ₸,2022 - н.в. 3 поколение,Внедорожник,3 (бензин),20,Автомат,Полный привод,Слева,Черный металлик,Да,all,104171000,3.0,Land,-25068000.0,No,4,20834200.0
Lexus lx 600,2021,https://kolesa.kz/a/show/218405980?search_id=9931fd608a35c0a1aa8e30f7dd1aa0c580116ce2&search_type=filter&advert_position=199,90000000,Астана,30 апреля,262,False,False,False,79103000.0,90 000 000 ₸,2021 - н.в. 4 поколение,Внедорожник,3.5 (бензин),0,Автомат,Полный привод,Слева,Белый металлик,Да,all,90000000,3.5,Lexus,-10897000.0,No,5,15000000.0
Bmw 850,2018,https://kolesa.kz/a/show/217860594?search_id=9931fd608a35c0a1aa8e30f7dd1aa0c580116ce2&search_type=filter&advert_position=200,67000000,Караганда,30 апреля,218,False,False,False,79103000.0,67 000 000 ₸,2018 - н.в. G15,Седан,4.4 (бензин),17500,Автомат,Полный привод,Слева,Белый,Да,all,67000000,4.4,Bmw,12103000.0,Yes,8,7444444.444444444
Bmw x5 xdrive 40i,2023,https://kolesa.kz/a/show/217092561?search_id=69a4bc3caa9c486658dfc3910d455105b1255d58&search_type=filter&advert_position=203,66000000,Алматы,30 апреля,236,True,False,False,59457000.0,66 000 000 ₸,2023 - н.в. G05 рестайлинг,Кроссовер,3 (бензин),18577,Автомат,Полный привод,Слева,Черный,Да,all,66000000,3.0,Bmw,-6543000.0,No,3,16500000.0
Bmw x5 xdrive 40i,2023,https://kolesa.kz/a/show/215576457?search_id=69a4bc3caa9c486658dfc3910d455105b1255d58&search_type=filter&advert_position=204,72248000,Уральск,30 апреля,384,False,False,True,65066000.0,72 248 000 ₸,2023 - н.в. G05 рестайлинг,Кроссовер,3 (бензин),10,Автомат,Полный привод,Слева,Не указан,Да,all,72248000,3.0,Bmw,-7182000.0,No,3,18062000.0
Cadillac escalade,2020,https://kolesa.kz/a/show/218547804?search_id=69a4bc3caa9c486658dfc3910d455105b1255d58&search_type=filter&advert_position=205,68000000,Алматы,30 апреля,260,False,True,False,61959000.0,68 000 000 ₸,2020 - н.в. 5 поколение,Внедорожник,6.2 (бензин),15000,Автомат,Полный привод,Слева,Черный,Да,all,68000000,6.2,Cadillac,-6041000.0,No,6,9714285.714285715
Bmw x7 xdrive 40i,2022,https://kolesa.kz/a/show/217272999?search_id=69a4bc3caa9c486658dfc3910d455105b1255d58&search_type=filter&advert_position=206,78350515,Астана,30 апреля,448,True,False,False,79300000.0,78 350 515 ₸,2022 - н.в. G07 рестайлинг,Кроссовер,3 (бензин),2691,Автомат,Полный привод,Слева,Серый,Да,all,78350515,3.0,Bmw,949485.0,No,4,15670103.0
Mercedes-benz g 63 amg,2018,https://kolesa.kz/a/show/217016748?search_id=69a4bc3caa9c486658dfc3910d455105b1255d58&search_type=filter&advert_position=207,100000000,Алматы,30 апреля,933,False,False,False,92185000.0,100 000 000 ₸,2018 - н.в. W463,Внедорожник,4 (бензин),50000,Автомат,Полный привод,Слева,Черный,Да,all,100000000,4.0,Mercedes-benz,-7815000.0,No,8,11111111.111111112
Land rover range rover autobiography,2021,https://kolesa.kz/a/show/218470473?search_id=69a4bc3caa9c486658dfc3910d455105b1255d58&search_type=filter&advert_position=208,139273000,Алматы,30 апреля,137,True,False,False,79103000.0,139 273 000 ₸,2021 - н.в. 5 поколение,Внедорожник,4.4 (бензин),20,Автомат,Полный привод,Слева,Золотистый металлик,Да,all,139273000,4.4,Land,-60170000.0,No,5,23212166.666666668
Infiniti qx80,2024,https://kolesa.kz/a/show/209495326?search_id=69a4bc3caa9c486658dfc3910d455105b1255d58&search_type=filter&advert_position=209,76990000,Атырау,30 апреля,2175,False,False,True,79103000.0,76 990 000 ₸,2024 - н.в. Z63,Внедорожник,3.5 (бензин),0,Автомат,Полный привод,Слева,Не указан,Да,all,76990000,3.5,Infiniti,2113000.0,No,2,25663333.333333332
Mercedes-benz gle 450 4matic,2019,https://kolesa.kz/a/show/215862894?search_id=69a4bc3caa9c486658dfc3910d455105b1255d58&search_type=filter&advert_position=210,70836560,Алматы,30 апреля,1261,False,False,True,79103000.0,70 836 560 ₸,2019 - н.в. V167,Кроссовер,3 (бензин),9,Автомат,Полный привод,Слева,Белый металлик,Да,all,70836560,3.0,Mercedes-benz,8266440.0,Yes,7,8854570.0
Mercedes-benz eqe suv,2022,https://kolesa.kz/a/show/213114735?search_id=69a4bc3caa9c486658dfc3910d455105b1255d58&search_type=filter&advert_position=211,63899000,Алматы,30 апреля,1790,False,False,True,79103000.0,63 899 000 ₸,2022 - н.в. 1 поколение,Внедорожник,Не указан,0,Автомат,Полный привод,Слева,Коричневый металлик,Да,all,63899000,3.5,Mercedes-benz,15204000.0,Yes,4,12779800.0
Porsche 911 carrera,2018,https://kolesa.kz/a/show/217640708?search_id=69a4bc3caa9c486658dfc3910d455105b1255d58&search_type=filter&advert_position=212,79900000,Алматы,30 апреля,990,True,False,False,79103000.0,79 900 000 ₸,2018 - н.в. 992,Кабриолет,3 (бензин),0,Робот,Задний привод,Слева,Не указан,Нет,all,79900000,3.0,Porsche,-797000.0,No,8,8877777.777777778
Mercedes-benz g 63 amg 4matic,2018,https://kolesa.kz/a/show/217931880?search_id=69a4bc3caa9c486658dfc3910d455105b1255d58&search_type=filter&advert_position=213,71000000,Астана,30 апреля,873,True,False,False,79103000.0,71 000 000 ₸,2018 - н.в. W463,Внедорожник,4 (бензин),0,Автомат,Полный привод,Слева,Не указан,Нет,all,71000000,4.0,Mercedes-benz,8103000.0,Yes,8,7888888.888888889
Bmw x7 xdrive 40i,2022,https://kolesa.kz/a/show/214307116?search_id=69a4bc3caa9c486658dfc3910d455105b1255d58&search_type=filter&advert_position=214,76050000,Астана,30 апреля,2633,True,False,False,79300000.0,76 050 000 ₸,2022 - н.в. G07 рестайлинг,Кроссовер,3 (бензин),0,Автомат,Полный привод,Слева,Не указан,Да,all,76050000,3.0,Bmw,3250000.0,No,4,15210000.0
Porsche cayenne coupe gts,2023,https://kolesa.kz/a/show/216624332?search_id=69a4bc3caa9c486658dfc3910d455105b1255d58&search_type=filter&advert_position=215,119925000,Алматы,30 апреля,344,False,False,True,79103000.0,119 925 000 ₸,2023 - н.в. 3 поколение рестайлинг (9YB),Кроссовер,4 (бензин),0,Автомат,Полный привод,Слева,Белый,Да,all,119925000,4.0,Porsche,-40822000.0,No,3,29981250.0
Bmw xm 50e,2022,https://kolesa.kz/a/show/216363242?search_id=69a4bc3caa9c486658dfc3910d455105b1255d58&search_type=filter&advert_position=216,102271014,Алматы,30 апреля,1562,False,False,True,79103000.0,102 271 014 ₸,2022 - н.в. 1 поколение,Внедорожник,3 (гибрид),0,Автомат,Полный привод,Слева,Черный металлик,Да,all,102271014,3.0,Bmw,-23168014.0,No,4,20454202.8
Bmw i7,2022,https://kolesa.kz/a/show/218615983?search_id=69a4bc3caa9c486658dfc3910d455105b1255d58&search_type=filter&advert_position=217,80000000,Алматы,30 апреля,30,False,False,False,79103000.0,80 000 000 ₸,2022 - н.в. 1 поколение,Седан,Не указан,11600,Автомат,Полный привод,Слева,Не указан,Да,all,80000000,3.5,Bmw,-897000.0,No,4,16000000.0
Mercedes-benz gle coupe 53 amg 4matic,2019,https://kolesa.kz/a/show/218587881?search_id=69a4bc3caa9c486658dfc3910d455105b1255d58&search_type=filter&advert_position=218,68000000,Алматы,30 апреля,53,True,False,False,79103000.0,68 000 000 ₸,2019 - н.в. C293,Кроссовер,3 (бензин),25,Автомат,Полный привод,Слева,Не указан,Нет,all,68000000,3.0,Mercedes-benz,11103000.0,Yes,7,8500000.0
Land rover defender x-dynamic se,2019,https://kolesa.kz/a/show/211009116?search_id=69a4bc3caa9c486658dfc3910d455105b1255d58&search_type=filter&advert_position=219,82151000,Астана,30 апреля,303,False,False,True,79103000.0,82 151 000 ₸,2019 - н.в. 2 поколение (L663),Внедорожник,3 (бензин),5,Автомат,Полный привод,Слева,Черный металлик,Да,all,82151000,3.0,Land,-3048000.0,No,7,10268875.0
Mercedes-benz v 300 d avantgarde,2014,https://kolesa.kz/a/show/129055877?search_id=69a4bc3caa9c486658dfc3910d455105b1255d58&search_type=filter&advert_position=220,85000000,Астана,30 апреля,3498,True,False,False,79103000.0,85 000 000 ₸,2014 - н.в. W447,Минивэн,2 (дизель),0,Автомат,Полный привод,Слева,Черный металлик,Да,all,85000000,2.0,Mercedes-benz,-5897000.0,No,12,6538461.538461538
Bmw 530 xdrive,2023,https://kolesa.kz/a/show/218362764?search_id=13d1fe968609c19132cfaed18be1d3e77ae9a937&search_type=filter&advert_position=226,66623974,Астана,30 апреля,177,False,False,True,79103000.0,66 623 974 ₸,2023 - н.в. G60,Седан,2 (бензин),0,Автомат,Полный привод,Слева,Не указан,Да,all,66623974,2.0,Bmw,12479026.0,Yes,3,16655993.5
Bmw 530 xdrive,2023,https://kolesa.kz/a/show/218362580?search_id=13d1fe968609c19132cfaed18be1d3e77ae9a937&search_type=filter&advert_position=227,69506904,Астана,30 апреля,155,False,False,True,79103000.0,69 506 904 ₸,2023 - н.в. G60,Седан,2 (бензин),0,Автомат,Полный привод,Слева,Не указан,Да,all,69506904,2.0,Bmw,9596096.0,Yes,3,17376726.0
Bmw 530 xdrive,2023,https://kolesa.kz/a/show/218362247?search_id=13d1fe968609c19132cfaed18be1d3e77ae9a937&search_type=filter&advert_position=228,68111229,Астана,30 апреля,115,False,False,True,79103000.0,68 111 229 ₸,2023 - н.в. G60,Седан,2 (бензин),0,Автомат,Полный привод,Слева,Не указан,Да,all,68111229,2.0,Bmw,10991771.0,Yes,3,17027807.25
Ford f-series,2020,https://kolesa.kz/a/show/203436180?search_id=13d1fe968609c19132cfaed18be1d3e77ae9a937&search_type=filter&advert_position=229,69000000,Астана,30 апреля,211,False,False,False,79103000.0,69 000 000 ₸,2020 - н.в. 14 поколение,Пикап,3.5 (бензин),40000,Автомат,Полный привод,Слева,Не указан,Да,all,69000000,3.5,Ford,10103000.0,Yes,6,9857142.857142856
Bmw x7,2022,https://kolesa.kz/a/show/218437925?search_id=13d1fe968609c19132cfaed18be1d3e77ae9a937&search_type=filter&advert_position=230,65000000,Астана,30 апреля,118,False,False,False,61285000.0,65 000 000 ₸,2022 - н.в. G07 рестайлинг,Кроссовер,3 (бензин),40000,Автомат,Полный привод,Слева,Не указан,Да,all,65000000,3.0,Bmw,-3715000.0,No,4,13000000.0
Bmw x7,2022,https://kolesa.kz/a/show/208801795?search_id=13d1fe968609c19132cfaed18be1d3e77ae9a937&search_type=filter&advert_position=231,62000000,Астана,30 апреля,9313,False,False,False,79300000.0,62 000 000 ₸,2022 - н.в. G07 рестайлинг,Кроссовер,3 (бензин),9000,Автомат,Полный привод,Слева,Не указан,Да,all,62000000,3.0,Bmw,17300000.0,Yes,4,12400000.0
Toyota land cruiser,2021,https://kolesa.kz/a/show/218133066?search_id=13d1fe968609c19132cfaed18be1d3e77ae9a937&search_type=filter&advert_position=232,70000000,Астана,30 апреля,397,False,False,False,67236000.0,70 000 000 ₸,2021 - н.в. J300,Внедорожник,3.5 (бензин),8000,Автомат,Полный привод,Слева,Не указан,Да,all,70000000,3.5,Toyota,-2764000.0,No,5,11666666.666666666
Land rover range rover sport dynamic hse,2022,https://kolesa.kz/a/show/217409491?search_id=13d1fe968609c19132cfaed18be1d3e77ae9a937&search_type=filter&advert_position=233,111398000,Шымкент,30 апреля,337,True,False,False,79103000.0,111 398 000 ₸,2022 - н.в. 3 поколение,Внедорожник,3 (бензин),20,Автомат,Полный привод,Слева,Серый,Да,all,111398000,3.0,Land,-32295000.0,No,4,22279600.0
Toyota sequoia,2022,https://kolesa.kz/a/show/216602818?search_id=13d1fe968609c19132cfaed18be1d3e77ae9a937&search_type=filter&advert_position=234,65100000,Алматы,30 апреля,1648,True,False,False,79103000.0,65 100 000 ₸,2022 - н.в. 3 поколение,Внедорожник,3.5 (гибрид),0,Автомат,Полный привод,Слева,Не указан,Нет,all,65100000,3.5,Toyota,14003000.0,Yes,4,13020000.0
Mercedes-benz g 500 4matic,2024,https://kolesa.kz/a/show/186323245?search_id=13d1fe968609c19132cfaed18be1d3e77ae9a937&search_type=filter&advert_position=235,157000000,Астана,30 апреля,6954,False,False,True,79103000.0,157 000 000 ₸,2024 - н.в. W465 рестайлинг,Внедорожник,3 (бензин),0,Автомат,Полный привод,Слева,Серый металлик,Да,all,157000000,3.0,Mercedes-benz,-77897000.0,No,2,52333333.333333336
Bmw x5 m60i,2024,https://kolesa.kz/a/show/217762992?search_id=13d1fe968609c19132cfaed18be1d3e77ae9a937&search_type=filter&advert_position=236,87889724,Шымкент,30 апреля,257,True,False,False,79103000.0,87 889 724 ₸,,Кроссовер,4.4 (бензин),2,Автомат,Полный привод,Слева,Синий,Да,all,87889724,4.4,Bmw,-8786724.0,No,2,29296574.666666668
Land rover range rover autobiography,2021,https://kolesa.kz/a/show/212840249?search_id=13d1fe968609c19132cfaed18be1d3e77ae9a937&search_type=filter&advert_position=237,109000000,Алматы,30 апреля,447,True,False,False,135040000.0,109 000 000 ₸,2021 - н.в. 5 поколение,Внедорожник,4.4 (бензин),0,Автомат,Полный привод,Слева,Белый,Да,all,109000000,4.4,Land,26040000.0,Yes,5,18166666.666666668
Bmw x5 m,2019,https://kolesa.kz/a/show/217119624?search_id=13d1fe968609c19132cfaed18be1d3e77ae9a937&search_type=filter&advert_position=238,60000000,Астана,30 апреля,750,False,False,False,62482000.0,60 000 000 ₸,2019 - н.в. F95,Кроссовер,4.4 (бензин),39000,Автомат,Полный привод,Слева,Не указан,Да,all,60000000,4.4,Bmw,2482000.0,No,7,7500000.0
Mercedes-benz g 63 amg,2018,https://kolesa.kz/a/show/208797742?search_id=13d1fe968609c19132cfaed18be1d3e77ae9a937&search_type=filter&advert_position=239,131000000,Астана,30 апреля,6506,False,False,False,193829000.0,131 000 000 ₸,2018 - н.в. W463,Внедорожник,4 (бензин),0,Автомат,Полный привод,Слева,Не указан,Да,all,131000000,4.0,Mercedes-benz,62829000.0,Yes,8,14555555.555555556
Bmw x5 xdrive 40i,2023,https://kolesa.kz/a/show/218362077?search_id=13d1fe968609c19132cfaed18be1d3e77ae9a937&search_type=filter&advert_position=240,75417397,Астана,30 апреля,166,False,False,True,65066000.0,75 417 397 ₸,2023 - н.в. G05 рестайлинг,Кроссовер,3 (бензин),0,Автомат,Полный привод,Слева,Не указан,Да,all,75417397,3.0,Bmw,-10351397.0,No,3,18854349.25
Mercedes-benz s 580,2026,https://kolesa.kz/a/show/218230039?search_id=426ce9be46fcc6b33c4aed37bfb918622d01db9c&search_type=filter&advert_position=243,92000000,Алматы,30 апреля,191,False,False,False,79103000.0,92 000 000 ₸,2026 - н.в. W223 рестайлинг,Седан,4 (бензин),3,Автомат,Полный привод,Слева,Черный,Да,all,92000000,4.0,Mercedes-benz,-12897000.0,No,0,92000000.0
Genesis gv80 coupe 35t,2023,https://kolesa.kz/a/show/214047996?search_id=426ce9be46fcc6b33c4aed37bfb918622d01db9c&search_type=filter&advert_position=244,62016669,Астана,30 апреля,2725,False,False,True,79103000.0,62 016 669 ₸,2023 - н.в. 1 поколение,Кроссовер,3.5 (бензин),0,Автомат,Полный привод,Слева,Черный,Да,all,62016669,3.5,Genesis,17086331.0,Yes,3,15504167.25
Land rover range rover autobiography,2021,https://kolesa.kz/a/show/218473468?search_id=426ce9be46fcc6b33c4aed37bfb918622d01db9c&search_type=filter&advert_position=245,144946000,Алматы,30 апреля,193,True,False,False,79103000.0,144 946 000 ₸,2021 - н.в. 5 поколение,Внедорожник,4.4 (бензин),20,Автомат,Полный привод,Слева,Зеленый металлик,Да,all,144946000,4.4,Land,-65843000.0,No,5,24157666.666666668
Land rover range rover,2021,https://kolesa.kz/a/show/208793408?search_id=426ce9be46fcc6b33c4aed37bfb918622d01db9c&search_type=filter&advert_position=246,102000000,Астана,30 апреля,5355,False,False,False,135040000.0,102 000 000 ₸,2021 - н.в. 5 поколение,Внедорожник,4.4 (бензин),11000,Автомат,Полный привод,Слева,Не указан,Да,all,102000000,4.4,Land,33040000.0,Yes,5,17000000.0
Mercedes-benz gls 63 amg,2019,https://kolesa.kz/a/show/199757891?search_id=426ce9be46fcc6b33c4aed37bfb918622d01db9c&search_type=filter&advert_position=247,67500000,Алматы,30 апреля,37889,False,True,False,79103000.0,67 500 000 ₸,2019 - н.в. X167,Внедорожник,4 (бензин),35000,Автомат,Полный привод,Слева,Черный металлик,Да,all,67500000,4.0,Mercedes-benz,11603000.0,Yes,7,8437500.0
Infiniti qx80,2024,https://kolesa.kz/a/show/210922881?search_id=426ce9be46fcc6b33c4aed37bfb918622d01db9c&search_type=filter&advert_position=248,69900000,Алматы,30 апреля,3060,False,False,True,79103000.0,69 900 000 ₸,2024 - н.в. Z63,Внедорожник,3.5 (бензин),0,Автомат,Полный привод,Слева,Не указан,Да,all,69900000,3.5,Infiniti,9203000.0,Yes,2,23300000.0
Bmw x6 xdrive 40i,2023,https://kolesa.kz/a/show/215570124?search_id=426ce9be46fcc6b33c4aed37bfb918622d01db9c&search_type=filter&advert_position=249,74127000,Уральск,30 апреля,96,False,False,True,71041000.0,74 127 000 ₸,2023 - н.в. G06 рестайлинг,Кроссовер,3 (бензин),13,Автомат,Полный привод,Слева,Не указан,Да,all,74127000,3.0,Bmw,-3086000.0,No,3,18531750.0
Mercedes-benz eqs suv,2022,https://kolesa.kz/a/show/210254700?search_id=426ce9be46fcc6b33c4aed37bfb918622d01db9c&search_type=filter&advert_position=250,95049240,Алматы,30 апреля,3081,False,False,True,79103000.0,95 049 240 ₸,2022 - н.в. 1 поколение,Кроссовер,Не указан,6,Автомат,Полный привод,Слева,Синий металлик,Да,all,95049240,3.5,Mercedes-benz,-15946240.0,No,4,19009848.0
Bmw x7,2022,https://kolesa.kz/a/show/218670955?search_id=426ce9be46fcc6b33c4aed37bfb918622d01db9c&search_type=filter&advert_position=251,60000000,Алматы,30 апреля,59,False,False,False,79103000.0,60 000 000 ₸,2022 - н.в. G07 рестайлинг,Кроссовер,3 (бензин),80000,Автомат,Полный привод,Слева,Серебристый,Нет,all,60000000,3.0,Bmw,19103000.0,Yes,4,12000000.0
Lamborghini urus,2017,https://kolesa.kz/a/show/218583592?search_id=426ce9be46fcc6b33c4aed37bfb918622d01db9c&search_type=filter&advert_position=252,125000000,Алматы,30 апреля,81,True,False,False,79103000.0,125 000 000 ₸,2017 - н.в. 1 поколение,Кроссовер,4 (бензин),0,Автомат,Полный привод,Слева,Не указан,Нет,all,125000000,4.0,Lamborghini,-45897000.0,No,9,12500000.0
Bmw x7 xdrive 40i,2022,https://kolesa.kz/a/show/212754664?search_id=426ce9be46fcc6b33c4aed37bfb918622d01db9c&search_type=filter&advert_position=253,61000000,Алматы,30 апреля,4961,True,False,False,79103000.0,61 000 000 ₸,2022 - н.в. G07 рестайлинг,Кроссовер,3 (бензин),0,Автомат,Полный привод,Слева,Не указан,Нет,all,61000000,3.0,Bmw,18103000.0,Yes,4,12200000.0
Land rover range rover hse,2021,https://kolesa.kz/a/show/218588619?search_id=426ce9be46fcc6b33c4aed37bfb918622d01db9c&search_type=filter&advert_position=254,118329000,Алматы,30 апреля,84,True,False,False,79103000.0,118 329 000 ₸,2021 - н.в. 5 поколение,Внедорожник,3 (бензин),20,Автомат,Полный привод,Слева,Зеленый металлик,Да,all,118329000,3.0,Land,-39226000.0,No,5,19721500.0
Porsche taycan gts,2019,https://kolesa.kz/a/show/209395930?search_id=426ce9be46fcc6b33c4aed37bfb918622d01db9c&search_type=filter&advert_position=255,95900000,Алматы,30 апреля,2586,False,False,True,79103000.0,95 900 000 ₸,2019 - н.в. 1 поколение (Y1A),Седан,Не указан,0,Автомат,Полный привод,Слева,Синий,Да,all,95900000,3.5,Porsche,-16797000.0,No,7,11987500.0
Lexus lx 600 vip black edition,2021,https://kolesa.kz/a/show/210988953?search_id=426ce9be46fcc6b33c4aed37bfb918622d01db9c&search_type=filter&advert_position=256,94230500,Актобе,30 апреля,625,True,False,False,86302000.0,94 230 500 ₸,2021 - н.в. 4 поколение,Внедорожник,3.5 (бензин),0,Автомат,Полный привод,Слева,Не указан,Да,all,94230500,3.5,Lexus,-7928500.0,No,5,15705083.333333334
Infiniti qx80 autograph,2024,https://kolesa.kz/a/show/209675452?search_id=426ce9be46fcc6b33c4aed37bfb918622d01db9c&search_type=filter&advert_position=258,61542000,Алматы,30 апреля,3469,True,False,False,69924000.0,61 542 000 ₸,2024 - н.в. Z63,Внедорожник,3.5 (бензин),13394,Автомат,Полный привод,Слева,Белый металлик,Да,all,61542000,3.5,Infiniti,8382000.0,Yes,2,20514000.0
Maserati grancabrio trofeo,2024,https://kolesa.kz/a/show/174285076?search_id=426ce9be46fcc6b33c4aed37bfb918622d01db9c&search_type=filter&advert_position=259,131400000,Астана,30 апреля,4880,True,False,False,79103000.0,131 400 000 ₸,2024 - н.в. 2 поколение,Кабриолет,3 (бензин),0,Автомат,Задний привод,Слева,Белый металлик,Да,all,131400000,3.0,Maserati,-52297000.0,No,2,43800000.0
Mercedes-benz g 63 amg 4matic,2018,https://kolesa.kz/a/show/215149233?search_id=426ce9be46fcc6b33c4aed37bfb918622d01db9c&search_type=filter&advert_position=260,192000000,Шымкент,30 апреля,2391,False,False,True,79103000.0,192 000 000 ₸,2018 - н.в. W463,Внедорожник,4 (бензин),26,Автомат,Полный привод,Слева,Черный металлик,Да,all,192000000,4.0,Mercedes-benz,-112897000.0,No,8,21333333.333333332
Mercedes-benz gle coupe 4matic,2019,https://kolesa.kz/a/show/209258422?search_id=b3acb23580b69474b476b73ebe863e5afa3af34e&search_type=filter&advert_position=262,74200000,Астана,30 апреля,1223,False,False,True,79103000.0,74 200 000 ₸,2019 - н.в. C293,Кроссовер,3 (бензин),26,Автомат,Полный привод,Слева,Черный металлик,Да,all,74200000,3.0,Mercedes-benz,4903000.0,Yes,7,9275000.0
Mercedes-benz g 63 amg 4matic,2018,https://kolesa.kz/a/show/190251158?search_id=b3acb23580b69474b476b73ebe863e5afa3af34e&search_type=filter&advert_position=263,159900000,Алматы,30 апреля,4501,False,False,True,146412000.0,159 900 000 ₸,2018 - н.в. W463,Внедорожник,4 (бензин),26,Автомат,Полный привод,Слева,Коричневый металлик,Да,all,159900000,4.0,Mercedes-benz,-13488000.0,No,8,17766666.666666668
Lincoln navigator,2017,https://kolesa.kz/a/show/217005318?search_id=b3acb23580b69474b476b73ebe863e5afa3af34e&search_type=filter&advert_position=264,82000000,Алматы,30 апреля,756,True,False,False,79103000.0,82 000 000 ₸,2017 - н.в. 4 поколение,Внедорожник,3.5 (бензин),0,Автомат,Полный привод,Слева,Не указан,Да,all,82000000,3.5,Lincoln,-2897000.0,No,9,8200000.0
Nissan patrol platinum city,2024,https://kolesa.kz/a/show/216193795?search_id=b3acb23580b69474b476b73ebe863e5afa3af34e&search_type=filter&advert_position=265,61900000,Алматы,30 апреля,2213,False,True,False,79103000.0,61 900 000 ₸,2024 - н.в. Y63,Внедорожник,3.5 (бензин),0,Автомат,Полный привод,Слева,Черный металлик,Да,all,61900000,3.5,Nissan,17203000.0,Yes,2,20633333.333333332
Lexus lx 700h f sport,2021,https://kolesa.kz/a/show/202869684?search_id=b3acb23580b69474b476b73ebe863e5afa3af34e&search_type=filter&advert_position=266,108500000,Алматы,30 апреля,7192,True,False,False,79103000.0,108 500 000 ₸,2021 - н.в. 4 поколение,Внедорожник,3.4 (бензин),0,Автомат,Полный привод,Слева,Не указан,Да,all,108500000,3.4,Lexus,-29397000.0,No,5,18083333.333333332
Lexus lx 700h luxury,2021,https://kolesa.kz/a/show/218587884?search_id=b3acb23580b69474b476b73ebe863e5afa3af34e&search_type=filter&advert_position=267,91500000,Алматы,30 апреля,108,True,False,False,79103000.0,91 500 000 ₸,2021 - н.в. 4 поколение,Внедорожник,3.4 (бензин),0,Автомат,Полный привод,Слева,Не указан,Да,all,91500000,3.4,Lexus,-12397000.0,No,5,15250000.0
Mercedes-benz amg gt,2023,https://kolesa.kz/a/show/217644558?search_id=b3acb23580b69474b476b73ebe863e5afa3af34e&search_type=filter&advert_position=268,103000000,Алматы,30 апреля,993,True,False,False,79103000.0,103 000 000 ₸,2023 - н.в. 2 поколение,Купе,4 (гибрид),0,Автомат,Полный привод,Слева,Не указан,Нет,all,103000000,4.0,Mercedes-benz,-23897000.0,No,3,25750000.0
Bmw x6 xdrive 40i,2023,https://kolesa.kz/a/show/213365212?search_id=b3acb23580b69474b476b73ebe863e5afa3af34e&search_type=filter&advert_position=269,78224000,Шымкент,30 апреля,527,False,False,True,71041000.0,78 224 000 ₸,2023 - н.в. G06 рестайлинг,Кроссовер,3 (бензин),0,Автомат,Полный привод,Слева,Черный металлик,Да,all,78224000,3.0,Bmw,-7183000.0,No,3,19556000.0
Land rover range rover se,2021,https://kolesa.kz/a/show/214600263?search_id=b3acb23580b69474b476b73ebe863e5afa3af34e&search_type=filter&advert_position=270,114554000,Усть-каменогорск,30 апреля,393,True,False,False,79103000.0,114 554 000 ₸,2021 - н.в. 5 поколение,Внедорожник,3 (бензин),0,Автомат,Полный привод,Слева,Не указан,Да,all,114554000,3.0,Land,-35451000.0,No,5,19092333.333333332
Lexus lx 700h vip,2021,https://kolesa.kz/a/show/217613971?search_id=b3acb23580b69474b476b73ebe863e5afa3af34e&search_type=filter&advert_position=271,89000000,Алматы,30 апреля,877,True,False,False,79103000.0,89 000 000 ₸,2021 - н.в. 4 поколение,Внедорожник,3.4 (бензин),0,Автомат,Полный привод,Слева,Не указан,Да,all,89000000,3.4,Lexus,-9897000.0,No,5,14833333.333333334
Toyota land cruiser,2021,https://kolesa.kz/a/show/218515706?search_id=b3acb23580b69474b476b73ebe863e5afa3af34e&search_type=filter&advert_position=272,63500000,Алматы,30 апреля,206,False,False,False,60621000.0,63 500 000 ₸,2021 - н.в. J300,Внедорожник,3.5 (бензин),24000,Автомат,Полный привод,Слева,Черный,Да,all,63500000,3.5,Toyota,-2879000.0,No,5,10583333.333333334
Cadillac escalade premium luxury platinum,2024,https://kolesa.kz/a/show/215703621?search_id=b3acb23580b69474b476b73ebe863e5afa3af34e&search_type=filter&advert_position=273,97770000,Алматы,30 апреля,995,False,False,True,100000000.0,97 770 000 ₸,2024 - н.в. 5 поколение рестайлинг,Внедорожник,6.2 (бензин),0,Автомат,Полный привод,Слева,Не указан,Да,all,97770000,6.2,Cadillac,2230000.0,No,2,32590000.0
Mercedes-benz g 63 amg 4matic,2018,https://kolesa.kz/a/show/195478833?search_id=b3acb23580b69474b476b73ebe863e5afa3af34e&search_type=filter&advert_position=274,154000000,Алматы,30 апреля,478,True,False,False,193829000.0,154 000 000 ₸,2018 - н.в. W463,Внедорожник,4 (бензин),0,Автомат,Полный привод,Слева,Бронза,Да,all,154000000,4.0,Mercedes-benz,39829000.0,Yes,8,17111111.111111112
Bmw x7 xdrive 40i,2022,https://kolesa.kz/a/show/216435017?search_id=b3acb23580b69474b476b73ebe863e5afa3af34e&search_type=filter&advert_position=275,80623078,Алматы,30 апреля,225,False,False,True,79300000.0,80 623 078 ₸,2022 - н.в. G07 рестайлинг,Кроссовер,3 (бензин),23,Автомат,Полный привод,Слева,Серый металлик,Да,all,80623078,3.0,Bmw,-1323078.0,No,4,16124615.6
Ram 1500 rho,2023,https://kolesa.kz/a/show/212484867?search_id=b3acb23580b69474b476b73ebe863e5afa3af34e&search_type=filter&advert_position=276,64000000,Астана,30 апреля,2646,True,False,False,79103000.0,64 000 000 ₸,2023 - н.в. 2 поколение рестайлинг,Пикап,3 (бензин),0,Автомат,Полный привод,Слева,Не указан,Да,all,64000000,3.0,Ram,15103000.0,Yes,3,16000000.0
Mercedes-benz v 300,2014,https://kolesa.kz/a/show/214399005?search_id=b3acb23580b69474b476b73ebe863e5afa3af34e&search_type=filter&advert_position=277,109000000,Алматы,30 апреля,3210,True,False,False,79103000.0,109 000 000 ₸,2014 - н.в. W447,Минивэн,2 (бензин),0,Автомат,Задний привод,Слева,Не указан,Да,all,109000000,2.0,Mercedes-benz,-29897000.0,No,12,8384615.384615385
Ford f-series,2020,https://kolesa.kz/a/show/213933018?search_id=b3acb23580b69474b476b73ebe863e5afa3af34e&search_type=filter&advert_position=278,67000000,Алматы,30 апреля,578,False,False,False,64157000.0,67 000 000 ₸,2020 - н.в. 14 поколение,Пикап,3.5 (бензин),18500,Автомат,Полный привод,Слева,Белый металлик,Да,all,67000000,3.5,Ford,-2843000.0,No,6,9571428.57142857
Toyota land cruiser prestige off-road,2021,https://kolesa.kz/a/show/179546929?search_id=b3acb23580b69474b476b73ebe863e5afa3af34e&search_type=filter&advert_position=280,67190000,Астана,30 апреля,328,False,False,True,67236000.0,67 190 000 ₸,2021 - н.в. J300,Внедорожник,3.5 (бензин),0,Автомат,Полный привод,Слева,Белый металлик,Да,all,67190000,3.5,Toyota,46000.0,No,5,11198333.333333334
Bmw x5 xdrive 40i,2023,https://kolesa.kz/a/show/203236742?search_id=751d3286c96e30e99eb8fa77b46dbef70601dd62&search_type=filter&advert_position=281,76744000,Усть-каменогорск,30 апреля,1092,False,False,True,65066000.0,76 744 000 ₸,2023 - н.в. G05 рестайлинг,Кроссовер,3 (бензин),0,Автомат,Полный привод,Слева,Серый металлик,Да,all,76744000,3.0,Bmw,-11678000.0,No,3,19186000.0
Mercedes-benz gls 450 4matic,2019,https://kolesa.kz/a/show/215829048?search_id=751d3286c96e30e99eb8fa77b46dbef70601dd62&search_type=filter&advert_position=282,75500000,Шымкент,30 апреля,1583,False,False,True,79103000.0,75 500 000 ₸,2019 - н.в. X167,Внедорожник,3 (бензин),2,Автомат,Полный привод,Слева,Черный металлик,Да,all,75500000,3.0,Mercedes-benz,3603000.0,No,7,9437500.0
Bmw x6 xdrive 40i,2023,https://kolesa.kz/a/show/213365245?search_id=751d3286c96e30e99eb8fa77b46dbef70601dd62&search_type=filter&advert_position=283,75300000,Шымкент,30 апреля,1048,False,False,True,71041000.0,75 300 000 ₸,2023 - н.в. G06 рестайлинг,Кроссовер,3 (бензин),0,Автомат,Полный привод,Слева,Черный металлик,Да,all,75300000,3.0,Bmw,-4259000.0,No,3,18825000.0
Bmw x6 xdrive 40i,2023,https://kolesa.kz/a/show/215618865?search_id=751d3286c96e30e99eb8fa77b46dbef70601dd62&search_type=filter&advert_position=284,71731365,Алматы,30 апреля,1366,False,False,True,71041000.0,71 731 365 ₸,2023 - н.в. G06 рестайлинг,Кроссовер,3 (бензин),0,Автомат,Полный привод,Слева,Зеленый металлик,Да,all,71731365,3.0,Bmw,-690365.0,No,3,17932841.25
Mercedes-benz eqe suv,2022,https://kolesa.kz/a/show/203778889?search_id=751d3286c96e30e99eb8fa77b46dbef70601dd62&search_type=filter&advert_position=285,68900000,Актобе,30 апреля,539,False,False,True,79103000.0,68 900 000 ₸,2022 - н.в. 1 поколение,Внедорожник,Не указан,26,Автомат,Полный привод,Слева,Коричневый металлик,Да,all,68900000,3.5,Mercedes-benz,10203000.0,Yes,4,13780000.0
Mercedes-benz v 300 exclusive,2014,https://kolesa.kz/a/show/208918668?search_id=751d3286c96e30e99eb8fa77b46dbef70601dd62&search_type=filter&advert_position=286,69000000,Костанай,30 апреля,2433,False,False,True,79103000.0,69 000 000 ₸,2014 - н.в. W447,Минивэн,2 (бензин),26,Автомат,Задний привод,Слева,Черный металлик,Да,all,69000000,2.0,Mercedes-benz,10103000.0,Yes,12,5307692.307692308
Mercedes-benz gls 450 4matic,2019,https://kolesa.kz/a/show/213144241?search_id=751d3286c96e30e99eb8fa77b46dbef70601dd62&search_type=filter&advert_position=287,76700000,Караганда,30 апреля,2238,False,False,True,84971000.0,76 700 000 ₸,2019 - н.в. X167,Внедорожник,3 (бензин),26,Автомат,Полный привод,Слева,Черный металлик,Да,all,76700000,3.0,Mercedes-benz,8271000.0,Yes,7,9587500.0
Land rover range rover autobiography,2021,https://kolesa.kz/a/show/218473259?search_id=751d3286c96e30e99eb8fa77b46dbef70601dd62&search_type=filter&advert_position=288,139273000,Шымкент,30 апреля,102,True,False,False,79103000.0,139 273 000 ₸,2021 - н.в. 5 поколение,Внедорожник,4.4 (бензин),20,Автомат,Полный привод,Слева,Золотистый металлик,Да,all,139273000,4.4,Land,-60170000.0,No,5,23212166.666666668
Infiniti qx80,2024,https://kolesa.kz/a/show/213983886?search_id=751d3286c96e30e99eb8fa77b46dbef70601dd62&search_type=filter&advert_position=289,76990000,Астана,30 апреля,1249,False,False,True,79103000.0,76 990 000 ₸,2024 - н.в. Z63,Внедорожник,3.5 (бензин),0,Автомат,Полный привод,Слева,Не указан,Да,all,76990000,3.5,Infiniti,2113000.0,No,2,25663333.333333332
Infiniti qx80,2024,https://kolesa.kz/a/show/210924659?search_id=751d3286c96e30e99eb8fa77b46dbef70601dd62&search_type=filter&advert_position=290,88990000,Актау,30 апреля,2534,False,False,True,79103000.0,88 990 000 ₸,2024 - н.в. Z63,Внедорожник,3.5 (бензин),0,Автомат,Полный привод,Слева,Не указан,Да,all,88990000,3.5,Infiniti,-9887000.0,No,2,29663333.333333332
Mercedes-benz gle coupe 450 amg 4matic,2019,https://kolesa.kz/a/show/188464492?search_id=751d3286c96e30e99eb8fa77b46dbef70601dd62&search_type=filter&advert_position=291,67722000,Алматы,30 апреля,1972,False,False,True,79103000.0,67 722 000 ₸,2019 - н.в. C293,Кроссовер,3 (бензин),15,Автомат,Полный привод,Слева,Белый,Да,all,67722000,3.0,Mercedes-benz,11381000.0,Yes,7,8465250.0
Bmw x7 xdrive 40i,2022,https://kolesa.kz/a/show/214474958?search_id=751d3286c96e30e99eb8fa77b46dbef70601dd62&search_type=filter&advert_position=293,69000000,Алматы,30 апреля,2786,True,False,False,79103000.0,69 000 000 ₸,2022 - н.в. G07 рестайлинг,Кроссовер,3 (бензин),0,Автомат,Полный привод,Слева,Не указан,Нет,all,69000000,3.0,Bmw,10103000.0,Yes,4,13800000.0
Porsche cayenne coupe turbo gt,2023,https://kolesa.kz/a/show/198014462?search_id=751d3286c96e30e99eb8fa77b46dbef70601dd62&search_type=filter&advert_position=294,184500000,Алматы,30 апреля,1032,False,False,True,79103000.0,184 500 000 ₸,2023 - н.в. 3 поколение рестайлинг (9YB),Кроссовер,4 (бензин),0,Автомат,Полный привод,Слева,Серый,Да,all,184500000,4.0,Porsche,-105397000.0,No,3,46125000.0
Mercedes-benz g 63 amg 4matic,2024,https://kolesa.kz/a/show/129053974?search_id=751d3286c96e30e99eb8fa77b46dbef70601dd62&search_type=filter&advert_position=295,213000000,Астана,30 апреля,9237,True,False,False,174225000.0,213 000 000 ₸,2024 - н.в. W463 рестайлинг,Внедорожник,4 (бензин),0,Автомат,Полный привод,Слева,Черный металлик,Да,all,213000000,4.0,Mercedes-benz,-38775000.0,No,2,71000000.0
Bmw x5 xdrive 40i,2023,https://kolesa.kz/a/show/216458689?search_id=751d3286c96e30e99eb8fa77b46dbef70601dd62&search_type=filter&advert_position=296,72411921,Алматы,30 апреля,694,False,False,True,65066000.0,72 411 921 ₸,2023 - н.в. G05 рестайлинг,Кроссовер,3 (бензин),7,Автомат,Полный привод,Слева,Серый металлик,Да,all,72411921,3.0,Bmw,-7345921.0,No,3,18102980.25
Maserati grancabrio trofeo,2024,https://kolesa.kz/a/show/174184851?search_id=751d3286c96e30e99eb8fa77b46dbef70601dd62&search_type=filter&advert_position=297,131400000,Алматы,30 апреля,4694,False,False,True,79103000.0,131 400 000 ₸,2024 - н.в. 2 поколение,Кабриолет,3 (бензин),0,Автомат,Задний привод,Слева,Белый металлик,Да,all,131400000,3.0,Maserati,-52297000.0,No,2,43800000.0
Toyota land cruiser luxe,2021,https://kolesa.kz/a/show/179550040?search_id=751d3286c96e30e99eb8fa77b46dbef70601dd62&search_type=filter&advert_position=298,70890000,Астана,30 апреля,2046,False,False,True,67236000.0,70 890 000 ₸,2021 - н.в. J300,Внедорожник,3.5 (бензин),0,Автомат,Полный привод,Слева,Черный металлик,Да,all,70890000,3.5,Toyota,-3654000.0,No,5,11815000.0
Maserati grancabrio folgore,2024,https://kolesa.kz/a/show/192098848?search_id=751d3286c96e30e99eb8fa77b46dbef70601dd62&search_type=filter&advert_position=299,125000000,Алматы,30 апреля,3580,False,False,True,79103000.0,125 000 000 ₸,2024 - н.в. 2 поколение,Кабриолет,Не указан,0,Автомат,Полный привод,Слева,Синий,Да,all,125000000,3.5,Maserati,-45897000.0,No,2,41666666.666666664
Mercedes-benz gle coupe 450 amg 4matic,2019,https://kolesa.kz/a/show/207246116?search_id=751d3286c96e30e99eb8fa77b46dbef70601dd62&search_type=filter&advert_position=300,72800000,Уральск,30 апреля,1081,False,False,True,79103000.0,72 800 000 ₸,2019 - н.в. C293,Кроссовер,3 (бензин),26,Автомат,Полный привод,Слева,Белый,Да,all,72800000,3.0,Mercedes-benz,6303000.0,Yes,7,9100000.0
Mercedes-benz gls 450 4matic,2019,https://kolesa.kz/a/show/213148621?search_id=2b1fdbe94c8d9bc998b55045329ac5749c8c173b&search_type=filter&advert_position=308,75800000,Костанай,30 апреля,2549,False,False,True,84971000.0,75 800 000 ₸,2019 - н.в. X167,Внедорожник,3 (бензин),26,Автомат,Полный привод,Слева,Черный металлик,Да,all,75800000,3.0,Mercedes-benz,9171000.0,Yes,7,9475000.0
Lexus lx 700h f sport,2021,https://kolesa.kz/a/show/210955848?search_id=2b1fdbe94c8d9bc998b55045329ac5749c8c173b&search_type=filter&advert_position=309,102500000,Семей,30 апреля,6267,True,False,False,79103000.0,102 500 000 ₸,2021 - н.в. 4 поколение,Внедорожник,3.5 (гибрид),0,Автомат,Полный привод,Слева,Черный металлик,Да,all,102500000,3.5,Lexus,-23397000.0,No,5,17083333.333333332
Dodge ram,2018,https://kolesa.kz/a/show/212091609?search_id=2b1fdbe94c8d9bc998b55045329ac5749c8c173b&search_type=filter&advert_position=311,64000000,Алматы,30 апреля,1976,True,False,False,79103000.0,64 000 000 ₸,2018 - н.в. 5 поколение,Пикап,3 (бензин),0,Автомат,Полный привод,Слева,Не указан,Да,all,64000000,3.0,Dodge,15103000.0,Yes,8,7111111.111111111
Gmc yukon,2020,https://kolesa.kz/a/show/214311493?search_id=2b1fdbe94c8d9bc998b55045329ac5749c8c173b&search_type=filter&advert_position=312,84700000,Алматы,30 апреля,3785,True,False,False,79103000.0,84 700 000 ₸,2020 - н.в. GMT1YC,Внедорожник,6.2 (бензин),0,Автомат,Полный привод,Слева,Не указан,Да,all,84700000,6.2,Gmc,-5597000.0,No,6,12100000.0
Land rover range rover,2021,https://kolesa.kz/a/show/217649157?search_id=2b1fdbe94c8d9bc998b55045329ac5749c8c173b&search_type=filter&advert_position=313,103000000,Алматы,30 апреля,316,True,False,False,79103000.0,103 000 000 ₸,2021 - н.в. 5 поколение,Внедорожник,4.4 (бензин),0,Автомат,Полный привод,Слева,Не указан,Нет,all,103000000,4.4,Land,-23897000.0,No,5,17166666.666666668
Infiniti qx80 sensory,2024,https://kolesa.kz/a/show/213983888?search_id=2b1fdbe94c8d9bc998b55045329ac5749c8c173b&search_type=filter&advert_position=314,76990000,Кокшетау,30 апреля,1499,False,False,True,79103000.0,76 990 000 ₸,2024 - н.в. Z63,Внедорожник,3.5 (бензин),0,Автомат,Полный привод,Слева,Не указан,Да,all,76990000,3.5,Infiniti,2113000.0,No,2,25663333.333333332
Porsche 911 carrera gts,2018,https://kolesa.kz/a/show/217628514?search_id=2b1fdbe94c8d9bc998b55045329ac5749c8c173b&search_type=filter&advert_position=315,84000000,Алматы,30 апреля,1199,True,False,False,79103000.0,84 000 000 ₸,2018 - н.в. 992,Кабриолет,3 (бензин),0,Робот,Задний привод,Слева,Не указан,Нет,all,84000000,3.0,Porsche,-4897000.0,No,8,9333333.333333334
Toyota land cruiser gr sport,2021,https://kolesa.kz/a/show/211800019?search_id=2b1fdbe94c8d9bc998b55045329ac5749c8c173b&search_type=filter&advert_position=316,73990000,Алматы,30 апреля,7523,False,False,True,79103000.0,73 990 000 ₸,2021 - н.в. J300,Внедорожник,3.5 (бензин),0,Автомат,Полный привод,Слева,Черный,Да,all,73990000,3.5,Toyota,5113000.0,Yes,5,12331666.666666666
Mercedes-benz gle 53 amg,2019,https://kolesa.kz/a/show/205343066?search_id=2b1fdbe94c8d9bc998b55045329ac5749c8c173b&search_type=filter&advert_position=317,72000000,Алматы,30 апреля,153,False,False,False,79103000.0,72 000 000 ₸,2019 - н.в. V167,Кроссовер,3 (бензин),6000,Автомат,Полный привод,Слева,Черный металлик,Да,all,72000000,3.0,Mercedes-benz,7103000.0,Yes,7,9000000.0
Lincoln navigator,2017,https://kolesa.kz/a/show/217004694?search_id=2b1fdbe94c8d9bc998b55045329ac5749c8c173b&search_type=filter&advert_position=318,72000000,Алматы,30 апреля,805,True,False,False,79103000.0,72 000 000 ₸,2017 - н.в. 4 поколение,Внедорожник,3.5 (бензин),0,Автомат,Полный привод,Слева,Не указан,Да,all,72000000,3.5,Lincoln,7103000.0,Yes,9,7200000.0
Mercedes-benz g 63 amg 4matic,2018,https://kolesa.kz/a/show/209667429?search_id=2b1fdbe94c8d9bc998b55045329ac5749c8c173b&search_type=filter&advert_position=319,176500000,Алматы,30 апреля,3923,True,False,False,193829000.0,176 500 000 ₸,2018 - н.в. W463,Внедорожник,4 (бензин),0,Автомат,Полный привод,Слева,Не указан,Да,all,176500000,4.0,Mercedes-benz,17329000.0,Yes,8,19611111.111111112
Audi e-tron gt,2020,https://kolesa.kz/a/show/217210198?search_id=2b1fdbe94c8d9bc998b55045329ac5749c8c173b&search_type=filter&advert_position=320,69900000,Алматы,30 апреля,655,True,False,False,79103000.0,69 900 000 ₸,2020 - н.в. 1 поколение,Седан,Не указан,16300,Автомат,Полный привод,Слева,Не указан,Да,all,69900000,3.5,Audi,9203000.0,Yes,6,9985714.285714285
Bmw x5 xdrive 40i,2023,https://kolesa.kz/a/show/203220929?search_id=98af25d4bbe0c15f4015cce29f8891ad9c8ea72c&search_type=filter&advert_position=324,75224000,Усть-каменогорск,30 апреля,633,False,False,True,65066000.0,75 224 000 ₸,2023 - н.в. G05 рестайлинг,Кроссовер,3 (бензин),0,Автомат,Полный привод,Слева,Серый металлик,Да,all,75224000,3.0,Bmw,-10158000.0,No,3,18806000.0
Mercedes-benz s 450,2020,https://kolesa.kz/a/show/217030625?search_id=98af25d4bbe0c15f4015cce29f8891ad9c8ea72c&search_type=filter&advert_position=325,76997473,Астана,30 апреля,368,True,False,False,79319000.0,76 997 473 ₸,2020 - н.в. W223,Седан,3 (бензин),39019,Автомат,Полный привод,Слева,Черный,Да,all,76997473,3.0,Mercedes-benz,2321527.0,No,6,10999639.0
Mercedes-benz eqs suv,2022,https://kolesa.kz/a/show/203784466?search_id=98af25d4bbe0c15f4015cce29f8891ad9c8ea72c&search_type=filter&advert_position=326,104600000,Атырау,30 апреля,2121,False,False,True,79103000.0,104 600 000 ₸,2022 - н.в. 1 поколение,Кроссовер,Не указан,26,Автомат,Полный привод,Слева,Синий металлик,Да,all,104600000,3.5,Mercedes-benz,-25497000.0,No,4,20920000.0
Mercedes-benz gle coupe 450 amg 4matic,2019,https://kolesa.kz/a/show/213477331?search_id=98af25d4bbe0c15f4015cce29f8891ad9c8ea72c&search_type=filter&advert_position=327,71000000,Шымкент,30 апреля,1194,False,False,True,79103000.0,71 000 000 ₸,2019 - н.в. C293,Кроссовер,3 (бензин),26,Автомат,Полный привод,Слева,Белый,Да,all,71000000,3.0,Mercedes-benz,8103000.0,Yes,7,8875000.0
Mercedes-benz gle 450 4matic,2019,https://kolesa.kz/a/show/210321511?search_id=98af25d4bbe0c15f4015cce29f8891ad9c8ea72c&search_type=filter&advert_position=328,72900000,Актау,30 апреля,1936,False,False,True,79103000.0,72 900 000 ₸,2019 - н.в. V167,Кроссовер,3 (бензин),26,Автомат,Полный привод,Слева,Серый металлик,Да,all,72900000,3.0,Mercedes-benz,6203000.0,Yes,7,9112500.0
Land rover defender x-dynamic se,2019,https://kolesa.kz/a/show/217207825?search_id=98af25d4bbe0c15f4015cce29f8891ad9c8ea72c&search_type=filter&advert_position=329,81327000,Усть-каменогорск,30 апреля,286,True,False,False,79103000.0,81 327 000 ₸,2019 - н.в. 2 поколение (L663),Внедорожник,3 (бензин),20,Автомат,Полный привод,Слева,Белый,Да,all,81327000,3.0,Land,-2224000.0,No,7,10165875.0
Land rover range rover sport dynamic se,2022,https://kolesa.kz/a/show/216061083?search_id=98af25d4bbe0c15f4015cce29f8891ad9c8ea72c&search_type=filter&advert_position=330,99997000,Астана,30 апреля,1123,False,False,True,79103000.0,99 997 000 ₸,2022 - н.в. 3 поколение,Внедорожник,3 (бензин),1,Автомат,Полный привод,Слева,Серый,Да,all,99997000,3.0,Land,-20894000.0,No,4,19999400.0
Land rover range rover autobiography,2021,https://kolesa.kz/a/show/218473368?search_id=98af25d4bbe0c15f4015cce29f8891ad9c8ea72c&search_type=filter&advert_position=331,139273000,Павлодар,30 апреля,97,True,False,False,79103000.0,139 273 000 ₸,2021 - н.в. 5 поколение,Внедорожник,4.4 (бензин),20,Автомат,Полный привод,Слева,Золотистый металлик,Да,all,139273000,4.4,Land,-60170000.0,No,5,23212166.666666668
Bmw x5 m60i,2023,https://kolesa.kz/a/show/215220650?search_id=98af25d4bbe0c15f4015cce29f8891ad9c8ea72c&search_type=filter&advert_position=332,87889724,Алматы,30 апреля,2170,False,False,True,79103000.0,87 889 724 ₸,2023 - н.в. G05 рестайлинг,Кроссовер,4.4 (бензин),2,Автомат,Полный привод,Слева,Синий,Да,all,87889724,4.4,Bmw,-8786724.0,No,3,21972431.0
Bmw x5 xdrive 40i,2023,https://kolesa.kz/a/show/213365282?search_id=98af25d4bbe0c15f4015cce29f8891ad9c8ea72c&search_type=filter&advert_position=333,76744000,Караганда,30 апреля,171,False,False,True,65066000.0,76 744 000 ₸,2023 - н.в. G05 рестайлинг,Кроссовер,3 (бензин),0,Автомат,Полный привод,Слева,Серый металлик,Да,all,76744000,3.0,Bmw,-11678000.0,No,3,19186000.0
Cadillac escalade sport platinum,2024,https://kolesa.kz/a/show/211504348?search_id=98af25d4bbe0c15f4015cce29f8891ad9c8ea72c&search_type=filter&advert_position=334,90000000,Алматы,30 апреля,3788,True,False,False,100000000.0,90 000 000 ₸,2024 - н.в. 5 поколение рестайлинг,Внедорожник,6.2 (бензин),0,Автомат,Полный привод,Слева,Не указан,Да,all,90000000,6.2,Cadillac,10000000.0,Yes,2,30000000.0
Jeep wrangler rubicon 392,2017,https://kolesa.kz/a/show/213191155?search_id=98af25d4bbe0c15f4015cce29f8891ad9c8ea72c&search_type=filter&advert_position=335,60000000,Алматы,30 апреля,2723,True,False,False,79103000.0,60 000 000 ₸,2017 - н.в. JL,Внедорожник,6.4 (бензин),0,Автомат,Полный привод,Слева,Не указан,Да,all,60000000,6.4,Jeep,19103000.0,Yes,9,6000000.0
Mercedes-benz s 580 4matic,2026,https://kolesa.kz/a/show/215638254?search_id=98af25d4bbe0c15f4015cce29f8891ad9c8ea72c&search_type=filter&advert_position=336,128000000,Алматы,30 апреля,2446,False,False,True,79103000.0,128 000 000 ₸,2026 - н.в. W223 рестайлинг,Седан,4 (бензин),26,Автомат,Полный привод,Слева,Черный металлик,Да,all,128000000,4.0,Mercedes-benz,-48897000.0,No,0,128000000.0
Lexus gx 550 overtrail,2023,https://kolesa.kz/a/show/196945347?search_id=98af25d4bbe0c15f4015cce29f8891ad9c8ea72c&search_type=filter&advert_position=337,66190000,Астана,30 апреля,822,False,False,True,79103000.0,66 190 000 ₸,2023 - н.в. 3 поколение (J250),Внедорожник,3.5 (бензин),0,Автомат,Полный привод,Слева,Черный металлик,Да,all,66190000,3.5,Lexus,12913000.0,Yes,3,16547500.0
Mercedes-maybach s 580 4matic,2026,https://kolesa.kz/a/show/215823924?search_id=98af25d4bbe0c15f4015cce29f8891ad9c8ea72c&search_type=filter&advert_position=338,118000000,Алматы,30 апреля,1128,False,False,True,79103000.0,118 000 000 ₸,2026 - н.в. Z223 рестайлинг,Седан,4 (бензин),26,Автомат,Полный привод,Слева,Черный металлик,Да,all,118000000,4.0,Mercedes-maybach,-38897000.0,No,0,118000000.0
Mercedes-benz gle coupe 53 amg 4matic,2019,https://kolesa.kz/a/show/215517844?search_id=98af25d4bbe0c15f4015cce29f8891ad9c8ea72c&search_type=filter&advert_position=339,79600000,Атырау,30 апреля,196,False,False,True,79103000.0,79 600 000 ₸,2019 - н.в. C293,Кроссовер,3 (бензин),26,Автомат,Полный привод,Слева,Черный металлик,Да,all,79600000,3.0,Mercedes-benz,-497000.0,No,7,9950000.0
Cadillac escalade,2020,https://kolesa.kz/a/show/207826495?search_id=98af25d4bbe0c15f4015cce29f8891ad9c8ea72c&search_type=filter&advert_position=340,63700000,Алматы,30 апреля,443,False,True,False,61959000.0,63 700 000 ₸,2020 - н.в. 5 поколение,Внедорожник,6.2 (бензин),0,Автомат,Полный привод,Слева,Черный,Да,all,63700000,6.2,Cadillac,-1741000.0,No,6,9100000.0
Infiniti qx80 sensory,2024,https://kolesa.kz/a/show/210923474?search_id=ad7836ac19a270cc2a9286f3ac23f625db7ab519&search_type=filter&advert_position=344,69990000,Тараз,30 апреля,2088,False,False,True,79103000.0,69 990 000 ₸,2024 - н.в. Z63,Внедорожник,3.5 (бензин),0,Автомат,Полный привод,Слева,Не указан,Да,all,69990000,3.5,Infiniti,9113000.0,Yes,2,23330000.0
Mercedes-benz gle coupe 53 amg 4matic,2019,https://kolesa.kz/a/show/217110436?search_id=ad7836ac19a270cc2a9286f3ac23f625db7ab519&search_type=filter&advert_position=345,83175480,Алматы,30 апреля,579,False,False,True,79103000.0,83 175 480 ₸,2019 - н.в. C293,Кроссовер,3 (бензин),7,Автомат,Полный привод,Слева,Черный металлик,Да,all,83175480,3.0,Mercedes-benz,-4072480.0,No,7,10396935.0
Mercedes-maybach s 580 4matic,2021,https://kolesa.kz/a/show/198284718?search_id=ad7836ac19a270cc2a9286f3ac23f625db7ab519&search_type=filter&advert_position=346,140545000,Алматы,30 апреля,5234,True,False,False,79103000.0,140 545 000 ₸,2021 - н.в. Z223,Седан,4 (бензин),0,Автомат,Полный привод,Слева,Черный,Да,all,140545000,4.0,Mercedes-maybach,-61442000.0,No,5,23424166.666666668
Porsche cayenne v6,2023,https://kolesa.kz/a/show/214415325?search_id=ad7836ac19a270cc2a9286f3ac23f625db7ab519&search_type=filter&advert_position=347,88320000,Алматы,30 апреля,2160,False,False,True,79103000.0,88 320 000 ₸,2023 - н.в. 3 поколение рестайлинг,Кроссовер,3 (бензин),0,Автомат,Полный привод,Слева,Серый металлик,Да,all,88320000,3.0,Porsche,-9217000.0,No,3,22080000.0
Mercedes-benz gle 450 4matic,2019,https://kolesa.kz/a/show/209252314?search_id=ad7836ac19a270cc2a9286f3ac23f625db7ab519&search_type=filter&advert_position=348,60000000,Алматы,30 апреля,267,True,False,False,79103000.0,60 000 000 ₸,2019 - н.в. V167,Кроссовер,3 (бензин),0,Автомат,Полный привод,Слева,Белый,Да,all,60000000,3.0,Mercedes-benz,19103000.0,Yes,7,7500000.0
Mercedes-benz g 63 amg,2018,https://kolesa.kz/a/show/218069378?search_id=ad7836ac19a270cc2a9286f3ac23f625db7ab519&search_type=filter&advert_position=349,113500000,Алматы,30 апреля,752,False,False,False,79103000.0,113 500 000 ₸,2018 - н.в. W463,Внедорожник,4 (бензин),4,Автомат,Полный привод,Слева,Черный,Нет,all,113500000,4.0,Mercedes-benz,-34397000.0,No,8,12611111.111111112
Lexus lx 700h luxury,2021,https://kolesa.kz/a/show/215318629?search_id=ad7836ac19a270cc2a9286f3ac23f625db7ab519&search_type=filter&advert_position=350,106200000,Алматы,30 апреля,5947,True,False,False,79103000.0,106 200 000 ₸,2021 - н.в. 4 поколение,Внедорожник,3.4 (бензин),0,Автомат,Полный привод,Слева,Черный,Нет,all,106200000,3.4,Lexus,-27097000.0,No,5,17700000.0
Dodge ram,2018,https://kolesa.kz/a/show/213093311?search_id=ad7836ac19a270cc2a9286f3ac23f625db7ab519&search_type=filter&advert_position=351,93999000,Алматы,30 апреля,8646,True,False,False,79103000.0,93 999 000 ₸,2018 - н.в. 5 поколение,Пикап,6.2 (бензин),0,Автомат,Полный привод,Слева,Оранжевый металлик,Да,all,93999000,6.2,Dodge,-14896000.0,No,8,10444333.333333334
Lexus lx 600,2021,https://kolesa.kz/a/show/217733690?search_id=ad7836ac19a270cc2a9286f3ac23f625db7ab519&search_type=filter&advert_position=352,85000000,Алматы,30 апреля,616,False,False,False,86302000.0,85 000 000 ₸,2021 - н.в. 4 поколение,Внедорожник,3.5 (бензин),8500,Автомат,Полный привод,Слева,Не указан,Да,all,85000000,3.5,Lexus,1302000.0,No,5,14166666.666666666
Genesis g90,2021,https://kolesa.kz/a/show/206975249?search_id=ad7836ac19a270cc2a9286f3ac23f625db7ab519&search_type=filter&advert_position=353,90905500,Астана,30 апреля,7449,False,False,True,79103000.0,90 905 500 ₸,2021 - н.в. 2 поколение,Седан,3.5 (бензин),0,Автомат,Полный привод,Слева,Черный,Да,all,90905500,3.5,Genesis,-11802500.0,No,5,15150916.666666666
Mercedes-benz gle coupe 450 amg 4matic,2019,https://kolesa.kz/a/show/209665846?search_id=ad7836ac19a270cc2a9286f3ac23f625db7ab519&search_type=filter&advert_position=354,69000000,Костанай,30 апреля,1013,False,False,True,79103000.0,69 000 000 ₸,2019 - н.в. C293,Кроссовер,3 (бензин),26,Автомат,Полный привод,Слева,Белый,Да,all,69000000,3.0,Mercedes-benz,10103000.0,Yes,7,8625000.0
Mercedes-benz gle 450 4matic,2019,https://kolesa.kz/a/show/208803945?search_id=ad7836ac19a270cc2a9286f3ac23f625db7ab519&search_type=filter&advert_position=355,70000000,Шымкент,30 апреля,510,False,False,True,79103000.0,70 000 000 ₸,2019 - н.в. V167,Кроссовер,3 (бензин),26,Автомат,Полный привод,Слева,Белый,Да,all,70000000,3.0,Mercedes-benz,9103000.0,Yes,7,8750000.0
Mercedes-benz gle coupe 450 amg 4matic,2019,https://kolesa.kz/a/show/215065858?search_id=ad7836ac19a270cc2a9286f3ac23f625db7ab519&search_type=filter&advert_position=356,66200000,Алматы,30 апреля,1873,False,False,True,79103000.0,66 200 000 ₸,2019 - н.в. C293,Кроссовер,3 (бензин),26,Автомат,Полный привод,Слева,Серый металлик,Да,all,66200000,3.0,Mercedes-benz,12903000.0,Yes,7,8275000.0
Land rover range rover sport dynamic se,2022,https://kolesa.kz/a/show/218041773?search_id=ad7836ac19a270cc2a9286f3ac23f625db7ab519&search_type=filter&advert_position=357,104171000,Алматы,30 апреля,237,True,False,False,79103000.0,104 171 000 ₸,2022 - н.в. 3 поколение,Внедорожник,3 (бензин),20,Автомат,Полный привод,Слева,Черный металлик,Да,all,104171000,3.0,Land,-25068000.0,No,4,20834200.0
Cadillac escalade,2024,https://kolesa.kz/a/show/212579606?search_id=ad7836ac19a270cc2a9286f3ac23f625db7ab519&search_type=filter&advert_position=358,85000000,Алматы,30 апреля,3482,True,False,False,100000000.0,85 000 000 ₸,2024 - н.в. 5 поколение рестайлинг,Внедорожник,6.2 (бензин),0,Автомат,Полный привод,Слева,Не указан,Да,all,85000000,6.2,Cadillac,15000000.0,Yes,2,28333333.333333332
Porsche panamera gts,2023,https://kolesa.kz/a/show/216264527?search_id=ad7836ac19a270cc2a9286f3ac23f625db7ab519&search_type=filter&advert_position=359,129000000,Алматы,30 апреля,1141,True,False,False,79103000.0,129 000 000 ₸,2023 - н.в. 972,Лифтбек,4 (бензин),0,Робот,Полный привод,Слева,Не указан,Да,all,129000000,4.0,Porsche,-49897000.0,No,3,32250000.0
Toyota land cruiser prestige,2021,https://kolesa.kz/a/show/213527208?search_id=ad7836ac19a270cc2a9286f3ac23f625db7ab519&search_type=filter&advert_position=360,62120500,Алматы,30 апреля,3816,False,False,True,67236000.0,62 120 500 ₸,2021 - н.в. J300,Внедорожник,3.5 (бензин),1,Автомат,Полный привод,Слева,Не указан,Да,all,62120500,3.5,Toyota,5115500.0,Yes,5,10353416.666666666
Bmw 760,2022,https://kolesa.kz/a/show/214439242?search_id=951d7ee020a36b05c95aeae2d8a5f31eaff9f8a6&search_type=filter&advert_position=361,77500000,Алматы,30 апреля,591,False,False,False,79103000.0,77 500 000 ₸,2022 - н.в. G70,Седан,4.4 (бензин),2100,Автомат,Полный привод,Слева,Серый металлик,Да,all,77500000,4.4,Bmw,1603000.0,No,4,15500000.0
Land rover defender s,2019,https://kolesa.kz/a/show/217207113?search_id=951d7ee020a36b05c95aeae2d8a5f31eaff9f8a6&search_type=filter&advert_position=362,81724000,Шымкент,30 апреля,267,True,False,False,79103000.0,81 724 000 ₸,2019 - н.в. 2 поколение (L663),Внедорожник,3 (бензин),20,Автомат,Полный привод,Слева,Белый,Да,all,81724000,3.0,Land,-2621000.0,No,7,10215500.0
Bmw x5 xdrive 40i,2023,https://kolesa.kz/a/show/218614447?search_id=951d7ee020a36b05c95aeae2d8a5f31eaff9f8a6&search_type=filter&advert_position=363,66000000,Костанай,30 апреля,57,False,False,True,65066000.0,66 000 000 ₸,2023 - н.в. G05 рестайлинг,Кроссовер,3 (бензин),0,Автомат,Полный привод,Слева,Черный металлик,Да,all,66000000,3.0,Bmw,-934000.0,No,3,16500000.0
Mercedes-benz g 63 amg 4matic,2018,https://kolesa.kz/a/show/206837227?search_id=951d7ee020a36b05c95aeae2d8a5f31eaff9f8a6&search_type=filter&advert_position=364,139000000,Астана,30 апреля,5137,True,False,False,79103000.0,139 000 000 ₸,2018 - н.в. W463,Внедорожник,4 (бензин),0,Автомат,Полный привод,Слева,Не указан,Нет,all,139000000,4.0,Mercedes-benz,-59897000.0,No,8,15444444.444444444
Mercedes-benz gle 450 4matic,2019,https://kolesa.kz/a/show/190115852?search_id=951d7ee020a36b05c95aeae2d8a5f31eaff9f8a6&search_type=filter&advert_position=365,70000000,Астана,30 апреля,2833,False,False,True,79103000.0,70 000 000 ₸,2019 - н.в. V167,Кроссовер,3 (бензин),0,Автомат,Полный привод,Слева,Черный металлик,Да,all,70000000,3.0,Mercedes-benz,9103000.0,Yes,7,8750000.0
Toyota land cruiser premium,2021,https://kolesa.kz/a/show/200921622?search_id=951d7ee020a36b05c95aeae2d8a5f31eaff9f8a6&search_type=filter&advert_position=366,75890000,Шымкент,30 апреля,4710,False,False,True,67236000.0,75 890 000 ₸,2021 - н.в. J300,Внедорожник,3.5 (бензин),0,Автомат,Полный привод,Слева,Белый металлик,Да,all,75890000,3.5,Toyota,-8654000.0,No,5,12648333.333333334
Dodge ram,2018,https://kolesa.kz/a/show/217945233?search_id=951d7ee020a36b05c95aeae2d8a5f31eaff9f8a6&search_type=filter&advert_position=367,63999000,Алматы,30 апреля,350,True,False,False,53224000.0,63 999 000 ₸,2018 - н.в. 5 поколение,Пикап,3 (бензин),7,Автомат,Полный привод,Слева,Зеленый,Да,all,63999000,3.0,Dodge,-10775000.0,No,8,7111000.0
Land rover range rover,2021,https://kolesa.kz/a/show/218348868?search_id=951d7ee020a36b05c95aeae2d8a5f31eaff9f8a6&search_type=filter&advert_position=368,122000000,Алматы,30 апреля,137,False,False,False,135040000.0,122 000 000 ₸,2021 - н.в. 5 поколение,Внедорожник,4.4 (бензин),3100,Автомат,Полный привод,Слева,Белый,Да,all,122000000,4.4,Land,13040000.0,Yes,5,20333333.333333332
Maserati grecale trofeo,2022,https://kolesa.kz/a/show/192097731?search_id=951d7ee020a36b05c95aeae2d8a5f31eaff9f8a6&search_type=filter&advert_position=369,62200000,Алматы,30 апреля,2185,True,False,False,79103000.0,62 200 000 ₸,2022 - н.в. 1 поколение,Кроссовер,3 (бензин),0,Робот,Полный привод,Слева,Синий,Да,all,62200000,3.0,Maserati,16903000.0,Yes,4,12440000.0
Mercedes-benz gle 450 4matic,2019,https://kolesa.kz/a/show/197367464?search_id=951d7ee020a36b05c95aeae2d8a5f31eaff9f8a6&search_type=filter&advert_position=370,68600000,Атырау,30 апреля,610,False,False,True,79103000.0,68 600 000 ₸,2019 - н.в. V167,Кроссовер,3 (бензин),26,Автомат,Полный привод,Слева,Черный металлик,Да,all,68600000,3.0,Mercedes-benz,10503000.0,Yes,7,8575000.0
Mercedes-benz gle coupe 53 amg 4matic,2019,https://kolesa.kz/a/show/202338838?search_id=951d7ee020a36b05c95aeae2d8a5f31eaff9f8a6&search_type=filter&advert_position=371,89800000,Астана,30 апреля,3138,False,False,True,79103000.0,89 800 000 ₸,2019 - н.в. C293,Кроссовер,3 (бензин),26,Автомат,Полный привод,Слева,Черный металлик,Да,all,89800000,3.0,Mercedes-benz,-10697000.0,No,7,11225000.0
Mercedes-benz gls 450 4matic,2019,https://kolesa.kz/a/show/208806544?search_id=951d7ee020a36b05c95aeae2d8a5f31eaff9f8a6&search_type=filter&advert_position=372,89000000,Актау,30 апреля,3445,False,False,True,84971000.0,89 000 000 ₸,2019 - н.в. X167,Внедорожник,3 (бензин),26,Автомат,Полный привод,Слева,Черный металлик,Да,all,89000000,3.0,Mercedes-benz,-4029000.0,No,7,11125000.0
Bmw x7,2024,https://kolesa.kz/a/show/217762969?search_id=951d7ee020a36b05c95aeae2d8a5f31eaff9f8a6&search_type=filter&advert_position=373,96641305,Шымкент,30 апреля,329,True,False,False,79103000.0,96 641 305 ₸,,Кроссовер,4.4 (бензин),6,Автомат,Полный привод,Слева,Синий,Да,all,96641305,4.4,Bmw,-17538305.0,No,2,32213768.333333332
Gmc sierra,2022,https://kolesa.kz/a/show/211340338?search_id=951d7ee020a36b05c95aeae2d8a5f31eaff9f8a6&search_type=filter&advert_position=374,68000000,Алматы,30 апреля,540,True,False,False,79103000.0,68 000 000 ₸,2022 - н.в. 4 поколение рестайлинг,Пикап,6.6 (дизель),0,Автомат,Полный привод,Слева,Не указан,Да,all,68000000,6.6,Gmc,11103000.0,Yes,4,13600000.0
Ford f-series,2020,https://kolesa.kz/a/show/216633460?search_id=951d7ee020a36b05c95aeae2d8a5f31eaff9f8a6&search_type=filter&advert_position=376,74900000,Алматы,30 апреля,1302,True,False,False,79103000.0,74 900 000 ₸,2020 - н.в. 14 поколение,Пикап,3.5 (бензин),0,Автомат,Полный привод,Слева,Не указан,Да,all,74900000,3.5,Ford,4203000.0,Yes,6,10700000.0
Dodge ram,2018,https://kolesa.kz/a/show/211989225?search_id=951d7ee020a36b05c95aeae2d8a5f31eaff9f8a6&search_type=filter&advert_position=377,66500000,Алматы,30 апреля,371,True,False,False,79103000.0,66 500 000 ₸,2018 - н.в. 5 поколение,Пикап,6.2 (бензин),19500,Автомат,Полный привод,Слева,Не указан,Да,all,66500000,6.2,Dodge,12603000.0,Yes,8,7388888.888888889
Toyota land cruiser premium,2021,https://kolesa.kz/a/show/198101771?search_id=951d7ee020a36b05c95aeae2d8a5f31eaff9f8a6&search_type=filter&advert_position=378,72855500,Алматы,30 апреля,5326,False,False,True,67236000.0,72 855 500 ₸,2021 - н.в. J300,Внедорожник,3.5 (бензин),0,Автомат,Полный привод,Слева,Не указан,Да,all,72855500,3.5,Toyota,-5619500.0,No,5,12142583.333333334
Bmw x7 xdrive 40i,2022,https://kolesa.kz/a/show/203223074?search_id=951d7ee020a36b05c95aeae2d8a5f31eaff9f8a6&search_type=filter&advert_position=379,84221000,Усть-каменогорск,30 апреля,877,False,False,True,79300000.0,84 221 000 ₸,2022 - н.в. G07 рестайлинг,Кроссовер,3 (бензин),0,Автомат,Полный привод,Слева,Серый металлик,Да,all,84221000,3.0,Bmw,-4921000.0,No,4,16844200.0
Bmw x6 xdrive 40i,2023,https://kolesa.kz/a/show/196884246?search_id=951d7ee020a36b05c95aeae2d8a5f31eaff9f8a6&search_type=filter&advert_position=380,75300000,Усть-каменогорск,30 апреля,1385,False,False,True,71041000.0,75 300 000 ₸,2023 - н.в. G06 рестайлинг,Кроссовер,3 (бензин),0,Автомат,Полный привод,Слева,Черный металлик,Да,all,75300000,3.0,Bmw,-4259000.0,No,3,18825000.0
Bmw x5 xdrive 40i,2023,https://kolesa.kz/a/show/213365202?search_id=f047c697ebba793d9d2479ab988f84d04c0eba3a&search_type=filter&advert_position=386,75224000,Шымкент,30 апреля,121,False,False,True,65066000.0,75 224 000 ₸,2023 - н.в. G05 рестайлинг,Кроссовер,3 (бензин),0,Автомат,Полный привод,Слева,Серый металлик,Да,all,75224000,3.0,Bmw,-10158000.0,No,3,18806000.0
Mercedes-benz s 450 4matic,2026,https://kolesa.kz/a/show/215626064?search_id=f047c697ebba793d9d2479ab988f84d04c0eba3a&search_type=filter&advert_position=387,118000000,Алматы,30 апреля,1690,False,False,True,79103000.0,118 000 000 ₸,2026 - н.в. W223 рестайлинг,Седан,3 (бензин),26,Автомат,Полный привод,Слева,Черный металлик,Да,all,118000000,3.0,Mercedes-benz,-38897000.0,No,0,118000000.0
Bmw 740,2022,https://kolesa.kz/a/show/217030598?search_id=f047c697ebba793d9d2479ab988f84d04c0eba3a&search_type=filter&advert_position=388,74990000,Астана,30 апреля,450,True,False,False,74560000.0,74 990 000 ₸,2022 - н.в. G70,Седан,3 (бензин),8715,Автомат,Полный привод,Слева,Синий,Да,all,74990000,3.0,Bmw,-430000.0,No,4,14998000.0
Mercedes-benz gle 63 amg 4matic,2019,https://kolesa.kz/a/show/217844575?search_id=f047c697ebba793d9d2479ab988f84d04c0eba3a&search_type=filter&advert_position=389,78000000,Алматы,30 апреля,430,True,False,False,87875000.0,78 000 000 ₸,2019 - н.в. V167,Кроссовер,4 (бензин),14500,Автомат,Полный привод,Слева,Черный,Да,all,78000000,4.0,Mercedes-benz,9875000.0,Yes,7,9750000.0
Land rover range rover se,2021,https://kolesa.kz/a/show/218578414?search_id=f047c697ebba793d9d2479ab988f84d04c0eba3a&search_type=filter&advert_position=390,110683000,Астана,30 апреля,59,False,False,True,79103000.0,110 683 000 ₸,2021 - н.в. 5 поколение,Внедорожник,3 (бензин),1,Автомат,Полный привод,Слева,Зеленый металлик,Да,all,110683000,3.0,Land,-31580000.0,No,5,18447166.666666668
Audi rs 6 tfsi quattro,2019,https://kolesa.kz/a/show/209806566?search_id=f047c697ebba793d9d2479ab988f84d04c0eba3a&search_type=filter&advert_position=391,66000000,Алматы,30 апреля,21216,True,False,False,79103000.0,66 000 000 ₸,2019 - н.в. С8,Универсал,4 (бензин),0,Автомат,Полный привод,Слева,Серый,Да,all,66000000,4.0,Audi,13103000.0,Yes,7,8250000.0
Lexus gx 550 overtrail,2024,https://kolesa.kz/a/show/210900306?search_id=f047c697ebba793d9d2479ab988f84d04c0eba3a&search_type=filter&advert_position=393,66190000,Кокшетау,30 апреля,712,False,False,True,79103000.0,66 190 000 ₸,,Внедорожник,3.5 (бензин),0,Автомат,Полный привод,Слева,Черный металлик,Да,all,66190000,3.5,Lexus,12913000.0,Yes,2,22063333.333333332
Dodge ram,2018,https://kolesa.kz/a/show/214308345?search_id=f047c697ebba793d9d2479ab988f84d04c0eba3a&search_type=filter&advert_position=394,65000000,Астана,30 апреля,1447,True,False,False,71692000.0,65 000 000 ₸,2018 - н.в. 5 поколение,Пикап,6.2 (бензин),31000,Автомат,Полный привод,Слева,Не указан,Да,all,65000000,6.2,Dodge,6692000.0,Yes,8,7222222.222222222
Toyota land cruiser premium,2021,https://kolesa.kz/a/show/216714661?search_id=f047c697ebba793d9d2479ab988f84d04c0eba3a&search_type=filter&advert_position=396,79990000,Алматы,30 апреля,1342,False,True,False,79103000.0,79 990 000 ₸,2021 - н.в. J300,Внедорожник,3.5 (гибрид),0,Автомат,Полный привод,Слева,Черный металлик,Да,all,79990000,3.5,Toyota,-887000.0,No,5,13331666.666666666
Mercedes-benz gls 450 4matic,2019,https://kolesa.kz/a/show/209245272?search_id=f047c697ebba793d9d2479ab988f84d04c0eba3a&search_type=filter&advert_position=397,90000000,Уральск,30 апреля,2414,False,False,True,84971000.0,90 000 000 ₸,2019 - н.в. X167,Внедорожник,3 (бензин),26,Автомат,Полный привод,Слева,Черный,Да,all,90000000,3.0,Mercedes-benz,-5029000.0,No,7,11250000.0
Mercedes-benz v 300 exclusive,2014,https://kolesa.kz/a/show/208920584?search_id=f047c697ebba793d9d2479ab988f84d04c0eba3a&search_type=filter&advert_position=398,66500000,Шымкент,30 апреля,1835,False,False,True,79103000.0,66 500 000 ₸,2014 - н.в. W447,Минивэн,2 (дизель),26,Автомат,Полный привод,Слева,Черный металлик,Да,all,66500000,2.0,Mercedes-benz,12603000.0,Yes,12,5115384.615384615
Audi q7 55 tfsi,2015,https://kolesa.kz/a/show/208697540?search_id=f047c697ebba793d9d2479ab988f84d04c0eba3a&search_type=filter&advert_position=399,62990000,Костанай,30 апреля,2042,True,False,False,79103000.0,62 990 000 ₸,2015 - н.в. 2 поколение (4M),Кроссовер,3 (бензин),0,Автомат,Полный привод,Слева,Не указан,Да,all,62990000,3.0,Audi,16113000.0,Yes,11,5249166.666666667
Toyota land cruiser gr sport,2021,https://kolesa.kz/a/show/210342110?search_id=f047c697ebba793d9d2479ab988f84d04c0eba3a&search_type=filter&advert_position=400,72390000,Астана,30 апреля,2518,False,False,True,67236000.0,72 390 000 ₸,2021 - н.в. J300,Внедорожник,3.5 (бензин),0,Автомат,Полный привод,Слева,Не указан,Да,all,72390000,3.5,Toyota,-5154000.0,No,5,12065000.0
Toyota land cruiser premium,2021,https://kolesa.kz/a/show/211904968?search_id=b45b1c13ba49b872845e94966bf8200fec8a96de&search_type=filter&advert_position=404,74890000,Астана,30 апреля,2447,False,False,True,67236000.0,74 890 000 ₸,2021 - н.в. J300,Внедорожник,3.5 (бензин),0,Автомат,Полный привод,Слева,Черный,Да,all,74890000,3.5,Toyota,-7654000.0,No,5,12481666.666666666
Mercedes-maybach s 580 4matic,2021,https://kolesa.kz/a/show/208955353?search_id=b45b1c13ba49b872845e94966bf8200fec8a96de&search_type=filter&advert_position=405,155801340,Алматы,30 апреля,5459,True,False,False,79103000.0,155 801 340 ₸,2021 - н.в. Z223,Седан,4 (бензин),7,Автомат,Полный привод,Слева,Черный металлик,Да,all,155801340,4.0,Mercedes-maybach,-76698340.0,No,5,25966890.0
Mercedes-benz s 450 4matic,2020,https://kolesa.kz/a/show/213957109?search_id=b45b1c13ba49b872845e94966bf8200fec8a96de&search_type=filter&advert_position=406,102020000,Алматы,30 апреля,2946,False,False,True,79103000.0,102 020 000 ₸,2020 - н.в. W223,Седан,3 (бензин),0,Автомат,Полный привод,Слева,Черный металлик,Да,all,102020000,3.0,Mercedes-benz,-22917000.0,No,6,14574285.714285715
Bmw x7 xdrive 40i,2022,https://kolesa.kz/a/show/206437041?fromUserSearch=1&search_id=b45b1c13ba49b872845e94966bf8200fec8a96de&search_type=filter&advert_position=407,67000000,Алматы,30 апреля,2471,True,False,False,79103000.0,67 000 000 ₸,2022 - н.в. G07 рестайлинг,Кроссовер,3 (бензин),0,Автомат,Полный привод,Слева,Не указан,Нет,all,67000000,3.0,Bmw,12103000.0,Yes,4,13400000.0
Porsche taycan 4s cross turismo,2019,https://kolesa.kz/a/show/209397448?search_id=b45b1c13ba49b872845e94966bf8200fec8a96de&search_type=filter&advert_position=408,86600000,Алматы,30 апреля,2300,False,False,True,79103000.0,86 600 000 ₸,2019 - н.в. 1 поколение (Y1A),Универсал,Не указан,0,Автомат,Полный привод,Слева,Серый,Да,all,86600000,3.5,Porsche,-7497000.0,No,7,10825000.0
Mercedes-benz g 63 amg 4matic,2024,https://kolesa.kz/a/show/129055899?search_id=b45b1c13ba49b872845e94966bf8200fec8a96de&search_type=filter&advert_position=409,210000000,Астана,30 апреля,13397,False,False,True,79103000.0,210 000 000 ₸,2024 - н.в. W465 рестайлинг,Внедорожник,4 (бензин),1,Автомат,Полный привод,Слева,Серый металлик,Да,all,210000000,4.0,Mercedes-benz,-130897000.0,No,2,70000000.0
Lexus gx 550 overtrail,2023,https://kolesa.kz/a/show/190809350?search_id=b45b1c13ba49b872845e94966bf8200fec8a96de&search_type=filter&advert_position=410,66590000,Шымкент,30 апреля,5266,False,False,True,79103000.0,66 590 000 ₸,2023 - н.в. 3 поколение (J250),Внедорожник,3.5 (бензин),0,Автомат,Полный привод,Слева,Белый металлик,Да,all,66590000,3.5,Lexus,12513000.0,Yes,3,16647500.0
Toyota land cruiser prestige,2021,https://kolesa.kz/a/show/209122374?search_id=b45b1c13ba49b872845e94966bf8200fec8a96de&search_type=filter&advert_position=411,61120500,Алматы,30 апреля,3072,False,False,True,67236000.0,61 120 500 ₸,2021 - н.в. J300,Внедорожник,3.5 (бензин),0,Автомат,Полный привод,Слева,Белый металлик,Да,all,61120500,3.5,Toyota,6115500.0,Yes,5,10186750.0
Bmw x7,2022,https://kolesa.kz/a/show/215200366?search_id=b45b1c13ba49b872845e94966bf8200fec8a96de&search_type=filter&advert_position=412,98055641,Алматы,30 апреля,84,False,False,True,79103000.0,98 055 641 ₸,2022 - н.в. G07 рестайлинг,Кроссовер,4.4 (бензин),3,Автомат,Полный привод,Слева,Белый,Да,all,98055641,4.4,Bmw,-18952641.0,No,4,19611128.2
Toyota land cruiser luxe,2021,https://kolesa.kz/a/show/218469338?search_id=b45b1c13ba49b872845e94966bf8200fec8a96de&search_type=filter&advert_position=413,63000000,Астана,30 апреля,167,True,False,False,67236000.0,63 000 000 ₸,2021 - н.в. J300,Внедорожник,3.5 (бензин),12453,Автомат,Полный привод,Слева,Черный,Да,all,63000000,3.5,Toyota,4236000.0,Yes,5,10500000.0
Dodge ram,2018,https://kolesa.kz/a/show/214309162?search_id=b45b1c13ba49b872845e94966bf8200fec8a96de&search_type=filter&advert_position=414,66500000,Усть-каменогорск,30 апреля,1438,True,False,False,71692000.0,66 500 000 ₸,2018 - н.в. 5 поколение,Пикап,6.2 (бензин),22000,Автомат,Полный привод,Слева,Не указан,Да,all,66500000,6.2,Dodge,5192000.0,Yes,8,7388888.888888889
Lexus lx 700h,2021,https://kolesa.kz/a/show/217645888?search_id=b45b1c13ba49b872845e94966bf8200fec8a96de&search_type=filter&advert_position=415,73000000,Алматы,30 апреля,361,True,False,False,79103000.0,73 000 000 ₸,2021 - н.в. 4 поколение,Внедорожник,3.5 (гибрид),0,Автомат,Полный привод,Слева,Не указан,Нет,all,73000000,3.5,Lexus,6103000.0,Yes,5,12166666.666666666
Mercedes-benz gle coupe 450 amg 4matic,2019,https://kolesa.kz/a/show/215067239?search_id=b45b1c13ba49b872845e94966bf8200fec8a96de&search_type=filter&advert_position=416,66000000,Алматы,30 апреля,814,False,False,True,79103000.0,66 000 000 ₸,2019 - н.в. C293,Кроссовер,3 (бензин),26,Автомат,Полный привод,Слева,Белый,Да,all,66000000,3.0,Mercedes-benz,13103000.0,Yes,7,8250000.0
Mercedes-benz gle coupe 4matic,2019,https://kolesa.kz/a/show/209266596?search_id=b45b1c13ba49b872845e94966bf8200fec8a96de&search_type=filter&advert_position=417,74000000,Шымкент,30 апреля,729,False,False,True,79103000.0,74 000 000 ₸,2019 - н.в. C293,Кроссовер,3 (бензин),26,Автомат,Полный привод,Слева,Белый,Да,all,74000000,3.0,Mercedes-benz,5103000.0,Yes,7,9250000.0
Mercedes-benz s 580 4matic,2020,https://kolesa.kz/a/show/190252490?search_id=b45b1c13ba49b872845e94966bf8200fec8a96de&search_type=filter&advert_position=418,97500000,Алматы,30 апреля,2395,False,False,True,79524000.0,97 500 000 ₸,2020 - н.в. W223,Седан,4 (бензин),26,Автомат,Полный привод,Слева,Черный металлик,Да,all,97500000,4.0,Mercedes-benz,-17976000.0,No,6,13928571.42857143
Bmw x5 m,2024,https://kolesa.kz/a/show/217030757?search_id=b45b1c13ba49b872845e94966bf8200fec8a96de&search_type=filter&advert_position=419,99900000,Астана,30 апреля,440,True,False,False,79103000.0,99 900 000 ₸,,Кроссовер,4.4 (бензин),1411,Автомат,Полный привод,Слева,Черный,Да,all,99900000,4.4,Bmw,-20797000.0,No,2,33300000.0
Toyota land cruiser gr sport,2021,https://kolesa.kz/a/show/210834079?search_id=b45b1c13ba49b872845e94966bf8200fec8a96de&search_type=filter&advert_position=420,64000000,Семей,30 апреля,1785,True,False,False,79103000.0,64 000 000 ₸,2021 - н.в. J300,Внедорожник,3.5 (гибрид),0,Автомат,Полный привод,Слева,Белый металлик,Да,all,64000000,3.5,Toyota,15103000.0,Yes,5,10666666.666666666
Toyota land cruiser gr sport,2021,https://kolesa.kz/a/show/211905384?search_id=66904f5c3ddf37834fc06bb0f020ff82ff97e899&search_type=filter&advert_position=423,73990000,Астана,30 апреля,653,False,False,True,79103000.0,73 990 000 ₸,2021 - н.в. J300,Внедорожник,3.5 (бензин),0,Автомат,Полный привод,Слева,Черный,Да,all,73990000,3.5,Toyota,5113000.0,Yes,5,12331666.666666666
Toyota land cruiser premium,2021,https://kolesa.kz/a/show/167255375?search_id=66904f5c3ddf37834fc06bb0f020ff82ff97e899&search_type=filter&advert_position=424,76690000,Астана,30 апреля,5772,False,False,True,79103000.0,76 690 000 ₸,2021 - н.в. J300,Внедорожник,3.5 (бензин),0,Автомат,Полный привод,Слева,Белый,Да,all,76690000,3.5,Toyota,2413000.0,No,5,12781666.666666666
Bmw x7 xdrive 40i,2022,https://kolesa.kz/a/show/213365224?search_id=66904f5c3ddf37834fc06bb0f020ff82ff97e899&search_type=filter&advert_position=425,84221000,Караганда,30 апреля,374,False,False,True,79300000.0,84 221 000 ₸,2022 - н.в. G07 рестайлинг,Кроссовер,3 (бензин),0,Автомат,Полный привод,Слева,Серый металлик,Да,all,84221000,3.0,Bmw,-4921000.0,No,4,16844200.0
Bmw x7 xdrive 40i,2022,https://kolesa.kz/a/show/215389401?search_id=66904f5c3ddf37834fc06bb0f020ff82ff97e899&search_type=filter&advert_position=426,86228000,Усть-каменогорск,30 апреля,833,False,False,True,79300000.0,86 228 000 ₸,2022 - н.в. G07 рестайлинг,Кроссовер,3 (бензин),0,Автомат,Полный привод,Слева,Серый металлик,Да,all,86228000,3.0,Bmw,-6928000.0,No,4,17245600.0
Infiniti qx80 autograph,2024,https://kolesa.kz/a/show/202141684?search_id=66904f5c3ddf37834fc06bb0f020ff82ff97e899&search_type=filter&advert_position=427,89990000,Астана,30 апреля,4349,False,False,True,79103000.0,89 990 000 ₸,2024 - н.в. Z63,Внедорожник,3.5 (бензин),0,Автомат,Полный привод,Слева,Не указан,Да,all,89990000,3.5,Infiniti,-10887000.0,No,2,29996666.666666668
Bmw x7 xdrive 40i,2022,https://kolesa.kz/a/show/216434847?search_id=66904f5c3ddf37834fc06bb0f020ff82ff97e899&search_type=filter&advert_position=428,84372932,Алматы,30 апреля,407,False,False,True,79300000.0,84 372 932 ₸,2022 - н.в. G07 рестайлинг,Кроссовер,3 (бензин),0,Автомат,Полный привод,Слева,Не указан,Да,all,84372932,3.0,Bmw,-5072932.0,No,4,16874586.4
Lexus lx 600 luxury,2021,https://kolesa.kz/a/show/215314062?search_id=66904f5c3ddf37834fc06bb0f020ff82ff97e899&search_type=filter&advert_position=429,90990000,Актобе,30 апреля,1988,True,False,False,79103000.0,90 990 000 ₸,2021 - н.в. 4 поколение,Внедорожник,3.5 (бензин),0,Автомат,Полный привод,Слева,Не указан,Да,all,90990000,3.5,Lexus,-11887000.0,No,5,15165000.0
Bmw x6 xdrive 40i,2023,https://kolesa.kz/a/show/213200440?search_id=66904f5c3ddf37834fc06bb0f020ff82ff97e899&search_type=filter&advert_position=431,71148302,Астана,30 апреля,2159,False,False,True,71041000.0,71 148 302 ₸,2023 - н.в. G06 рестайлинг,Кроссовер,3 (бензин),0,Автомат,Полный привод,Слева,Не указан,Да,all,71148302,3.0,Bmw,-107302.0,No,3,17787075.5
Cadillac escalade sport platinum,2024,https://kolesa.kz/a/show/215704004?search_id=66904f5c3ddf37834fc06bb0f020ff82ff97e899&search_type=filter&advert_position=432,97770000,Алматы,30 апреля,1427,False,False,True,100000000.0,97 770 000 ₸,2024 - н.в. 5 поколение рестайлинг,Внедорожник,6.2 (бензин),0,Автомат,Полный привод,Слева,Не указан,Да,all,97770000,6.2,Cadillac,2230000.0,No,2,32590000.0
Lexus lx 700h luxury,2021,https://kolesa.kz/a/show/210954761?search_id=66904f5c3ddf37834fc06bb0f020ff82ff97e899&search_type=filter&advert_position=433,100000000,Семей,30 апреля,3494,True,False,False,79103000.0,100 000 000 ₸,2021 - н.в. 4 поколение,Внедорожник,3.5 (гибрид),0,Автомат,Полный привод,Слева,Черный металлик,Да,all,100000000,3.5,Lexus,-20897000.0,No,5,16666666.666666666
Mercedes-benz gle coupe 4matic,2019,https://kolesa.kz/a/show/209260328?search_id=66904f5c3ddf37834fc06bb0f020ff82ff97e899&search_type=filter&advert_position=434,73000000,Актобе,30 апреля,1266,False,False,True,79103000.0,73 000 000 ₸,2019 - н.в. C293,Кроссовер,3 (бензин),26,Автомат,Полный привод,Слева,Серый металлик,Да,all,73000000,3.0,Mercedes-benz,6103000.0,Yes,7,9125000.0
Mercedes-benz gle 450 4matic,2019,https://kolesa.kz/a/show/206626251?search_id=66904f5c3ddf37834fc06bb0f020ff82ff97e899&search_type=filter&advert_position=435,66700000,Шымкент,30 апреля,1324,False,False,True,79103000.0,66 700 000 ₸,2019 - н.в. V167,Кроссовер,3 (бензин),26,Автомат,Полный привод,Слева,Серый металлик,Да,all,66700000,3.0,Mercedes-benz,12403000.0,Yes,7,8337500.0
Mercedes-maybach s 580 4matic,2021,https://kolesa.kz/a/show/209263511?search_id=66904f5c3ddf37834fc06bb0f020ff82ff97e899&search_type=filter&advert_position=436,145000000,Шымкент,30 апреля,4364,False,False,True,79103000.0,145 000 000 ₸,2021 - н.в. Z223,Седан,4 (бензин),26,Автомат,Полный привод,Слева,Черный металлик,Да,all,145000000,4.0,Mercedes-maybach,-65897000.0,No,5,24166666.666666668
Bmw x7 m60i,2022,https://kolesa.kz/a/show/211356806?search_id=66904f5c3ddf37834fc06bb0f020ff82ff97e899&search_type=filter&advert_position=437,72500000,Алматы,30 апреля,2478,True,False,False,79103000.0,72 500 000 ₸,2022 - н.в. G07 рестайлинг,Кроссовер,4.4 (бензин),14001,Автомат,Полный привод,Слева,Не указан,Да,all,72500000,4.4,Bmw,6603000.0,Yes,4,14500000.0
Jeep wrangler rubicon 392,2017,https://kolesa.kz/a/show/180839126?search_id=66904f5c3ddf37834fc06bb0f020ff82ff97e899&search_type=filter&advert_position=438,64000000,Алматы,30 апреля,5048,True,False,False,79103000.0,64 000 000 ₸,2017 - н.в. JL,Внедорожник,6.4 (бензин),0,Автомат,Полный привод,Слева,Не указан,Да,all,64000000,6.4,Jeep,15103000.0,Yes,9,6400000.0
Gmc yukon,2020,https://kolesa.kz/a/show/195189061?search_id=66904f5c3ddf37834fc06bb0f020ff82ff97e899&search_type=filter&advert_position=439,64900000,Алматы,30 апреля,498,True,False,False,79103000.0,64 900 000 ₸,2020 - н.в. GMT1YC,Внедорожник,6.2 (бензин),0,Автомат,Полный привод,Слева,Не указан,Да,all,64900000,6.2,Gmc,14203000.0,Yes,6,9271428.57142857
Dodge ram,2018,https://kolesa.kz/a/show/202231483?search_id=66904f5c3ddf37834fc06bb0f020ff82ff97e899&search_type=filter&advert_position=440,95000000,Алматы,30 апреля,5569,True,False,False,71692000.0,95 000 000 ₸,2018 - н.в. 5 поколение,Пикап,6.2 (бензин),14000,Автомат,Полный привод,Слева,Не указан,Да,all,95000000,6.2,Dodge,-23308000.0,No,8,10555555.555555556
Dodge ram,2018,https://kolesa.kz/a/show/211345821?search_id=b9c1931c5706fb1bfd812ca5d5e90123fa0f87b3&search_type=filter&advert_position=441,60500000,Алматы,30 апреля,2859,True,False,False,79103000.0,60 500 000 ₸,2018 - н.в. 5 поколение,Пикап,6.7 (дизель),11600,Автомат,Полный привод,Слева,Не указан,Да,all,60500000,6.7,Dodge,18603000.0,Yes,8,6722222.222222222
Bmw x7 xdrive 40i,2022,https://kolesa.kz/a/show/217102042?search_id=b9c1931c5706fb1bfd812ca5d5e90123fa0f87b3&search_type=filter&advert_position=442,72500000,Алматы,30 апреля,292,True,False,False,71561000.0,72 500 000 ₸,2022 - н.в. G07 рестайлинг,Кроссовер,3 (бензин),3756,Автомат,Полный привод,Слева,Черный,Да,all,72500000,3.0,Bmw,-939000.0,No,4,14500000.0
Land rover range rover se,2021,https://kolesa.kz/a/show/214600222?search_id=b9c1931c5706fb1bfd812ca5d5e90123fa0f87b3&search_type=filter&advert_position=443,113102000,Костанай,30 апреля,2041,True,False,False,79103000.0,113 102 000 ₸,2021 - н.в. 5 поколение,Внедорожник,3 (бензин),0,Автомат,Полный привод,Слева,Не указан,Да,all,113102000,3.0,Land,-33999000.0,No,5,18850333.333333332
Mercedes-benz g 580 eq 4matic,2018,https://kolesa.kz/a/show/197189801?search_id=b9c1931c5706fb1bfd812ca5d5e90123fa0f87b3&search_type=filter&advert_position=444,148000000,Астана,30 апреля,5871,False,False,True,79103000.0,148 000 000 ₸,2018 - н.в. W463,Внедорожник,Не указан,0,Автомат,Полный привод,Слева,Черный металлик,Да,all,148000000,3.5,Mercedes-benz,-68897000.0,No,8,16444444.444444444
Mercedes-benz g 63 amg 4matic,2018,https://kolesa.kz/a/show/212182182?search_id=b9c1931c5706fb1bfd812ca5d5e90123fa0f87b3&search_type=filter&advert_position=445,192500000,Алматы,30 апреля,9630,False,False,True,79103000.0,192 500 000 ₸,2018 - н.в. W463,Внедорожник,4 (бензин),26,Автомат,Полный привод,Слева,Черный металлик,Да,all,192500000,4.0,Mercedes-benz,-113397000.0,No,8,21388888.888888888
Chevrolet corvette,2020,https://kolesa.kz/a/show/217008799?search_id=b9c1931c5706fb1bfd812ca5d5e90123fa0f87b3&search_type=filter&advert_position=446,72000000,Алматы,30 апреля,1289,True,False,False,79103000.0,72 000 000 ₸,2020 - н.в. С8,Тарга,6.2 (бензин),1580,Робот,Задний привод,Слева,Не указан,Да,all,72000000,6.2,Chevrolet,7103000.0,Yes,6,10285714.285714285
Ford f-series,2020,https://kolesa.kz/a/show/216633921?search_id=b9c1931c5706fb1bfd812ca5d5e90123fa0f87b3&search_type=filter&advert_position=447,74900000,Астана,30 апреля,853,True,False,False,79103000.0,74 900 000 ₸,2020 - н.в. 14 поколение,Пикап,3.5 (бензин),0,Автомат,Полный привод,Слева,Не указан,Да,all,74900000,3.5,Ford,4203000.0,Yes,6,10700000.0
Cadillac escalade sport platinum,2020,https://kolesa.kz/a/show/198528662?search_id=b9c1931c5706fb1bfd812ca5d5e90123fa0f87b3&search_type=filter&advert_position=448,66900000,Алматы,30 апреля,5044,True,False,False,79103000.0,66 900 000 ₸,2020 - н.в. 5 поколение,Внедорожник,3 (дизель),0,Автомат,Полный привод,Слева,Не указан,Да,all,66900000,3.0,Cadillac,12203000.0,Yes,6,9557142.857142856
Bmw x6 xdrive 40i,2023,https://kolesa.kz/a/show/203241754?search_id=b9c1931c5706fb1bfd812ca5d5e90123fa0f87b3&search_type=filter&advert_position=449,78224000,Усть-каменогорск,30 апреля,592,False,False,True,71041000.0,78 224 000 ₸,2023 - н.в. G06 рестайлинг,Кроссовер,3 (бензин),0,Автомат,Полный привод,Слева,Черный металлик,Да,all,78224000,3.0,Bmw,-7183000.0,No,3,19556000.0
Mercedes-benz s 580 4matic,2020,https://kolesa.kz/a/show/200919646?search_id=b9c1931c5706fb1bfd812ca5d5e90123fa0f87b3&search_type=filter&advert_position=450,124000000,Астана,30 апреля,258,False,False,True,79103000.0,124 000 000 ₸,2020 - н.в. W223,Седан,4 (бензин),26,Автомат,Полный привод,Слева,Черный металлик,Да,all,124000000,4.0,Mercedes-benz,-44897000.0,No,6,17714285.714285713
Mercedes-benz gls 63 amg 4matic,2019,https://kolesa.kz/a/show/208808403?search_id=b9c1931c5706fb1bfd812ca5d5e90123fa0f87b3&search_type=filter&advert_position=451,131000000,Атырау,30 апреля,437,False,False,True,79103000.0,131 000 000 ₸,2019 - н.в. X167,Внедорожник,4 (бензин),26,Автомат,Полный привод,Слева,Черный металлик,Да,all,131000000,4.0,Mercedes-benz,-51897000.0,No,7,16375000.0
Mercedes-benz gle 53 amg 4matic,2019,https://kolesa.kz/a/show/209748236?search_id=b9c1931c5706fb1bfd812ca5d5e90123fa0f87b3&search_type=filter&advert_position=452,82500000,Астана,30 апреля,283,False,False,True,79103000.0,82 500 000 ₸,2019 - н.в. V167,Кроссовер,3 (бензин),26,Автомат,Полный привод,Слева,Серый,Да,all,82500000,3.0,Mercedes-benz,-3397000.0,No,7,10312500.0
Mercedes-benz gle 53 amg 4matic,2019,https://kolesa.kz/a/show/213475279?search_id=b9c1931c5706fb1bfd812ca5d5e90123fa0f87b3&search_type=filter&advert_position=453,78000000,Актобе,30 апреля,244,False,False,True,79103000.0,78 000 000 ₸,2019 - н.в. V167,Кроссовер,3 (бензин),26,Автомат,Полный привод,Слева,Черный металлик,Да,all,78000000,3.0,Mercedes-benz,1103000.0,No,7,9750000.0
Toyota land cruiser luxe,2021,https://kolesa.kz/a/show/210835634?search_id=b9c1931c5706fb1bfd812ca5d5e90123fa0f87b3&search_type=filter&advert_position=454,64000000,Семей,30 апреля,2339,True,False,False,79103000.0,64 000 000 ₸,2021 - н.в. J300,Внедорожник,3.5 (гибрид),0,Автомат,Полный привод,Слева,Белый металлик,Да,all,64000000,3.5,Toyota,15103000.0,Yes,5,10666666.666666666
Land rover range rover sport dynamic se,2022,https://kolesa.kz/a/show/217206494?search_id=b9c1931c5706fb1bfd812ca5d5e90123fa0f87b3&search_type=filter&advert_position=455,104391000,Шымкент,30 апреля,408,True,False,False,79103000.0,104 391 000 ₸,2022 - н.в. 3 поколение,Внедорожник,3 (бензин),20,Автомат,Полный привод,Слева,Черный металлик,Да,all,104391000,3.0,Land,-25288000.0,No,4,20878200.0
Mercedes-benz gls 580 4matic,2019,https://kolesa.kz/a/show/216330756?search_id=b9c1931c5706fb1bfd812ca5d5e90123fa0f87b3&search_type=filter&advert_position=456,87000000,Алматы,30 апреля,776,True,False,False,79103000.0,87 000 000 ₸,2019 - н.в. X167,Внедорожник,4 (гибрид),20,Автомат,Полный привод,Слева,Не указан,Нет,all,87000000,4.0,Mercedes-benz,-7897000.0,No,7,10875000.0
Lexus lx 700h luxury,2021,https://kolesa.kz/a/show/212050798?search_id=b9c1931c5706fb1bfd812ca5d5e90123fa0f87b3&search_type=filter&advert_position=457,105000000,Астана,30 апреля,9280,True,False,False,79103000.0,105 000 000 ₸,2021 - н.в. 4 поколение,Внедорожник,3.4 (бензин),17,Автомат,Полный привод,Слева,Не указан,Нет,all,105000000,3.4,Lexus,-25897000.0,No,5,17500000.0
Porsche macan t,2021,https://kolesa.kz/a/show/216624556?search_id=b9c1931c5706fb1bfd812ca5d5e90123fa0f87b3&search_type=filter&advert_position=458,63232200,Алматы,30 апреля,336,False,False,True,79103000.0,63 232 200 ₸,2021 - н.в. 1 поколение [2-й рестайлинг] (95B),Кроссовер,2 (бензин),0,Робот,Полный привод,Слева,Серый,Да,all,63232200,2.0,Porsche,15870800.0,Yes,5,10538700.0
Bmw x7 xdrive 40i,2022,https://kolesa.kz/a/show/196734969?search_id=b9c1931c5706fb1bfd812ca5d5e90123fa0f87b3&search_type=filter&advert_position=459,85263626,Алматы,30 апреля,4676,False,False,True,79300000.0,85 263 626 ₸,2022 - н.в. G07 рестайлинг,Кроссовер,3 (бензин),7,Автомат,Полный привод,Слева,Синий металлик,Да,all,85263626,3.0,Bmw,-5963626.0,No,4,17052725.2
Lexus lx 570,2015,https://kolesa.kz/a/show/210433612?search_id=b9c1931c5706fb1bfd812ca5d5e90123fa0f87b3&search_type=filter&advert_position=460,63500000,Шымкент,30 апреля,1976,False,False,False,54877000.0,63 500 000 ₸,2015 - н.в. 3 поколение [2-й рестайлинг] (J2),Внедорожник,5.7 (бензин),68500,Автомат,Полный привод,Слева,Черный металлик,Да,all,63500000,5.7,Lexus,-8623000.0,No,11,5291666.666666667
Dodge ram,2018,https://kolesa.kz/a/show/216450144?search_id=d7057e76ca9fb3b40b19e85844820e90d37ba97e&search_type=filter&advert_position=464,60000000,Алматы,30 апреля,429,True,False,False,79103000.0,60 000 000 ₸,2018 - н.в. 5 поколение,Пикап,5.7 (бензин),0,Автомат,Полный привод,Слева,Не указан,Да,all,60000000,5.7,Dodge,19103000.0,Yes,8,6666666.666666667
Dodge ram,2018,https://kolesa.kz/a/show/216449282?search_id=d7057e76ca9fb3b40b19e85844820e90d37ba97e&search_type=filter&advert_position=465,81000000,Алматы,30 апреля,882,True,False,False,79103000.0,81 000 000 ₸,2018 - н.в. 5 поколение,Пикап,5.7 (бензин),0,Автомат,Полный привод,Слева,Не указан,Да,all,81000000,5.7,Dodge,-1897000.0,No,8,9000000.0
Mercedes-benz gls 450 4matic,2019,https://kolesa.kz/a/show/204149852?search_id=d7057e76ca9fb3b40b19e85844820e90d37ba97e&search_type=filter&advert_position=466,84600000,Костанай,30 апреля,1990,False,False,True,84971000.0,84 600 000 ₸,2019 - н.в. X167,Внедорожник,3 (бензин),26,Автомат,Полный привод,Слева,Белый,Да,all,84600000,3.0,Mercedes-benz,371000.0,No,7,10575000.0
Mercedes-benz g 63 amg 4matic,2018,https://kolesa.kz/a/show/215150338?search_id=d7057e76ca9fb3b40b19e85844820e90d37ba97e&search_type=filter&advert_position=467,188000000,Алматы,30 апреля,1927,False,False,True,79103000.0,188 000 000 ₸,2018 - н.в. W463,Внедорожник,4 (бензин),26,Автомат,Полный привод,Слева,Черный металлик,Да,all,188000000,4.0,Mercedes-benz,-108897000.0,No,8,20888888.888888888
Mercedes-benz v 300 exclusive,2014,https://kolesa.kz/a/show/208923471?search_id=d7057e76ca9fb3b40b19e85844820e90d37ba97e&search_type=filter&advert_position=468,75000000,Караганда,30 апреля,2044,False,False,True,79103000.0,75 000 000 ₸,2014 - н.в. W447,Минивэн,2 (дизель),26,Автомат,Полный привод,Слева,Черный металлик,Да,all,75000000,2.0,Mercedes-benz,4103000.0,Yes,12,5769230.769230769
Mercedes-benz gle 450 4matic,2019,https://kolesa.kz/a/show/209246497?search_id=d7057e76ca9fb3b40b19e85844820e90d37ba97e&search_type=filter&advert_position=469,71000000,Шымкент,30 апреля,1418,False,False,True,79103000.0,71 000 000 ₸,2019 - н.в. V167,Кроссовер,3 (бензин),26,Автомат,Полный привод,Слева,Серый металлик,Да,all,71000000,3.0,Mercedes-benz,8103000.0,Yes,7,8875000.0
Bmw x7 xdrive 40i,2022,https://kolesa.kz/a/show/213200926?search_id=d7057e76ca9fb3b40b19e85844820e90d37ba97e&search_type=filter&advert_position=471,81461737,Астана,30 апреля,49,False,False,True,79300000.0,81 461 737 ₸,2022 - н.в. G07 рестайлинг,Кроссовер,3 (бензин),0,Автомат,Полный привод,Слева,Не указан,Да,all,81461737,3.0,Bmw,-2161737.0,No,4,16292347.4
Bmw m5,2024,https://kolesa.kz/a/show/215196791?search_id=d7057e76ca9fb3b40b19e85844820e90d37ba97e&search_type=filter&advert_position=472,113363385,Астана,30 апреля,3239,False,False,True,79103000.0,113 363 385 ₸,2024 - н.в. G90,Седан,4.4 (гибрид),0,Автомат,Полный привод,Слева,Не указан,Да,all,113363385,4.4,Bmw,-34260385.0,No,2,37787795.0
Maserati grancabrio trofeo,2024,https://kolesa.kz/a/show/174285074?search_id=d7057e76ca9fb3b40b19e85844820e90d37ba97e&search_type=filter&advert_position=473,131400000,Шымкент,30 апреля,3434,True,False,False,79103000.0,131 400 000 ₸,2024 - н.в. 2 поколение,Кабриолет,3 (бензин),0,Автомат,Задний привод,Слева,Белый металлик,Да,all,131400000,3.0,Maserati,-52297000.0,No,2,43800000.0
Bmw x7,2022,https://kolesa.kz/a/show/218630268?search_id=d7057e76ca9fb3b40b19e85844820e90d37ba97e&search_type=filter&advert_position=474,77000000,Алматы,30 апреля,42,True,False,False,71561000.0,77 000 000 ₸,2022 - н.в. G07 рестайлинг,Кроссовер,3 (бензин),16180,Автомат,Полный привод,Слева,Не указан,Да,all,77000000,3.0,Bmw,-5439000.0,No,4,15400000.0
Land rover range rover sport sv,2022,https://kolesa.kz/a/show/218515843?search_id=d7057e76ca9fb3b40b19e85844820e90d37ba97e&search_type=filter&advert_position=475,160914000,Усть-каменогорск,30 апреля,90,True,False,False,79103000.0,160 914 000 ₸,2022 - н.в. 3 поколение,Внедорожник,4.4 (бензин),21,Автомат,Полный привод,Слева,Синий металлик,Да,all,160914000,4.4,Land,-81811000.0,No,4,32182800.0
Lexus lx 600,2021,https://kolesa.kz/a/show/202694421?search_id=d7057e76ca9fb3b40b19e85844820e90d37ba97e&search_type=filter&advert_position=476,70000000,Алматы,30 апреля,129,False,False,False,69560000.0,70 000 000 ₸,2021 - н.в. 4 поколение,Внедорожник,3.5 (бензин),56000,Автомат,Полный привод,Слева,Белый металлик,Да,all,70000000,3.5,Lexus,-440000.0,No,5,11666666.666666666
Land rover defender s,2019,https://kolesa.kz/a/show/212919369?search_id=d7057e76ca9fb3b40b19e85844820e90d37ba97e&search_type=filter&advert_position=477,81724000,Алматы,30 апреля,1178,True,False,False,79103000.0,81 724 000 ₸,2019 - н.в. 2 поколение (L663),Внедорожник,3 (бензин),20,Автомат,Полный привод,Слева,Белый металлик,Да,all,81724000,3.0,Land,-2621000.0,No,7,10215500.0
Infiniti qx80,2024,https://kolesa.kz/a/show/209583120?search_id=d7057e76ca9fb3b40b19e85844820e90d37ba97e&search_type=filter&advert_position=478,76990000,Костанай,30 апреля,2610,False,False,True,79103000.0,76 990 000 ₸,2024 - н.в. Z63,Внедорожник,3.5 (бензин),0,Автомат,Полный привод,Слева,Не указан,Да,all,76990000,3.5,Infiniti,2113000.0,No,2,25663333.333333332
Infiniti qx80,2024,https://kolesa.kz/a/show/209579761?search_id=d7057e76ca9fb3b40b19e85844820e90d37ba97e&search_type=filter&advert_position=479,69990000,Тараз,30 апреля,2378,False,False,True,79103000.0,69 990 000 ₸,2024 - н.в. Z63,Внедорожник,3.5 (бензин),0,Автомат,Полный привод,Слева,Не указан,Да,all,69990000,3.5,Infiniti,9113000.0,Yes,2,23330000.0
Land rover range rover hse,2021,https://kolesa.kz/a/show/216316351?search_id=d7057e76ca9fb3b40b19e85844820e90d37ba97e&search_type=filter&advert_position=480,120423000,Павлодар,30 апреля,790,True,False,False,79103000.0,120 423 000 ₸,2021 - н.в. 5 поколение,Внедорожник,3 (бензин),1,Автомат,Полный привод,Слева,Черный металлик,Да,all,120423000,3.0,Land,-41320000.0,No,5,20070500.0
Bmw 740 xdrive 30,2022,https://kolesa.kz/a/show/217067038?search_id=7c900a6f8da01bfcf2ab21f099bab77b396f9dd6&search_type=filter&advert_position=485,69000000,Алматы,30 апреля,1574,True,False,False,79103000.0,69 000 000 ₸,2022 - н.в. G70,Седан,3 (бензин),0,Автомат,Полный привод,Слева,Черный металлик,Да,all,69000000,3.0,Bmw,10103000.0,Yes,4,13800000.0
Porsche 911 carrera 4s,2024,https://kolesa.kz/a/show/214594698?search_id=7c900a6f8da01bfcf2ab21f099bab77b396f9dd6&search_type=filter&advert_position=486,144000000,Алматы,30 апреля,2816,False,False,True,79103000.0,144 000 000 ₸,2024 - н.в. 992 рестайлинг (992),Купе,3 (бензин),0,Робот,Полный привод,Слева,Синий металлик,Да,all,144000000,3.0,Porsche,-64897000.0,No,2,48000000.0
Lexus lx 600 luxury,2021,https://kolesa.kz/a/show/202894717?search_id=7c900a6f8da01bfcf2ab21f099bab77b396f9dd6&search_type=filter&advert_position=487,93590000,Шымкент,30 апреля,5019,False,False,True,79103000.0,93 590 000 ₸,2021 - н.в. 4 поколение,Внедорожник,3.5 (бензин),0,Автомат,Полный привод,Слева,Белый металлик,Да,all,93590000,3.5,Lexus,-14487000.0,No,5,15598333.333333334
Lexus lx 600 luxury 7s,2021,https://kolesa.kz/a/show/210208003?search_id=7c900a6f8da01bfcf2ab21f099bab77b396f9dd6&search_type=filter&advert_position=488,88190000,Усть-каменогорск,30 апреля,11228,False,False,True,86302000.0,88 190 000 ₸,2021 - н.в. 4 поколение,Внедорожник,3.5 (бензин),0,Автомат,Полный привод,Слева,Серебристый металлик,Да,all,88190000,3.5,Lexus,-1888000.0,No,5,14698333.333333334
Land rover range rover sport sv,2022,https://kolesa.kz/a/show/218515719?search_id=7c900a6f8da01bfcf2ab21f099bab77b396f9dd6&search_type=filter&advert_position=489,160914000,Шымкент,30 апреля,112,True,False,False,79103000.0,160 914 000 ₸,2022 - н.в. 3 поколение,Внедорожник,4.4 (бензин),21,Автомат,Полный привод,Слева,Синий металлик,Да,all,160914000,4.4,Land,-81811000.0,No,4,32182800.0
Ferrari purosangue,2022,https://kolesa.kz/a/show/217803570?search_id=7c900a6f8da01bfcf2ab21f099bab77b396f9dd6&search_type=filter&advert_position=490,243000000,Алматы,30 апреля,1509,True,False,False,79103000.0,243 000 000 ₸,2022 - н.в. 1 поколение,Внедорожник,6.5 (бензин),0,Робот,Полный привод,Слева,Не указан,Нет,all,243000000,6.5,Ferrari,-163897000.0,No,4,48600000.0
Bmw x7,2022,https://kolesa.kz/a/show/217653991?search_id=7c900a6f8da01bfcf2ab21f099bab77b396f9dd6&search_type=filter&advert_position=491,82000000,Алматы,29 апреля,1302,False,False,False,79300000.0,82 000 000 ₸,2022 - н.в. G07 рестайлинг,Кроссовер,3 (бензин),14000,Автомат,Полный привод,Слева,Серый,Да,all,82000000,3.0,Bmw,-2700000.0,No,4,16400000.0
Toyota land cruiser,2021,https://kolesa.kz/a/show/217044041?search_id=7c900a6f8da01bfcf2ab21f099bab77b396f9dd6&search_type=filter&advert_position=492,62000000,Астана,29 апреля,1504,False,False,False,67236000.0,62 000 000 ₸,2021 - н.в. J300,Внедорожник,3.5 (бензин),9500,Автомат,Полный привод,Слева,Черный металлик,Да,all,62000000,3.5,Toyota,5236000.0,Yes,5,10333333.333333334
Mercedes-benz gls 580,2019,https://kolesa.kz/a/show/214106626?search_id=7c900a6f8da01bfcf2ab21f099bab77b396f9dd6&search_type=filter&advert_position=493,80000000,Астана,29 апреля,525,False,False,False,79000000.0,80 000 000 ₸,2019 - н.в. X167,Внедорожник,4 (бензин),23000,Автомат,Полный привод,Слева,Черный металлик,Да,all,80000000,4.0,Mercedes-benz,-1000000.0,No,7,10000000.0
Mercedes-benz g 63 amg,2024,https://kolesa.kz/a/show/218654767?search_id=7c900a6f8da01bfcf2ab21f099bab77b396f9dd6&search_type=filter&advert_position=494,169000000,Алматы,29 апреля,123,False,False,False,177311000.0,169 000 000 ₸,2024 - н.в. W463 рестайлинг,Внедорожник,4 (бензин),5500,Автомат,Полный привод,Слева,Серый,Да,all,169000000,4.0,Mercedes-benz,8311000.0,No,2,56333333.333333336
Mercedes-benz g 63 amg,2024,https://kolesa.kz/a/show/211869775?search_id=7c900a6f8da01bfcf2ab21f099bab77b396f9dd6&search_type=filter&advert_position=495,188000000,Алматы,29 апреля,2551,False,False,False,189071000.0,188 000 000 ₸,2024 - н.в. W465 рестайлинг,Внедорожник,4 (бензин),20,Автомат,Полный привод,Слева,Черный металлик,Да,all,188000000,4.0,Mercedes-benz,1071000.0,No,2,62666666.666666664
Lexus lx 570,2015,https://kolesa.kz/a/show/218636809?search_id=7c900a6f8da01bfcf2ab21f099bab77b396f9dd6&search_type=filter&advert_position=496,60000000,Алматы,29 апреля,138,False,False,False,57686000.0,60 000 000 ₸,2015 - н.в. 3 поколение [2-й рестайлинг] (J2),Внедорожник,5.7 (бензин),70000,Автомат,Полный привод,Слева,Не указан,Да,all,60000000,5.7,Lexus,-2314000.0,No,11,5000000.0
Lexus lx 700h,2021,https://kolesa.kz/a/show/217961035?search_id=7c900a6f8da01bfcf2ab21f099bab77b396f9dd6&search_type=filter&advert_position=497,115000000,Алматы,29 апреля,881,False,False,False,79103000.0,115 000 000 ₸,2021 - н.в. 4 поколение,Внедорожник,3.4 (бензин),16,Автомат,Полный привод,Слева,Не указан,Да,all,115000000,3.4,Lexus,-35897000.0,No,5,19166666.666666668
Mercedes-benz v 300 exclusive,2014,https://kolesa.kz/a/show/129053979?search_id=7c900a6f8da01bfcf2ab21f099bab77b396f9dd6&search_type=filter&advert_position=498,72000000,Астана,29 апреля,3082,False,False,True,79103000.0,72 000 000 ₸,2014 - н.в. W447,Минивэн,2 (дизель),0,Автомат,Задний привод,Слева,Черный металлик,Нет,all,72000000,2.0,Mercedes-benz,7103000.0,Yes,12,5538461.538461538
Bmw x5,2023,https://kolesa.kz/a/show/217075013?search_id=7c900a6f8da01bfcf2ab21f099bab77b396f9dd6&search_type=filter&advert_position=499,92000000,Шымкент,29 апреля,1517,False,False,False,79103000.0,92 000 000 ₸,2023 - н.в. G05 рестайлинг,Кроссовер,4.4 (бензин),0,Автомат,Полный привод,Слева,Черный,Да,all,92000000,4.4,Bmw,-12897000.0,No,3,23000000.0
Mercedes-benz g 63 amg,2018,https://kolesa.kz/a/show/216869381?search_id=7c900a6f8da01bfcf2ab21f099bab77b396f9dd6&search_type=filter&advert_position=500,150000000,Шымкент,29 апреля,1116,False,False,False,146412000.0,150 000 000 ₸,2018 - н.в. W463,Внедорожник,4 (бензин),15000,Автомат,Полный привод,Слева,Серый металлик,Да,all,150000000,4.0,Mercedes-benz,-3588000.0,No,8,16666666.666666666
Bmw x7,2022,https://kolesa.kz/a/show/218042426?search_id=f5aad1fbba2b05ba2e079e1aa3eab8d9ddff74e5&search_type=filter&advert_position=504,60500000,Алматы,29 апреля,163,False,False,False,61285000.0,60 500 000 ₸,2022 - н.в. G07 рестайлинг,Кроссовер,3 (бензин),12000,Автомат,Полный привод,Слева,Не указан,Да,all,60500000,3.0,Bmw,785000.0,No,4,12100000.0
Nissan patrol titanium,2024,https://kolesa.kz/a/show/202141007?search_id=f5aad1fbba2b05ba2e079e1aa3eab8d9ddff74e5&search_type=filter&advert_position=505,64990000,Караганда,30 апреля,3247,False,False,True,79103000.0,64 990 000 ₸,2024 - н.в. Y63,Внедорожник,3.5 (бензин),0,Автомат,Полный привод,Слева,Не указан,Да,all,64990000,3.5,Nissan,14113000.0,Yes,2,21663333.333333332
Mercedes-benz gls 450 4matic,2019,https://kolesa.kz/a/show/151564042?search_id=f5aad1fbba2b05ba2e079e1aa3eab8d9ddff74e5&search_type=filter&advert_position=506,94700000,Астана,29 апреля,4076,False,False,True,84971000.0,94 700 000 ₸,2019 - н.в. X167,Внедорожник,3 (бензин),0,Автомат,Полный привод,Слева,Серый,Да,all,94700000,3.0,Mercedes-benz,-9729000.0,No,7,11837500.0
Lexus gx 550 luxury,2023,https://kolesa.kz/a/show/209576472?search_id=f5aad1fbba2b05ba2e079e1aa3eab8d9ddff74e5&search_type=filter&advert_position=507,68590000,Шымкент,29 апреля,5236,False,False,True,79103000.0,68 590 000 ₸,2023 - н.в. 3 поколение (J250),Внедорожник,3.5 (бензин),0,Автомат,Полный привод,Слева,Серый металлик,Да,all,68590000,3.5,Lexus,10513000.0,Yes,3,17147500.0
Bmw m5,2024,https://kolesa.kz/a/show/207995515?search_id=f5aad1fbba2b05ba2e079e1aa3eab8d9ddff74e5&search_type=filter&advert_position=508,95000000,Алматы,29 апреля,3443,False,False,False,79103000.0,95 000 000 ₸,2024 - н.в. G90,Седан,4.4 (гибрид),3333,Автомат,Полный привод,Слева,Черный,Да,all,95000000,4.4,Bmw,-15897000.0,No,2,31666666.666666668
Lexus lx 700h vip,2021,https://kolesa.kz/a/show/209686133?search_id=f5aad1fbba2b05ba2e079e1aa3eab8d9ddff74e5&search_type=filter&advert_position=509,110000000,Алматы,29 апреля,2867,True,False,False,79103000.0,110 000 000 ₸,2021 - н.в. 4 поколение,Внедорожник,3.4 (бензин),0,Автомат,Полный привод,Слева,Черный,Да,all,110000000,3.4,Lexus,-30897000.0,No,5,18333333.333333332
Mercedes-benz s 580,2020,https://kolesa.kz/a/show/215206792?search_id=f5aad1fbba2b05ba2e079e1aa3eab8d9ddff74e5&search_type=filter&advert_position=510,60000000,Шымкент,29 апреля,372,False,False,False,67731000.0,60 000 000 ₸,2020 - н.в. W223,Седан,4 (бензин),100000,Автомат,Полный привод,Слева,Черный,Да,all,60000000,4.0,Mercedes-benz,7731000.0,Yes,6,8571428.57142857
Lexus lx 600,2021,https://kolesa.kz/a/show/216890120?search_id=f5aad1fbba2b05ba2e079e1aa3eab8d9ddff74e5&search_type=filter&advert_position=511,79000000,Шымкент,29 апреля,1005,False,False,False,79103000.0,79 000 000 ₸,2021 - н.в. 4 поколение,Внедорожник,3.5 (бензин),27000,Автомат,Полный привод,Слева,Не указан,Да,all,79000000,3.5,Lexus,103000.0,No,5,13166666.666666666
Land rover range rover sport dynamic hse,2022,https://kolesa.kz/a/show/217409255?search_id=f5aad1fbba2b05ba2e079e1aa3eab8d9ddff74e5&search_type=filter&advert_position=512,111398000,Алматы,29 апреля,491,True,False,False,79103000.0,111 398 000 ₸,2022 - н.в. 3 поколение,Внедорожник,3 (бензин),20,Автомат,Полный привод,Слева,Серый,Да,all,111398000,3.0,Land,-32295000.0,No,4,22279600.0
Infiniti qx80,2024,https://kolesa.kz/a/show/210923607?search_id=f5aad1fbba2b05ba2e079e1aa3eab8d9ddff74e5&search_type=filter&advert_position=513,69990000,Шымкент,29 апреля,2425,False,False,True,79103000.0,69 990 000 ₸,2024 - н.в. Z63,Внедорожник,3.5 (бензин),0,Автомат,Полный привод,Слева,Не указан,Да,all,69990000,3.5,Infiniti,9113000.0,Yes,2,23330000.0
Mercedes-benz gls 450 4matic,2019,https://kolesa.kz/a/show/215868098?search_id=f5aad1fbba2b05ba2e079e1aa3eab8d9ddff74e5&search_type=filter&advert_position=514,92971680,Алматы,29 апреля,1288,False,False,True,84971000.0,92 971 680 ₸,2019 - н.в. X167,Внедорожник,3 (бензин),8,Автомат,Полный привод,Слева,Черный металлик,Да,all,92971680,3.0,Mercedes-benz,-8000680.0,No,7,11621460.0
Land rover range rover autobiography,2021,https://kolesa.kz/a/show/216356387?search_id=f5aad1fbba2b05ba2e079e1aa3eab8d9ddff74e5&search_type=filter&advert_position=515,138977000,Астана,30 апреля,1511,False,False,True,79103000.0,138 977 000 ₸,2021 - н.в. 5 поколение,Внедорожник,4.4 (бензин),0,Автомат,Полный привод,Слева,Не указан,Да,all,138977000,4.4,Land,-59874000.0,No,5,23162833.333333332
Porsche macan rwd,2024,https://kolesa.kz/a/show/197394251?search_id=f5aad1fbba2b05ba2e079e1aa3eab8d9ddff74e5&search_type=filter&advert_position=516,64389780,Алматы,29 апреля,2203,False,False,True,79103000.0,64 389 780 ₸,2024 - н.в. 2 поколение,Кроссовер,Не указан,0,Автомат,Задний привод,Слева,Черный металлик,Да,all,64389780,3.5,Porsche,14713220.0,Yes,2,21463260.0
Mercedes-benz s 450 4matic,2020,https://kolesa.kz/a/show/174179991?search_id=f5aad1fbba2b05ba2e079e1aa3eab8d9ddff74e5&search_type=filter&advert_position=517,120000000,Астана,30 апреля,6339,False,False,True,79103000.0,120 000 000 ₸,2020 - н.в. W223,Седан,3 (бензин),0,Автомат,Полный привод,Слева,Синий металлик,Да,all,120000000,3.0,Mercedes-benz,-40897000.0,No,6,17142857.14285714
Mercedes-benz g 63 amg,2015,https://kolesa.kz/a/show/184040232?search_id=f5aad1fbba2b05ba2e079e1aa3eab8d9ddff74e5&search_type=filter&advert_position=518,60000000,Алматы,29 апреля,336,False,False,False,43016000.0,60 000 000 ₸,2015 - 2018 W463 [3-й рестайлинг],Внедорожник,5.5 (бензин),65000,Автомат,Полный привод,Слева,Жёлтый металлик,Да,all,60000000,5.5,Mercedes-benz,-16984000.0,No,11,5000000.0
Mercedes-benz g 63 amg,2018,https://kolesa.kz/a/show/217325388?search_id=f5aad1fbba2b05ba2e079e1aa3eab8d9ddff74e5&search_type=filter&advert_position=519,99000000,Алматы,29 апреля,29,False,False,False,104010000.0,99 000 000 ₸,2018 - н.в. W463,Внедорожник,4 (бензин),53000,Автомат,Полный привод,Слева,Черный металлик,Да,all,99000000,4.0,Mercedes-benz,5010000.0,No,8,11000000.0
Mercedes-benz g 63 amg,2018,https://kolesa.kz/a/show/218606540?search_id=f5aad1fbba2b05ba2e079e1aa3eab8d9ddff74e5&search_type=filter&advert_position=520,91500000,Алматы,29 апреля,77,False,False,False,97925000.0,91 500 000 ₸,2018 - н.в. W463,Внедорожник,4 (бензин),83000,Автомат,Полный привод,Слева,Не указан,Да,all,91500000,4.0,Mercedes-benz,6425000.0,Yes,8,10166666.666666666
Infiniti qx80,2024,https://kolesa.kz/a/show/210925010?search_id=6b57cc5170df888163fb0bfd533bbc5ab0017ac8&search_type=filter&advert_position=522,88990000,Астана,30 апреля,3083,False,False,True,79103000.0,88 990 000 ₸,2024 - н.в. Z63,Внедорожник,3.5 (бензин),0,Автомат,Полный привод,Слева,Не указан,Да,all,88990000,3.5,Infiniti,-9887000.0,No,2,29663333.333333332
Bmw x6 xdrive 40i,2023,https://kolesa.kz/a/show/215664908?search_id=6b57cc5170df888163fb0bfd533bbc5ab0017ac8&search_type=filter&advert_position=523,74127000,Актау,29 апреля,575,False,False,True,71041000.0,74 127 000 ₸,2023 - н.в. G06 рестайлинг,Кроссовер,3 (бензин),13,Автомат,Полный привод,Слева,Не указан,Да,all,74127000,3.0,Bmw,-3086000.0,No,3,18531750.0
Mercedes-benz gle coupe 450 amg 4matic,2019,https://kolesa.kz/a/show/172747374?search_id=6b57cc5170df888163fb0bfd533bbc5ab0017ac8&search_type=filter&advert_position=524,76000000,Астана,30 апреля,1863,False,False,True,79103000.0,76 000 000 ₸,2019 - н.в. C293,Кроссовер,3 (бензин),0,Автомат,Полный привод,Слева,Черный металлик,Да,all,76000000,3.0,Mercedes-benz,3103000.0,No,7,9500000.0
Land rover defender x-dynamic se,2019,https://kolesa.kz/a/show/217208117?search_id=6b57cc5170df888163fb0bfd533bbc5ab0017ac8&search_type=filter&advert_position=525,81056000,Атырау,29 апреля,282,True,False,False,79103000.0,81 056 000 ₸,2019 - н.в. 2 поколение (L663),Внедорожник,3 (бензин),20,Автомат,Полный привод,Слева,Коричневый металлик,Да,all,81056000,3.0,Land,-1953000.0,No,7,10132000.0
Infiniti qx80,2024,https://kolesa.kz/a/show/213973928?search_id=6b57cc5170df888163fb0bfd533bbc5ab0017ac8&search_type=filter&advert_position=526,76990000,Павлодар,30 апреля,1430,False,False,True,79103000.0,76 990 000 ₸,2024 - н.в. Z63,Внедорожник,3.5 (бензин),0,Автомат,Полный привод,Слева,Не указан,Да,all,76990000,3.5,Infiniti,2113000.0,No,2,25663333.333333332
Mercedes-benz gle coupe 450 amg 4matic,2019,https://kolesa.kz/a/show/197188954?search_id=6b57cc5170df888163fb0bfd533bbc5ab0017ac8&search_type=filter&advert_position=527,73000000,Астана,30 апреля,2160,False,False,True,79103000.0,73 000 000 ₸,2019 - н.в. C293,Кроссовер,3 (бензин),0,Автомат,Полный привод,Слева,Белый,Да,all,73000000,3.0,Mercedes-benz,6103000.0,Yes,7,9125000.0
Lexus lx 600,2021,https://kolesa.kz/a/show/211275497?search_id=6b57cc5170df888163fb0bfd533bbc5ab0017ac8&search_type=filter&advert_position=528,73000000,Алматы,29 апреля,242,False,False,False,69560000.0,73 000 000 ₸,2021 - н.в. 4 поколение,Внедорожник,3.5 (бензин),38000,Автомат,Полный привод,Слева,Черный,Да,all,73000000,3.5,Lexus,-3440000.0,No,5,12166666.666666666
Lexus gx 550 overtrail,2023,https://kolesa.kz/a/show/210159998?search_id=6b57cc5170df888163fb0bfd533bbc5ab0017ac8&search_type=filter&advert_position=529,66190000,Алматы,29 апреля,4673,False,False,True,59305000.0,66 190 000 ₸,2023 - н.в. 3 поколение (J250),Внедорожник,3.4 (бензин),0,Автомат,Полный привод,Слева,Белый металлик,Да,all,66190000,3.4,Lexus,-6885000.0,No,3,16547500.0
Nissan patrol,2024,https://kolesa.kz/a/show/209579278?search_id=6b57cc5170df888163fb0bfd533bbc5ab0017ac8&search_type=filter&advert_position=530,64990000,Тараз,30 апреля,2591,False,False,True,79103000.0,64 990 000 ₸,2024 - н.в. Y63,Внедорожник,3.5 (бензин),0,Автомат,Полный привод,Слева,Не указан,Да,all,64990000,3.5,Nissan,14113000.0,Yes,2,21663333.333333332
Land rover range rover se,2021,https://kolesa.kz/a/show/214600235?search_id=6b57cc5170df888163fb0bfd533bbc5ab0017ac8&search_type=filter&advert_position=531,113102000,Караганда,30 апреля,1778,True,False,False,79103000.0,113 102 000 ₸,2021 - н.в. 5 поколение,Внедорожник,3 (бензин),0,Автомат,Полный привод,Слева,Не указан,Да,all,113102000,3.0,Land,-33999000.0,No,5,18850333.333333332
Porsche cayenne s,2023,https://kolesa.kz/a/show/216321726?search_id=6b57cc5170df888163fb0bfd533bbc5ab0017ac8&search_type=filter&advert_position=532,124584000,Алматы,29 апреля,605,False,False,True,79103000.0,124 584 000 ₸,2023 - н.в. 3 поколение рестайлинг,Кроссовер,4 (бензин),0,Автомат,Полный привод,Слева,Серый,Да,all,124584000,4.0,Porsche,-45481000.0,No,3,31146000.0
Bmw m5,2024,https://kolesa.kz/a/show/217974346?search_id=6b57cc5170df888163fb0bfd533bbc5ab0017ac8&search_type=filter&advert_position=533,113023283,Алматы,29 апреля,956,False,False,True,79103000.0,113 023 283 ₸,2024 - н.в. G90,Седан,4.4 (гибрид),23,Автомат,Полный привод,Слева,Красный металлик,Да,all,113023283,4.4,Bmw,-33920283.0,No,2,37674427.666666664
Mercedes-benz g 63 amg,2018,https://kolesa.kz/a/show/217015856?search_id=6b57cc5170df888163fb0bfd533bbc5ab0017ac8&search_type=filter&advert_position=534,109000000,Алматы,29 апреля,340,False,False,False,97925000.0,109 000 000 ₸,2018 - н.в. W463,Внедорожник,4 (бензин),18000,Автомат,Полный привод,Слева,Черный,Да,all,109000000,4.0,Mercedes-benz,-11075000.0,No,8,12111111.111111112
Land rover range rover autobiography,2021,https://kolesa.kz/a/show/217205817?search_id=6b57cc5170df888163fb0bfd533bbc5ab0017ac8&search_type=filter&advert_position=535,137094000,Шымкент,30 апреля,509,True,False,False,79103000.0,137 094 000 ₸,2021 - н.в. 5 поколение,Внедорожник,4.4 (бензин),20,Автомат,Полный привод,Слева,Черный металлик,Да,all,137094000,4.4,Land,-57991000.0,No,5,22849000.0
Mercedes-maybach gls 600 4matic,2019,https://kolesa.kz/a/show/181638985?search_id=6b57cc5170df888163fb0bfd533bbc5ab0017ac8&search_type=filter&advert_position=536,165000000,Астана,29 апреля,4804,True,False,False,79103000.0,165 000 000 ₸,2019 - н.в. 1 поколение,Внедорожник,4 (гибрид),0,Автомат,Полный привод,Слева,Черный металлик,Да,all,165000000,4.0,Mercedes-maybach,-85897000.0,No,7,20625000.0
Toyota land cruiser premium,2021,https://kolesa.kz/a/show/211803096?search_id=6b57cc5170df888163fb0bfd533bbc5ab0017ac8&search_type=filter&advert_position=537,75890000,Алматы,29 апреля,8466,False,False,True,79103000.0,75 890 000 ₸,2021 - н.в. J300,Внедорожник,3.5 (бензин),0,Автомат,Полный привод,Слева,Не указан,Да,all,75890000,3.5,Toyota,3213000.0,No,5,12648333.333333334
Lexus lx 600,2021,https://kolesa.kz/a/show/218069019?search_id=6b57cc5170df888163fb0bfd533bbc5ab0017ac8&search_type=filter&advert_position=538,76000000,Тараз,29 апреля,322,False,False,False,79103000.0,76 000 000 ₸,2021 - н.в. 4 поколение,Внедорожник,3.5 (бензин),47000,Автомат,Полный привод,Слева,Черный металлик,Да,all,76000000,3.5,Lexus,3103000.0,No,5,12666666.666666666
Bmw x6 xdrive 40i,2023,https://kolesa.kz/a/show/215664903?search_id=589f6a153a151c2532625658bdfb41c705c434d8&search_type=filter&advert_position=541,74127000,Актобе,29 апреля,293,False,False,True,71041000.0,74 127 000 ₸,2023 - н.в. G06 рестайлинг,Кроссовер,3 (бензин),13,Автомат,Полный привод,Слева,Не указан,Да,all,74127000,3.0,Bmw,-3086000.0,No,3,18531750.0
Mercedes-benz gls 580 4matic,2019,https://kolesa.kz/a/show/199277837?search_id=589f6a153a151c2532625658bdfb41c705c434d8&search_type=filter&advert_position=542,165000000,Астана,29 апреля,8067,False,False,True,79103000.0,165 000 000 ₸,2019 - н.в. X167,Внедорожник,4 (бензин),0,Автомат,Полный привод,Слева,Черный металлик,Да,all,165000000,4.0,Mercedes-benz,-85897000.0,No,7,20625000.0
Land rover defender,2019,https://kolesa.kz/a/show/213183641?search_id=589f6a153a151c2532625658bdfb41c705c434d8&search_type=filter&advert_position=543,75500000,Астана,30 апреля,91,False,False,False,79103000.0,75 500 000 ₸,2019 - н.в. 2 поколение (L663),Внедорожник,3 (бензин),0,Автомат,Полный привод,Слева,Зеленый металлик,Да,all,75500000,3.0,Land,3603000.0,No,7,9437500.0
Lexus lx 600,2021,https://kolesa.kz/a/show/211170829?search_id=589f6a153a151c2532625658bdfb41c705c434d8&search_type=filter&advert_position=544,77000000,Астана,29 апреля,223,False,False,False,79103000.0,77 000 000 ₸,2021 - н.в. 4 поколение,Внедорожник,3.5 (бензин),45000,Автомат,Полный привод,Слева,Серый металлик,Да,all,77000000,3.5,Lexus,2103000.0,No,5,12833333.333333334
Bmw m5,2024,https://kolesa.kz/a/show/213512581?search_id=589f6a153a151c2532625658bdfb41c705c434d8&search_type=filter&advert_position=545,93000000,Усть-каменогорск,29 апреля,1634,False,False,False,101992000.0,93 000 000 ₸,2024 - н.в. G90,Седан,4.4 (гибрид),12000,Автомат,Полный привод,Слева,Не указан,Да,all,93000000,4.4,Bmw,8992000.0,Yes,2,31000000.0
Mercedes-benz amg gt,2017,https://kolesa.kz/a/show/208376782?search_id=589f6a153a151c2532625658bdfb41c705c434d8&search_type=filter&advert_position=546,63500000,Астана,29 апреля,752,False,False,False,63063000.0,63 500 000 ₸,2017 - 2024 1 поколение рестайлинг,Лифтбек,4 (бензин),50000,Робот,Полный привод,Слева,Черный,Да,all,63500000,4.0,Mercedes-benz,-437000.0,No,9,6350000.0
Toyota sequoia,2022,https://kolesa.kz/a/show/218221643?search_id=589f6a153a151c2532625658bdfb41c705c434d8&search_type=filter&advert_position=547,63000000,Астана,30 апреля,162,False,False,False,79103000.0,63 000 000 ₸,2022 - н.в. 3 поколение,Внедорожник,3.5 (гибрид),18000,Автомат,Полный привод,Слева,Не указан,Да,all,63000000,3.5,Toyota,16103000.0,Yes,4,12600000.0
Land rover range rover sport dynamic se,2022,https://kolesa.kz/a/show/216140127?search_id=589f6a153a151c2532625658bdfb41c705c434d8&search_type=filter&advert_position=548,100789000,Астана,30 апреля,1325,False,False,True,79103000.0,100 789 000 ₸,2022 - н.в. 3 поколение,Внедорожник,3 (бензин),1,Автомат,Полный привод,Слева,Черный металлик,Да,all,100789000,3.0,Land,-21686000.0,No,4,20157800.0
Bmw m3,2007,https://kolesa.kz/a/show/204740606?search_id=589f6a153a151c2532625658bdfb41c705c434d8&search_type=filter&advert_position=549,60000000,Астана,29 апреля,605,False,False,False,79103000.0,60 000 000 ₸,2007 - 2013 E90,Купе,4 (бензин),55000,Робот,Задний привод,Слева,Белый,Да,all,60000000,4.0,Bmw,19103000.0,Yes,19,3000000.0
Nissan patrol,2024,https://kolesa.kz/a/show/209577531?search_id=589f6a153a151c2532625658bdfb41c705c434d8&search_type=filter&advert_position=550,64990000,Атырау,30 апреля,3037,False,False,True,79103000.0,64 990 000 ₸,2024 - н.в. Y63,Внедорожник,3.5 (бензин),0,Автомат,Полный привод,Слева,Не указан,Да,all,64990000,3.5,Nissan,14113000.0,Yes,2,21663333.333333332
Mercedes-benz s 580 4matic,2020,https://kolesa.kz/a/show/199896083?search_id=589f6a153a151c2532625658bdfb41c705c434d8&search_type=filter&advert_position=552,97404000,Алматы,29 апреля,4580,False,False,True,79103000.0,97 404 000 ₸,2020 - н.в. W223,Седан,4 (бензин),0,Автомат,Полный привод,Слева,Черный металлик,Да,all,97404000,4.0,Mercedes-benz,-18301000.0,No,6,13914857.142857144
Bmw x5,2023,https://kolesa.kz/a/show/217986542?search_id=589f6a153a151c2532625658bdfb41c705c434d8&search_type=filter&advert_position=553,60000000,Алматы,29 апреля,448,False,False,False,59457000.0,60 000 000 ₸,2023 - н.в. G05 рестайлинг,Кроссовер,3 (бензин),25000,Автомат,Полный привод,Слева,Черный,Да,all,60000000,3.0,Bmw,-543000.0,No,3,15000000.0
Land rover range rover se,2021,https://kolesa.kz/a/show/214080102?search_id=589f6a153a151c2532625658bdfb41c705c434d8&search_type=filter&advert_position=554,114554000,Алматы,30 апреля,486,True,False,False,79103000.0,114 554 000 ₸,2021 - н.в. 5 поколение,Внедорожник,3 (бензин),20,Автомат,Полный привод,Слева,Белый металлик,Да,all,114554000,3.0,Land,-35451000.0,No,5,19092333.333333332
Lexus lx 600 f sport,2021,https://kolesa.kz/a/show/215867811?search_id=589f6a153a151c2532625658bdfb41c705c434d8&search_type=filter&advert_position=555,95100000,Алматы,30 апреля,2630,True,False,False,79103000.0,95 100 000 ₸,2021 - н.в. 4 поколение,Внедорожник,3.5 (бензин),0,Автомат,Полный привод,Слева,Серый,Нет,all,95100000,3.5,Lexus,-15997000.0,No,5,15850000.0
Mercedes-benz g 63 amg 4matic,2024,https://kolesa.kz/a/show/181297418?search_id=589f6a153a151c2532625658bdfb41c705c434d8&search_type=filter&advert_position=556,205000000,Астана,29 апреля,12270,False,False,True,79103000.0,205 000 000 ₸,2024 - н.в. W465 рестайлинг,Внедорожник,4 (бензин),15,Автомат,Полный привод,Слева,Зеленый металлик,Да,all,205000000,4.0,Mercedes-benz,-125897000.0,No,2,68333333.33333333
Bmw x5 xdrive 40i,2023,https://kolesa.kz/a/show/217098401?search_id=589f6a153a151c2532625658bdfb41c705c434d8&search_type=filter&advert_position=558,67000000,Алматы,30 апреля,299,True,False,False,59457000.0,67 000 000 ₸,2023 - н.в. G05 рестайлинг,Кроссовер,3 (бензин),9862,Автомат,Полный привод,Слева,Серый,Да,all,67000000,3.0,Bmw,-7543000.0,No,3,16750000.0
Porsche cayenne,2017,https://kolesa.kz/a/show/210282240?search_id=589f6a153a151c2532625658bdfb41c705c434d8&search_type=filter&advert_position=559,90000000,Астана,29 апреля,1191,False,False,False,79103000.0,90 000 000 ₸,2017 - н.в. 3 поколение (9YA),Кроссовер,4 (бензин),9800,Автомат,Полный привод,Слева,Не указан,Да,all,90000000,4.0,Porsche,-10897000.0,No,9,9000000.0
Porsche cayenne coupe,2023,https://kolesa.kz/a/show/198825659?search_id=589f6a153a151c2532625658bdfb41c705c434d8&search_type=filter&advert_position=560,90000000,Астана,29 апреля,678,False,False,False,79103000.0,90 000 000 ₸,2023 - н.в. 3 поколение рестайлинг (9YB),Кроссовер,4 (бензин),9500,Автомат,Полный привод,Слева,Белый,Да,all,90000000,4.0,Porsche,-10897000.0,No,3,22500000.0
Bmw x5 xdrive 40i,2023,https://kolesa.kz/a/show/215664942?search_id=4ceedfb74f57eba728467ff41d2bf8a2ab9beb51&search_type=filter&advert_position=563,72248000,Актобе,29 апреля,286,False,False,True,65066000.0,72 248 000 ₸,2023 - н.в. G05 рестайлинг,Кроссовер,3 (бензин),10,Автомат,Полный привод,Слева,Не указан,Да,all,72248000,3.0,Bmw,-7182000.0,No,3,18062000.0
Land rover range rover se,2021,https://kolesa.kz/a/show/214600207?search_id=4ceedfb74f57eba728467ff41d2bf8a2ab9beb51&search_type=filter&advert_position=564,113102000,Актобе,30 апреля,1751,True,False,False,79103000.0,113 102 000 ₸,2021 - н.в. 5 поколение,Внедорожник,3 (бензин),0,Автомат,Полный привод,Слева,Не указан,Да,all,113102000,3.0,Land,-33999000.0,No,5,18850333.333333332
Mercedes-benz g 63 amg 4matic,2018,https://kolesa.kz/a/show/214423850?search_id=4ceedfb74f57eba728467ff41d2bf8a2ab9beb51&search_type=filter&advert_position=565,93000000,Алматы,29 апреля,5171,True,False,False,79103000.0,93 000 000 ₸,2018 - н.в. W463,Внедорожник,4 (бензин),0,Автомат,Полный привод,Слева,Черный,Нет,all,93000000,4.0,Mercedes-benz,-13897000.0,No,8,10333333.333333334
Bmw m5,2024,https://kolesa.kz/a/show/212759989?search_id=4ceedfb74f57eba728467ff41d2bf8a2ab9beb51&search_type=filter&advert_position=566,77000000,Алматы,29 апреля,9750,True,False,False,79103000.0,77 000 000 ₸,2024 - н.в. G90,Седан,4.4 (гибрид),0,Автомат,Полный привод,Слева,Не указан,Нет,all,77000000,4.4,Bmw,2103000.0,No,2,25666666.666666668
Mercedes-benz g 63 amg 4matic,2024,https://kolesa.kz/a/show/195862161?search_id=4ceedfb74f57eba728467ff41d2bf8a2ab9beb51&search_type=filter&advert_position=567,160000000,Астана,29 апреля,10011,True,False,False,79103000.0,160 000 000 ₸,2024 - н.в. W465 рестайлинг,Внедорожник,4 (бензин),17,Автомат,Полный привод,Слева,Не указан,Нет,all,160000000,4.0,Mercedes-benz,-80897000.0,No,2,53333333.333333336
Mercedes-benz v 300 exclusive,2014,https://kolesa.kz/a/show/129055894?search_id=4ceedfb74f57eba728467ff41d2bf8a2ab9beb51&search_type=filter&advert_position=568,77500000,Астана,29 апреля,2812,False,False,True,79103000.0,77 500 000 ₸,2014 - н.в. W447,Минивэн,2 (дизель),0,Автомат,Полный привод,Слева,Черный металлик,Да,all,77500000,2.0,Mercedes-benz,1603000.0,No,12,5961538.461538462
Bmw x7,2022,https://kolesa.kz/a/show/215331575?search_id=4ceedfb74f57eba728467ff41d2bf8a2ab9beb51&search_type=filter&advert_position=569,62000000,Алматы,29 апреля,938,False,False,False,61285000.0,62 000 000 ₸,2022 - н.в. G07 рестайлинг,Кроссовер,3 (бензин),0,Автомат,Полный привод,Слева,Серый металлик,Да,all,62000000,3.0,Bmw,-715000.0,No,4,12400000.0
Audi q8 55 tfsi quattro,2018,https://kolesa.kz/a/show/181626685?search_id=4ceedfb74f57eba728467ff41d2bf8a2ab9beb51&search_type=filter&advert_position=570,70810000,Алматы,29 апреля,2319,False,False,True,79103000.0,70 810 000 ₸,2018 - н.в. 1 поколение (4MN),Кроссовер,3 (бензин),25,Автомат,Полный привод,Слева,Синий,Да,all,70810000,3.0,Audi,8293000.0,Yes,8,7867777.777777778
Lexus lx 600 luxury,2021,https://kolesa.kz/a/show/202306521?search_id=4ceedfb74f57eba728467ff41d2bf8a2ab9beb51&search_type=filter&advert_position=572,90890000,Алматы,29 апреля,11127,False,False,True,86302000.0,90 890 000 ₸,2021 - н.в. 4 поколение,Внедорожник,3.5 (бензин),0,Автомат,Полный привод,Слева,Черный металлик,Да,all,90890000,3.5,Lexus,-4588000.0,No,5,15148333.333333334
Lexus lx 600,2021,https://kolesa.kz/a/show/217725982?search_id=4ceedfb74f57eba728467ff41d2bf8a2ab9beb51&search_type=filter&advert_position=573,79300000,Алматы,29 апреля,231,False,False,False,79103000.0,79 300 000 ₸,2021 - н.в. 4 поколение,Внедорожник,3.5 (бензин),20000,Автомат,Полный привод,Слева,Не указан,Да,all,79300000,3.5,Lexus,-197000.0,No,5,13216666.666666666
Mercedes-benz g 63 amg 4matic,2018,https://kolesa.kz/a/show/199957275?search_id=4ceedfb74f57eba728467ff41d2bf8a2ab9beb51&search_type=filter&advert_position=574,166047000,Алматы,29 апреля,11492,False,False,True,193829000.0,166 047 000 ₸,2018 - н.в. W463,Внедорожник,4 (бензин),0,Автомат,Полный привод,Слева,Черный металлик,Да,all,166047000,4.0,Mercedes-benz,27782000.0,Yes,8,18449666.666666668
Porsche 911 gt3 touring package,2018,https://kolesa.kz/a/show/197393290?search_id=4ceedfb74f57eba728467ff41d2bf8a2ab9beb51&search_type=filter&advert_position=575,198970000,Алматы,30 апреля,10624,False,False,True,79103000.0,198 970 000 ₸,2018 - н.в. 992,Купе,4 (бензин),0,Робот,Задний привод,Слева,Серый,Да,all,198970000,4.0,Porsche,-119867000.0,No,8,22107777.777777776
Mercedes-benz gle 450 4matic,2019,https://kolesa.kz/a/show/197189159?search_id=4ceedfb74f57eba728467ff41d2bf8a2ab9beb51&search_type=filter&advert_position=576,76000000,Астана,29 апреля,970,False,False,True,79103000.0,76 000 000 ₸,2019 - н.в. V167,Кроссовер,3 (бензин),0,Автомат,Полный привод,Слева,Белый,Да,all,76000000,3.0,Mercedes-benz,3103000.0,No,7,9500000.0
Bmw x5,2023,https://kolesa.kz/a/show/214507561?search_id=4ceedfb74f57eba728467ff41d2bf8a2ab9beb51&search_type=filter&advert_position=577,61500000,Астана,30 апреля,776,False,False,False,59457000.0,61 500 000 ₸,2023 - н.в. G05 рестайлинг,Кроссовер,3 (бензин),14000,Автомат,Полный привод,Слева,Не указан,Да,all,61500000,3.0,Bmw,-2043000.0,No,3,15375000.0
Lexus lx 600 luxury,2021,https://kolesa.kz/a/show/200213605?search_id=4ceedfb74f57eba728467ff41d2bf8a2ab9beb51&search_type=filter&advert_position=578,93590000,Тараз,29 апреля,4279,False,False,True,79103000.0,93 590 000 ₸,2021 - н.в. 4 поколение,Внедорожник,3.5 (бензин),0,Автомат,Полный привод,Слева,Белый металлик,Да,all,93590000,3.5,Lexus,-14487000.0,No,5,15598333.333333334
Toyota land cruiser luxe,2021,https://kolesa.kz/a/show/197346003?fromUserSearch=1&search_id=4ceedfb74f57eba728467ff41d2bf8a2ab9beb51&search_type=filter&advert_position=579,68590000,Астана,29 апреля,3275,False,False,True,67236000.0,68 590 000 ₸,2021 - н.в. J300,Внедорожник,3.5 (бензин),0,Автомат,Полный привод,Слева,Не указан,Да,all,68590000,3.5,Toyota,-1354000.0,No,5,11431666.666666666
Mercedes-benz g 63 amg 4matic,2018,https://kolesa.kz/a/show/218081394?search_id=4ceedfb74f57eba728467ff41d2bf8a2ab9beb51&search_type=filter&advert_position=580,122000000,Караганда,29 апреля,322,True,False,False,129095000.0,122 000 000 ₸,2018 - н.в. W463,Внедорожник,4 (бензин),25000,Автомат,Полный привод,Слева,Не указан,Да,all,122000000,4.0,Mercedes-benz,7095000.0,Yes,8,13555555.555555556
Land rover range rover autobiography,2021,https://kolesa.kz/a/show/216356550?search_id=6d4eb8cfd1f2acfeadbc00218d72ee2dc1017c97&search_type=filter&advert_position=584,138977000,Семей,30 апреля,995,True,False,False,79103000.0,138 977 000 ₸,2021 - н.в. 5 поколение,Внедорожник,4.4 (бензин),0,Автомат,Полный привод,Слева,Не указан,Да,all,138977000,4.4,Land,-59874000.0,No,5,23162833.333333332
Mercedes-benz s 580 4matic,2020,https://kolesa.kz/a/show/213957944?search_id=6d4eb8cfd1f2acfeadbc00218d72ee2dc1017c97&search_type=filter&advert_position=585,110320000,Алматы,29 апреля,3524,False,False,True,79103000.0,110 320 000 ₸,2020 - н.в. W223,Седан,4 (бензин),0,Автомат,Полный привод,Слева,Черный металлик,Да,all,110320000,4.0,Mercedes-benz,-31217000.0,No,6,15760000.0
Porsche taycan turbo,2019,https://kolesa.kz/a/show/209397198?search_id=6d4eb8cfd1f2acfeadbc00218d72ee2dc1017c97&search_type=filter&advert_position=586,101400000,Алматы,29 апреля,1022,False,False,True,79103000.0,101 400 000 ₸,2019 - н.в. 1 поколение (Y1A),Седан,Не указан,0,Автомат,Полный привод,Слева,Серый,Да,all,101400000,3.5,Porsche,-22297000.0,No,7,12675000.0
Land rover range rover sport dynamic se,2022,https://kolesa.kz/a/show/216071126?search_id=6d4eb8cfd1f2acfeadbc00218d72ee2dc1017c97&search_type=filter&advert_position=587,104391000,Алматы,30 апреля,1107,True,False,False,79103000.0,104 391 000 ₸,2022 - н.в. 3 поколение,Внедорожник,3 (бензин),20,Автомат,Полный привод,Слева,Черный металлик,Да,all,104391000,3.0,Land,-25288000.0,No,4,20878200.0
Bmw x7 xdrive 40i,2022,https://kolesa.kz/a/show/216435376?search_id=6d4eb8cfd1f2acfeadbc00218d72ee2dc1017c97&search_type=filter&advert_position=588,86187409,Алматы,30 апреля,551,False,False,True,79300000.0,86 187 409 ₸,2022 - н.в. G07 рестайлинг,Кроссовер,3 (бензин),0,Автомат,Полный привод,Слева,Синий металлик,Да,all,86187409,3.0,Bmw,-6887409.0,No,4,17237481.8
Audi a8,2021,https://kolesa.kz/a/show/212769434?search_id=6d4eb8cfd1f2acfeadbc00218d72ee2dc1017c97&search_type=filter&advert_position=589,110000000,Алматы,29 апреля,10767,False,False,True,79103000.0,110 000 000 ₸,2021 - н.в. 4 поколение рестайлинг (D5),Седан,3 (гибрид),0,Автомат,Полный привод,Слева,Черный,Да,all,110000000,3.0,Audi,-30897000.0,No,5,18333333.333333332
Mercedes-benz sl 63 amg,2016,https://kolesa.kz/a/show/217617968?search_id=6d4eb8cfd1f2acfeadbc00218d72ee2dc1017c97&search_type=filter&advert_position=590,70000000,Алматы,30 апреля,1012,True,False,False,79103000.0,70 000 000 ₸,2016 - н.в. R231 рестайлинг,Родстер,5.5 (бензин),0,Автомат,Задний привод,Слева,Не указан,Да,all,70000000,5.5,Mercedes-benz,9103000.0,Yes,10,6363636.363636363
Mercedes-benz gls 63 amg 4matic,2019,https://kolesa.kz/a/show/207045415?search_id=6d4eb8cfd1f2acfeadbc00218d72ee2dc1017c97&search_type=filter&advert_position=591,137252360,Алматы,29 апреля,8443,False,False,True,79103000.0,137 252 360 ₸,2019 - н.в. X167,Внедорожник,4 (бензин),7,Автомат,Полный привод,Слева,Черный металлик,Да,all,137252360,4.0,Mercedes-benz,-58149360.0,No,7,17156545.0
Rolls-royce cullinan,2018,https://kolesa.kz/a/show/217589200?search_id=6d4eb8cfd1f2acfeadbc00218d72ee2dc1017c97&search_type=filter&advert_position=592,230000000,Алматы,30 апреля,1242,True,False,False,79103000.0,230 000 000 ₸,2018 - н.в. 1 поколение (RR31),Кроссовер,6.7 (бензин),500,Автомат,Полный привод,Слева,Не указан,Да,all,230000000,6.7,Rolls-royce,-150897000.0,No,8,25555555.555555556
Porsche cayenne coupe v6,2023,https://kolesa.kz/a/show/204422349?search_id=6d4eb8cfd1f2acfeadbc00218d72ee2dc1017c97&search_type=filter&advert_position=593,98400000,Алматы,30 апреля,630,False,False,True,79103000.0,98 400 000 ₸,2023 - н.в. 3 поколение рестайлинг (9YB),Кроссовер,3 (бензин),0,Автомат,Полный привод,Слева,Черный,Да,all,98400000,3.0,Porsche,-19297000.0,No,3,24600000.0
Audi q7 55 tfsi,2015,https://kolesa.kz/a/show/179502447?search_id=6d4eb8cfd1f2acfeadbc00218d72ee2dc1017c97&search_type=filter&advert_position=594,61450000,Алматы,29 апреля,4027,False,False,True,79103000.0,61 450 000 ₸,2015 - н.в. 2 поколение (4M),Кроссовер,3 (бензин),0,Автомат,Полный привод,Слева,Серый,Да,all,61450000,3.0,Audi,17653000.0,Yes,11,5120833.333333333
Lexus lx 600 luxury,2021,https://kolesa.kz/a/show/202894713?search_id=6d4eb8cfd1f2acfeadbc00218d72ee2dc1017c97&search_type=filter&advert_position=595,93590000,Кызылорда,29 апреля,4126,False,False,True,79103000.0,93 590 000 ₸,2021 - н.в. 4 поколение,Внедорожник,3.5 (бензин),0,Автомат,Полный привод,Слева,Белый металлик,Да,all,93590000,3.5,Lexus,-14487000.0,No,5,15598333.333333334
Toyota land cruiser gr sport,2021,https://kolesa.kz/a/show/209122206?search_id=6d4eb8cfd1f2acfeadbc00218d72ee2dc1017c97&search_type=filter&advert_position=596,68770500,Алматы,29 апреля,4764,False,False,True,67236000.0,68 770 500 ₸,2021 - н.в. J300,Внедорожник,3.5 (бензин),0,Автомат,Полный привод,Слева,Белый металлик,Да,all,68770500,3.5,Toyota,-1534500.0,No,5,11461750.0
Infiniti qx80,2024,https://kolesa.kz/a/show/213977921?search_id=6d4eb8cfd1f2acfeadbc00218d72ee2dc1017c97&search_type=filter&advert_position=598,76990000,Усть-каменогорск,29 апреля,2039,False,False,True,79103000.0,76 990 000 ₸,2024 - н.в. Z63,Внедорожник,3.5 (бензин),0,Автомат,Полный привод,Слева,Не указан,Да,all,76990000,3.5,Infiniti,2113000.0,No,2,25663333.333333332
Bmw x7 xdrive 40i,2022,https://kolesa.kz/a/show/213277474?search_id=6d4eb8cfd1f2acfeadbc00218d72ee2dc1017c97&search_type=filter&advert_position=599,65000000,Астана,30 апреля,6461,True,False,False,79103000.0,65 000 000 ₸,2022 - н.в. G07 рестайлинг,Кроссовер,3 (бензин),0,Автомат,Полный привод,Слева,Не указан,Нет,all,65000000,3.0,Bmw,14103000.0,Yes,4,13000000.0
Lexus gx 550 luxury,2023,https://kolesa.kz/a/show/208520026?search_id=a68f45091fb4c67bb4f9e3b8b10648bc624bc5c1&search_type=filter&advert_position=601,65000000,Шымкент,29 апреля,3755,False,False,True,59305000.0,65 000 000 ₸,2023 - н.в. 3 поколение (J250),Внедорожник,3.4 (бензин),474,Автомат,Полный привод,Слева,Белый металлик,Да,all,65000000,3.4,Lexus,-5695000.0,No,3,16250000.0
Mercedes-benz g 63 amg,2018,https://kolesa.kz/a/show/218174719?search_id=a68f45091fb4c67bb4f9e3b8b10648bc624bc5c1&search_type=filter&advert_position=602,157000000,Алматы,30 апреля,4,False,False,False,193829000.0,157 000 000 ₸,2018 - н.в. W463,Внедорожник,4 (бензин),15500,Автомат,Полный привод,Слева,Не указан,Да,all,157000000,4.0,Mercedes-benz,36829000.0,Yes,8,17444444.444444444
Mercedes-benz g 63 amg 4matic,2018,https://kolesa.kz/a/show/217976681?search_id=a68f45091fb4c67bb4f9e3b8b10648bc624bc5c1&search_type=filter&advert_position=603,100000000,Астана,29 апреля,295,True,False,False,129095000.0,100 000 000 ₸,2018 - н.в. W463,Внедорожник,4 (бензин),39350,Автомат,Полный привод,Слева,Не указан,Да,all,100000000,4.0,Mercedes-benz,29095000.0,Yes,8,11111111.111111112
Land rover range rover se,2021,https://kolesa.kz/a/show/214600266?search_id=a68f45091fb4c67bb4f9e3b8b10648bc624bc5c1&search_type=filter&advert_position=604,114554000,Караганда,30 апреля,2290,True,False,False,79103000.0,114 554 000 ₸,2021 - н.в. 5 поколение,Внедорожник,3 (бензин),0,Автомат,Полный привод,Слева,Не указан,Да,all,114554000,3.0,Land,-35451000.0,No,5,19092333.333333332
Porsche 911 carrera 4 gts,2018,https://kolesa.kz/a/show/217591231?search_id=a68f45091fb4c67bb4f9e3b8b10648bc624bc5c1&search_type=filter&advert_position=605,83000000,Алматы,30 апреля,1102,True,False,False,79103000.0,83 000 000 ₸,2018 - н.в. 992,Купе,3 (бензин),0,Робот,Полный привод,Слева,Красный металлик,Да,all,83000000,3.0,Porsche,-3897000.0,No,8,9222222.222222222
Porsche 911 carrera 4 gts,2024,https://kolesa.kz/a/show/209138909?search_id=a68f45091fb4c67bb4f9e3b8b10648bc624bc5c1&search_type=filter&advert_position=606,89000000,Алматы,29 апреля,13311,True,False,False,79103000.0,89 000 000 ₸,2024 - н.в. 992 рестайлинг (992),Купе,3 (гибрид),0,Робот,Полный привод,Слева,Серебристый,Да,all,89000000,3.0,Porsche,-9897000.0,No,2,29666666.666666668
Mercedes-benz g 63 amg 4matic,2018,https://kolesa.kz/a/show/217975971?search_id=a68f45091fb4c67bb4f9e3b8b10648bc624bc5c1&search_type=filter&advert_position=607,109000000,Алматы,29 апреля,360,True,False,False,129095000.0,109 000 000 ₸,2018 - н.в. W463,Внедорожник,4 (бензин),32900,Автомат,Полный привод,Слева,Не указан,Да,all,109000000,4.0,Mercedes-benz,20095000.0,Yes,8,12111111.111111112
Mercedes-benz gle coupe 53 amg 4matic,2019,https://kolesa.kz/a/show/197189492?search_id=a68f45091fb4c67bb4f9e3b8b10648bc624bc5c1&search_type=filter&advert_position=609,85000000,Астана,29 апреля,4179,False,False,True,79103000.0,85 000 000 ₸,2019 - н.в. C293,Кроссовер,3 (бензин),0,Автомат,Полный привод,Слева,Черный металлик,Да,all,85000000,3.0,Mercedes-benz,-5897000.0,No,7,10625000.0
Lexus lm vip,2019,https://kolesa.kz/a/show/212591166?search_id=a68f45091fb4c67bb4f9e3b8b10648bc624bc5c1&search_type=filter&advert_position=610,92490000,Алматы,29 апреля,11035,False,False,True,79103000.0,92 490 000 ₸,2019 - н.в. 1 поколение,Минивэн,2.5 (гибрид),0,Вариатор,Полный привод,Слева,Черный металлик,Да,all,92490000,2.5,Lexus,-13387000.0,No,7,11561250.0
Mercedes-benz gle 53 amg 4matic,2019,https://kolesa.kz/a/show/217174805?search_id=a68f45091fb4c67bb4f9e3b8b10648bc624bc5c1&search_type=filter&advert_position=611,77219663,Алматы,30 апреля,774,False,False,True,79103000.0,77 219 663 ₸,2019 - н.в. V167,Кроссовер,3 (бензин),7,Автомат,Полный привод,Слева,Черный металлик,Да,all,77219663,3.0,Mercedes-benz,1883337.0,No,7,9652457.875
Land rover defender x-dynamic se,2019,https://kolesa.kz/a/show/217207969?search_id=a68f45091fb4c67bb4f9e3b8b10648bc624bc5c1&search_type=filter&advert_position=613,81056000,Шымкент,29 апреля,309,True,False,False,79103000.0,81 056 000 ₸,2019 - н.в. 2 поколение (L663),Внедорожник,3 (бензин),20,Автомат,Полный привод,Слева,Коричневый металлик,Да,all,81056000,3.0,Land,-1953000.0,No,7,10132000.0
Bmw x5 xdrive 40i,2023,https://kolesa.kz/a/show/215664946?search_id=a68f45091fb4c67bb4f9e3b8b10648bc624bc5c1&search_type=filter&advert_position=614,72248000,Актау,29 апреля,432,False,False,True,65066000.0,72 248 000 ₸,2023 - н.в. G05 рестайлинг,Кроссовер,3 (бензин),10,Автомат,Полный привод,Слева,Не указан,Да,all,72248000,3.0,Bmw,-7182000.0,No,3,18062000.0
Mercedes-benz g 63 amg 4matic,2018,https://kolesa.kz/a/show/200538170?search_id=a68f45091fb4c67bb4f9e3b8b10648bc624bc5c1&search_type=filter&advert_position=615,203500000,Астана,29 апреля,8071,False,False,True,193829000.0,203 500 000 ₸,2018 - н.в. W463,Внедорожник,4 (бензин),10,Автомат,Полный привод,Слева,Черный металлик,Да,all,203500000,4.0,Mercedes-benz,-9671000.0,No,8,22611111.111111112
Land rover defender x-dynamic se,2019,https://kolesa.kz/a/show/217207447?search_id=a68f45091fb4c67bb4f9e3b8b10648bc624bc5c1&search_type=filter&advert_position=616,81327000,Шымкент,30 апреля,151,True,False,False,79103000.0,81 327 000 ₸,2019 - н.в. 2 поколение (L663),Внедорожник,3 (бензин),20,Автомат,Полный привод,Слева,Белый,Да,all,81327000,3.0,Land,-2224000.0,No,7,10165875.0
Land rover defender s,2019,https://kolesa.kz/a/show/217207278?search_id=a68f45091fb4c67bb4f9e3b8b10648bc624bc5c1&search_type=filter&advert_position=617,81724000,Усть-каменогорск,29 апреля,217,True,False,False,79103000.0,81 724 000 ₸,2019 - н.в. 2 поколение (L663),Внедорожник,3 (бензин),20,Автомат,Полный привод,Слева,Белый,Да,all,81724000,3.0,Land,-2621000.0,No,7,10215500.0
Mercedes-benz gle coupe 450 amg 4matic,2019,https://kolesa.kz/a/show/164338219?search_id=a68f45091fb4c67bb4f9e3b8b10648bc624bc5c1&search_type=filter&advert_position=618,74000000,Астана,29 апреля,1912,False,False,True,79103000.0,74 000 000 ₸,2019 - н.в. C293,Кроссовер,3 (бензин),0,Автомат,Полный привод,Слева,Черный металлик,Да,all,74000000,3.0,Mercedes-benz,5103000.0,Yes,7,9250000.0
Mercedes-benz g 63 amg 4matic,2018,https://kolesa.kz/a/show/209138433?search_id=a68f45091fb4c67bb4f9e3b8b10648bc624bc5c1&search_type=filter&advert_position=619,114000000,Алматы,29 апреля,53,True,False,False,193829000.0,114 000 000 ₸,2018 - н.в. W463,Внедорожник,4 (бензин),0,Автомат,Полный привод,Слева,Черный металлик,Да,all,114000000,4.0,Mercedes-benz,79829000.0,Yes,8,12666666.666666666
Toyota land cruiser luxe,2021,https://kolesa.kz/a/show/211810196?search_id=a68f45091fb4c67bb4f9e3b8b10648bc624bc5c1&search_type=filter&advert_position=620,70890000,Алматы,29 апреля,5952,False,False,True,79103000.0,70 890 000 ₸,2021 - н.в. J300,Внедорожник,3.5 (бензин),0,Автомат,Полный привод,Слева,Белый,Да,all,70890000,3.5,Toyota,8213000.0,Yes,5,11815000.0
Cadillac escalade,2024,https://kolesa.kz/a/show/217516483?search_id=adb823a1b9e9aa921ba05c2e51a60aac527f3540&search_type=filter&advert_position=621,103500000,Астана,29 апреля,504,False,False,False,100000000.0,103 500 000 ₸,2024 - н.в. 5 поколение рестайлинг,Внедорожник,6.2 (бензин),0,Автомат,Полный привод,Слева,Черный,Да,all,103500000,6.2,Cadillac,-3500000.0,No,2,34500000.0
Land rover range rover sport dynamic hse,2022,https://kolesa.kz/a/show/217409766?search_id=adb823a1b9e9aa921ba05c2e51a60aac527f3540&search_type=filter&advert_position=622,111398000,Атырау,29 апреля,423,True,False,False,79103000.0,111 398 000 ₸,2022 - н.в. 3 поколение,Внедорожник,3 (бензин),20,Автомат,Полный привод,Слева,Серый,Да,all,111398000,3.0,Land,-32295000.0,No,4,22279600.0
Toyota land cruiser luxe,2021,https://kolesa.kz/a/show/200887788?search_id=adb823a1b9e9aa921ba05c2e51a60aac527f3540&search_type=filter&advert_position=623,70890000,Шымкент,29 апреля,2505,False,False,True,67236000.0,70 890 000 ₸,2021 - н.в. J300,Внедорожник,3.5 (бензин),0,Автомат,Полный привод,Слева,Черный металлик,Да,all,70890000,3.5,Toyota,-3654000.0,No,5,11815000.0
Bmw x6 xdrive 40i,2023,https://kolesa.kz/a/show/217083176?search_id=adb823a1b9e9aa921ba05c2e51a60aac527f3540&search_type=filter&advert_position=624,60000000,Алматы,29 апреля,605,True,False,False,79103000.0,60 000 000 ₸,2023 - н.в. G06 рестайлинг,Кроссовер,3 (бензин),0,Автомат,Полный привод,Слева,Не указан,Нет,all,60000000,3.0,Bmw,19103000.0,Yes,3,15000000.0
Toyota land cruiser gr sport,2021,https://kolesa.kz/a/show/216441667?search_id=adb823a1b9e9aa921ba05c2e51a60aac527f3540&search_type=filter&advert_position=625,68100000,Актобе,29 апреля,986,False,False,True,67236000.0,68 100 000 ₸,2021 - н.в. J300,Внедорожник,3.5 (бензин),0,Автомат,Полный привод,Слева,Белый,Да,all,68100000,3.5,Toyota,-864000.0,No,5,11350000.0
Porsche cayenne coupe,2023,https://kolesa.kz/a/show/217201205?search_id=adb823a1b9e9aa921ba05c2e51a60aac527f3540&search_type=filter&advert_position=626,125070070,Алматы,29 апреля,392,False,False,False,79103000.0,125 070 070 ₸,2023 - н.в. 3 поколение рестайлинг (9YB),Кроссовер,4 (бензин),36000,Автомат,Полный привод,Слева,Синий,Да,all,125070070,4.0,Porsche,-45967070.0,No,3,31267517.5
Lexus gx 550 luxury,2023,https://kolesa.kz/a/show/211562170?search_id=adb823a1b9e9aa921ba05c2e51a60aac527f3540&search_type=filter&advert_position=627,69290000,Алматы,29 апреля,7313,False,False,True,59305000.0,69 290 000 ₸,2023 - н.в. 3 поколение (J250),Внедорожник,3.4 (бензин),0,Автомат,Полный привод,Слева,Серебристый металлик,Да,all,69290000,3.4,Lexus,-9985000.0,No,3,17322500.0
Land rover defender x-dynamic se,2019,https://kolesa.kz/a/show/216157220?search_id=adb823a1b9e9aa921ba05c2e51a60aac527f3540&search_type=filter&advert_position=628,81056000,Алматы,30 апреля,762,True,False,False,79103000.0,81 056 000 ₸,2019 - н.в. 2 поколение (L663),Внедорожник,3 (бензин),20,Автомат,Полный привод,Слева,Коричневый металлик,Да,all,81056000,3.0,Land,-1953000.0,No,7,10132000.0
Bmw m5,2024,https://kolesa.kz/a/show/213350410?search_id=adb823a1b9e9aa921ba05c2e51a60aac527f3540&search_type=filter&advert_position=629,80000000,Астана,30 апреля,8831,True,False,False,79103000.0,80 000 000 ₸,2024 - н.в. G90,Седан,4.4 (гибрид),0,Автомат,Полный привод,Слева,Не указан,Нет,all,80000000,4.4,Bmw,-897000.0,No,2,26666666.666666668
Toyota land cruiser prestige,2021,https://kolesa.kz/a/show/207069654?search_id=adb823a1b9e9aa921ba05c2e51a60aac527f3540&search_type=filter&advert_position=631,65390000,Атырау,29 апреля,2273,True,False,False,67236000.0,65 390 000 ₸,2021 - н.в. J300,Внедорожник,3.5 (бензин),0,Автомат,Полный привод,Слева,Не указан,Да,all,65390000,3.5,Toyota,1846000.0,No,5,10898333.333333334
Lamborghini urus,2017,https://kolesa.kz/a/show/217626736?search_id=adb823a1b9e9aa921ba05c2e51a60aac527f3540&search_type=filter&advert_position=632,101000000,Алматы,29 апреля,903,True,False,False,79103000.0,101 000 000 ₸,2017 - н.в. 1 поколение,Кроссовер,4 (бензин),0,Автомат,Полный привод,Слева,Жёлтый,Нет,all,101000000,4.0,Lamborghini,-21897000.0,No,9,10100000.0
Land rover range rover autobiography,2021,https://kolesa.kz/a/show/216598793?search_id=adb823a1b9e9aa921ba05c2e51a60aac527f3540&search_type=filter&advert_position=633,103000000,Алматы,30 апреля,889,True,False,False,79103000.0,103 000 000 ₸,2021 - н.в. 5 поколение,Внедорожник,3 (бензин),0,Автомат,Полный привод,Слева,Черный,Нет,all,103000000,3.0,Land,-23897000.0,No,5,17166666.666666668
Bmw i7,2022,https://kolesa.kz/a/show/217098945?search_id=adb823a1b9e9aa921ba05c2e51a60aac527f3540&search_type=filter&advert_position=634,83000000,Алматы,30 апреля,207,True,False,False,79103000.0,83 000 000 ₸,2022 - н.в. 1 поколение,Седан,Не указан,19443,Автомат,Полный привод,Слева,Не указан,Да,all,83000000,3.5,Bmw,-3897000.0,No,4,16600000.0
Infiniti qx80 sensory,2024,https://kolesa.kz/a/show/209487759?search_id=adb823a1b9e9aa921ba05c2e51a60aac527f3540&search_type=filter&advert_position=635,76990000,Актау,30 апреля,2606,False,False,True,79103000.0,76 990 000 ₸,2024 - н.в. Z63,Внедорожник,3.5 (бензин),0,Автомат,Полный привод,Слева,Не указан,Да,all,76990000,3.5,Infiniti,2113000.0,No,2,25663333.333333332
Mercedes-benz gle coupe 53 amg 4matic,2019,https://kolesa.kz/a/show/207045266?search_id=adb823a1b9e9aa921ba05c2e51a60aac527f3540&search_type=filter&advert_position=636,90654100,Алматы,29 апреля,5010,False,False,True,79103000.0,90 654 100 ₸,2019 - н.в. C293,Кроссовер,3 (бензин),5,Автомат,Полный привод,Слева,Черный металлик,Да,all,90654100,3.0,Mercedes-benz,-11551100.0,No,7,11331762.5
Mercedes-benz v 300 exclusive,2014,https://kolesa.kz/a/show/199897283?search_id=adb823a1b9e9aa921ba05c2e51a60aac527f3540&search_type=filter&advert_position=637,64379000,Алматы,30 апреля,4726,False,False,True,79103000.0,64 379 000 ₸,2014 - н.в. W447,Минивэн,2 (дизель),0,Автомат,Полный привод,Слева,Черный металлик,Да,all,64379000,2.0,Mercedes-benz,14724000.0,Yes,12,4952230.769230769
Mercedes-benz g 63 amg 4matic,2018,https://kolesa.kz/a/show/129055866?search_id=adb823a1b9e9aa921ba05c2e51a60aac527f3540&search_type=filter&advert_position=639,205000000,Астана,30 апреля,6128,False,False,True,193829000.0,205 000 000 ₸,2018 - н.в. W463,Внедорожник,4 (бензин),0,Автомат,Полный привод,Слева,Бронза,Да,all,205000000,4.0,Mercedes-benz,-11171000.0,No,8,22777777.777777776
Nissan patrol platinum city,2024,https://kolesa.kz/a/show/209555171?search_id=93d6ef6cb776b33f9c6b74973277296643ae42fb&search_type=filter&advert_position=641,64990000,Актау,29 апреля,2149,False,False,True,79103000.0,64 990 000 ₸,2024 - н.в. Y63,Внедорожник,3.5 (бензин),0,Автомат,Полный привод,Слева,Не указан,Да,all,64990000,3.5,Nissan,14113000.0,Yes,2,21663333.333333332
Toyota land cruiser,2021,https://kolesa.kz/a/show/218695943?search_id=93d6ef6cb776b33f9c6b74973277296643ae42fb&search_type=filter&advert_position=642,67000000,Алматы,30 апреля,53,False,False,False,60621000.0,67 000 000 ₸,2021 - н.в. J300,Внедорожник,3.5 (бензин),3800,Автомат,Полный привод,Слева,Черный,Да,all,67000000,3.5,Toyota,-6379000.0,No,5,11166666.666666666
Mercedes-benz amg gt,2017,https://kolesa.kz/a/show/217373439?search_id=93d6ef6cb776b33f9c6b74973277296643ae42fb&search_type=filter&advert_position=643,78000000,Алматы,30 апреля,364,False,False,False,79103000.0,78 000 000 ₸,2017 - 2024 1 поколение рестайлинг,Купе,4 (бензин),9500,Робот,Задний привод,Слева,Белый,Да,all,78000000,4.0,Mercedes-benz,1103000.0,No,9,7800000.0
Bmw m5,2024,https://kolesa.kz/a/show/212983727?search_id=93d6ef6cb776b33f9c6b74973277296643ae42fb&search_type=filter&advert_position=644,92000000,Алматы,30 апреля,25,False,False,False,79103000.0,92 000 000 ₸,2024 - н.в. G90,Седан,4.4 (гибрид),7339,Автомат,Полный привод,Слева,Черный,Да,all,92000000,4.4,Bmw,-12897000.0,No,2,30666666.666666668
Land rover range rover sport autobiography,2022,https://kolesa.kz/a/show/213377991?search_id=93d6ef6cb776b33f9c6b74973277296643ae42fb&search_type=filter&advert_position=645,80000000,Астана,30 апреля,2332,True,False,False,79103000.0,80 000 000 ₸,2022 - н.в. 3 поколение,Внедорожник,3 (бензин),0,Автомат,Полный привод,Слева,Не указан,Нет,all,80000000,3.0,Land,-897000.0,No,4,16000000.0
Bmw m5,2024,https://kolesa.kz/a/show/215873313?search_id=93d6ef6cb776b33f9c6b74973277296643ae42fb&search_type=filter&advert_position=646,82000000,Астана,30 апреля,2559,True,False,False,79103000.0,82 000 000 ₸,2024 - н.в. G90,Седан,4.4 (гибрид),0,Автомат,Полный привод,Слева,Не указан,Нет,all,82000000,4.4,Bmw,-2897000.0,No,2,27333333.333333332
Land rover range rover se,2021,https://kolesa.kz/a/show/214600250?search_id=93d6ef6cb776b33f9c6b74973277296643ae42fb&search_type=filter&advert_position=647,114554000,Актобе,30 апреля,1668,True,False,False,79103000.0,114 554 000 ₸,2021 - н.в. 5 поколение,Внедорожник,3 (бензин),0,Автомат,Полный привод,Слева,Не указан,Да,all,114554000,3.0,Land,-35451000.0,No,5,19092333.333333332
Bmw x7,2022,https://kolesa.kz/a/show/216399186?search_id=93d6ef6cb776b33f9c6b74973277296643ae42fb&search_type=filter&advert_position=648,77000000,Караганда,30 апреля,525,False,False,False,73673000.0,77 000 000 ₸,2022 - н.в. G07 рестайлинг,Кроссовер,4.4 (бензин),40000,Автомат,Полный привод,Слева,Серый металлик,Да,all,77000000,4.4,Bmw,-3327000.0,No,4,15400000.0
Mercedes-benz gle 53 amg 4matic,2019,https://kolesa.kz/a/show/129054612?search_id=93d6ef6cb776b33f9c6b74973277296643ae42fb&search_type=filter&advert_position=650,83900000,Астана,30 апреля,237,False,False,True,79103000.0,83 900 000 ₸,2019 - н.в. V167,Кроссовер,3 (бензин),0,Автомат,Полный привод,Слева,Белый металлик,Да,all,83900000,3.0,Mercedes-benz,-4797000.0,No,7,10487500.0
Toyota land cruiser premium,2021,https://kolesa.kz/a/show/218695898?search_id=93d6ef6cb776b33f9c6b74973277296643ae42fb&search_type=filter&advert_position=651,66000000,Тараз,30 апреля,4,True,False,False,60621000.0,66 000 000 ₸,2021 - н.в. J300,Внедорожник,3.5 (бензин),21620,Автомат,Полный привод,Слева,Черный металлик,Да,all,66000000,3.5,Toyota,-5379000.0,No,5,11000000.0
Bmw x7 xdrive 40i,2022,https://kolesa.kz/a/show/218703756?search_id=93d6ef6cb776b33f9c6b74973277296643ae42fb&search_type=filter&advert_position=652,64000000,Шымкент,30 апреля,19,True,False,False,71561000.0,64 000 000 ₸,2022 - н.в. G07 рестайлинг,Кроссовер,3 (бензин),0,Автомат,Полный привод,Слева,Не указан,Да,all,64000000,3.0,Bmw,7561000.0,Yes,4,12800000.0
Bmw x6,2023,https://kolesa.kz/a/show/214001303?search_id=93d6ef6cb776b33f9c6b74973277296643ae42fb&search_type=filter&advert_position=653,67900000,Костанай,30 апреля,489,False,False,False,67300000.0,67 900 000 ₸,2023 - н.в. G06 рестайлинг,Кроссовер,3 (бензин),14000,Автомат,Полный привод,Слева,Черный,Да,all,67900000,3.0,Bmw,-600000.0,No,3,16975000.0
Toyota land cruiser premium,2021,https://kolesa.kz/a/show/218696234?search_id=93d6ef6cb776b33f9c6b74973277296643ae42fb&search_type=filter&advert_position=654,66000000,Кызылорда,30 апреля,14,True,False,False,60621000.0,66 000 000 ₸,2021 - н.в. J300,Внедорожник,3.5 (бензин),21620,Автомат,Полный привод,Слева,Черный металлик,Да,all,66000000,3.5,Toyota,-5379000.0,No,5,11000000.0
Lexus lx 600 luxury,2021,https://kolesa.kz/a/show/218707094?search_id=93d6ef6cb776b33f9c6b74973277296643ae42fb&search_type=filter&advert_position=655,65100000,Астана,30 апреля,28,True,False,False,69560000.0,65 100 000 ₸,2021 - н.в. 4 поколение,Внедорожник,3.5 (бензин),48762,Автомат,Полный привод,Слева,Черный,Да,all,65100000,3.5,Lexus,4460000.0,Yes,5,10850000.0
Infiniti qx80,2024,https://kolesa.kz/a/show/209547625?search_id=93d6ef6cb776b33f9c6b74973277296643ae42fb&search_type=filter&advert_position=656,76990000,Талдыкорган,30 апреля,1724,False,False,True,79103000.0,76 990 000 ₸,2024 - н.в. Z63,Внедорожник,3.5 (бензин),0,Автомат,Полный привод,Слева,Не указан,Да,all,76990000,3.5,Infiniti,2113000.0,No,2,25663333.333333332
Mercedes-benz v 300 exclusive,2014,https://kolesa.kz/a/show/129056029?search_id=93d6ef6cb776b33f9c6b74973277296643ae42fb&search_type=filter&advert_position=657,78500000,Астана,30 апреля,2239,False,False,True,79103000.0,78 500 000 ₸,2014 - н.в. W447,Минивэн,2 (дизель),0,Автомат,Полный привод,Слева,Черный металлик,Да,all,78500000,2.0,Mercedes-benz,603000.0,No,12,6038461.538461538
Infiniti qx80,2024,https://kolesa.kz/a/show/214043484?search_id=93d6ef6cb776b33f9c6b74973277296643ae42fb&search_type=filter&advert_position=658,76990000,Экибастуз,30 апреля,1242,False,False,True,79103000.0,76 990 000 ₸,2024 - н.в. Z63,Внедорожник,3.5 (бензин),0,Автомат,Полный привод,Слева,Не указан,Да,all,76990000,3.5,Infiniti,2113000.0,No,2,25663333.333333332
Land rover range rover sport,2022,https://kolesa.kz/a/show/175636135?search_id=93d6ef6cb776b33f9c6b74973277296643ae42fb&search_type=filter&advert_position=659,80000000,Алматы,30 апреля,3746,False,False,False,71247000.0,80 000 000 ₸,2022 - н.в. 3 поколение,Внедорожник,3 (бензин),12000,Автомат,Полный привод,Слева,Черный,Да,all,80000000,3.0,Land,-8753000.0,No,4,16000000.0
Bmw x7 xdrive 40i,2022,https://kolesa.kz/a/show/217609054?search_id=93d6ef6cb776b33f9c6b74973277296643ae42fb&search_type=filter&advert_position=660,89854000,Караганда,30 апреля,253,False,False,True,79300000.0,89 854 000 ₸,2022 - н.в. G07 рестайлинг,Кроссовер,3 (бензин),0,Автомат,Полный привод,Слева,Черный металлик,Да,all,89854000,3.0,Bmw,-10554000.0,No,4,17970800.0
Toyota land cruiser premium,2021,https://kolesa.kz/a/show/218695618?search_id=1534d938db53722033b04bd9d9b82680ccf557d5&search_type=filter&advert_position=661,66000000,Шымкент,30 апреля,24,True,False,False,60621000.0,66 000 000 ₸,2021 - н.в. J300,Внедорожник,3.5 (бензин),21620,Автомат,Полный привод,Слева,Черный металлик,Да,all,66000000,3.5,Toyota,-5379000.0,No,5,11000000.0
Mercedes-benz g 63 amg,2018,https://kolesa.kz/a/show/218602120?search_id=1534d938db53722033b04bd9d9b82680ccf557d5&search_type=filter&advert_position=663,145000000,Алматы,30 апреля,115,False,False,False,146412000.0,145 000 000 ₸,2018 - н.в. W463,Внедорожник,4 (бензин),15800,Автомат,Полный привод,Слева,Не указан,Да,all,145000000,4.0,Mercedes-benz,1412000.0,No,8,16111111.111111112
Nissan patrol titanium,2024,https://kolesa.kz/a/show/209551236?search_id=1534d938db53722033b04bd9d9b82680ccf557d5&search_type=filter&advert_position=664,64990000,Шымкент,30 апреля,1763,False,False,True,79103000.0,64 990 000 ₸,2024 - н.в. Y63,Внедорожник,3.5 (бензин),0,Автомат,Полный привод,Слева,Не указан,Да,all,64990000,3.5,Nissan,14113000.0,Yes,2,21663333.333333332
Nissan patrol,2024,https://kolesa.kz/a/show/209578056?search_id=1534d938db53722033b04bd9d9b82680ccf557d5&search_type=filter&advert_position=666,64990000,Актау,30 апреля,1978,False,False,True,79103000.0,64 990 000 ₸,2024 - н.в. Y63,Внедорожник,3.5 (бензин),0,Автомат,Полный привод,Слева,Не указан,Да,all,64990000,3.5,Nissan,14113000.0,Yes,2,21663333.333333332
Mercedes-benz g 63 amg 4matic,2018,https://kolesa.kz/a/show/218714105?search_id=1534d938db53722033b04bd9d9b82680ccf557d5&search_type=filter&advert_position=667,105000000,Алматы,30 апреля,37,True,False,False,113951000.0,105 000 000 ₸,2018 - н.в. W463,Внедорожник,4 (бензин),0,Автомат,Полный привод,Слева,Не указан,Да,all,105000000,4.0,Mercedes-benz,8951000.0,Yes,8,11666666.666666666
Nissan patrol titanium,2024,https://kolesa.kz/a/show/201984112?search_id=1534d938db53722033b04bd9d9b82680ccf557d5&search_type=filter&advert_position=668,64999000,Кокшетау,30 апреля,2350,False,False,True,79103000.0,64 999 000 ₸,2024 - н.в. Y63,Внедорожник,3.5 (бензин),0,Автомат,Полный привод,Слева,Не указан,Да,all,64999000,3.5,Nissan,14104000.0,Yes,2,21666333.333333332
Nissan patrol titanium,2024,https://kolesa.kz/a/show/202140751?search_id=1534d938db53722033b04bd9d9b82680ccf557d5&search_type=filter&advert_position=669,64990000,Павлодар,30 апреля,1882,False,False,True,79103000.0,64 990 000 ₸,2024 - н.в. Y63,Внедорожник,3.5 (бензин),0,Автомат,Полный привод,Слева,Не указан,Да,all,64990000,3.5,Nissan,14113000.0,Yes,2,21663333.333333332
Mercedes-benz gls 63 amg 4matic,2019,https://kolesa.kz/a/show/204522643?search_id=1534d938db53722033b04bd9d9b82680ccf557d5&search_type=filter&advert_position=670,127629000,Алматы,30 апреля,8200,False,False,True,79103000.0,127 629 000 ₸,2019 - н.в. X167,Внедорожник,4 (бензин),0,Автомат,Полный привод,Слева,Черный металлик,Да,all,127629000,4.0,Mercedes-benz,-48526000.0,No,7,15953625.0
Ferrari 296 gtb,2021,https://kolesa.kz/a/show/218721657?search_id=1534d938db53722033b04bd9d9b82680ccf557d5&search_type=filter&advert_position=671,126000000,Алматы,30 апреля,63,True,False,False,79103000.0,126 000 000 ₸,2021 - н.в. 1 поколение,Купе,3 (гибрид),0,Робот,Задний привод,Слева,Синий металлик,Да,all,126000000,3.0,Ferrari,-46897000.0,No,5,21000000.0
Bmw x5 m,2019,https://kolesa.kz/a/show/215287596?search_id=1534d938db53722033b04bd9d9b82680ccf557d5&search_type=filter&advert_position=672,60000000,Алматы,30 апреля,148,False,False,False,62482000.0,60 000 000 ₸,2019 - н.в. F95,Кроссовер,4.4 (бензин),25500,Автомат,Полный привод,Слева,Не указан,Да,all,60000000,4.4,Bmw,2482000.0,No,7,7500000.0
Land rover range rover sport dynamic se,2022,https://kolesa.kz/a/show/215949261?search_id=1534d938db53722033b04bd9d9b82680ccf557d5&search_type=filter&advert_position=674,98717000,Астана,30 апреля,986,False,False,True,79103000.0,98 717 000 ₸,2022 - н.в. 3 поколение,Внедорожник,3 (бензин),0,Автомат,Полный привод,Слева,Не указан,Да,all,98717000,3.0,Land,-19614000.0,No,4,19743400.0
Land rover range rover se,2021,https://kolesa.kz/a/show/214389708?search_id=1534d938db53722033b04bd9d9b82680ccf557d5&search_type=filter&advert_position=675,114554000,Астана,30 апреля,2295,False,False,True,79103000.0,114 554 000 ₸,2021 - н.в. 5 поколение,Внедорожник,3 (бензин),0,Автомат,Полный привод,Слева,Не указан,Да,all,114554000,3.0,Land,-35451000.0,No,5,19092333.333333332
Bmw x7 xdrive 40i,2022,https://kolesa.kz/a/show/217704972?search_id=1534d938db53722033b04bd9d9b82680ccf557d5&search_type=filter&advert_position=676,84366827,Астана,30 апреля,262,False,False,True,79300000.0,84 366 827 ₸,2022 - н.в. G07 рестайлинг,Кроссовер,3 (бензин),0,Автомат,Полный привод,Слева,Не указан,Да,all,84366827,3.0,Bmw,-5066827.0,No,4,16873365.4
Lexus lx 700h vip,2021,https://kolesa.kz/a/show/217587800?search_id=1534d938db53722033b04bd9d9b82680ccf557d5&search_type=filter&advert_position=677,85000000,Алматы,30 апреля,788,True,False,False,79103000.0,85 000 000 ₸,2021 - н.в. 4 поколение,Внедорожник,3.4 (бензин),0,Автомат,Полный привод,Слева,Не указан,Нет,all,85000000,3.4,Lexus,-5897000.0,No,5,14166666.666666666
Mercedes-benz amg gt,2017,https://kolesa.kz/a/show/202725936?search_id=1534d938db53722033b04bd9d9b82680ccf557d5&search_type=filter&advert_position=678,95000000,Кокшетау,30 апреля,204,False,False,False,79103000.0,95 000 000 ₸,2017 - 2024 1 поколение рестайлинг,Лифтбек,4 (гибрид),11000,Автомат,Полный привод,Слева,Не указан,Да,all,95000000,4.0,Mercedes-benz,-15897000.0,No,9,9500000.0
Porsche 911 gt3,2024,https://kolesa.kz/a/show/214595025?search_id=1534d938db53722033b04bd9d9b82680ccf557d5&search_type=filter&advert_position=679,216127800,Алматы,30 апреля,4925,False,False,True,79103000.0,216 127 800 ₸,2024 - н.в. 992 рестайлинг (992),Купе,4 (бензин),0,Робот,Задний привод,Слева,Серый металлик,Да,all,216127800,4.0,Porsche,-137024800.0,No,2,72042600.0
Infiniti qx80 autograph,2024,https://kolesa.kz/a/show/213369878?search_id=1534d938db53722033b04bd9d9b82680ccf557d5&search_type=filter&advert_position=680,67799000,Алматы,30 апреля,4061,True,False,False,79103000.0,67 799 000 ₸,2024 - н.в. Z63,Внедорожник,3.5 (бензин),0,Автомат,Полный привод,Слева,Серый металлик,Нет,all,67799000,3.5,Infiniti,11304000.0,Yes,2,22599666.666666668
Mercedes-benz gls 450 4matic,2019,https://kolesa.kz/a/show/212276598?search_id=412da389af6b9466d6f7d0616afcdad88199ce6b&search_type=filter&advert_position=681,82186000,Алматы,30 апреля,6973,False,False,True,84971000.0,82 186 000 ₸,2019 - н.в. X167,Внедорожник,3 (бензин),5,Автомат,Полный привод,Слева,Белый металлик,Да,all,82186000,3.0,Mercedes-benz,2785000.0,No,7,10273250.0
Mercedes-benz s 560,2017,https://kolesa.kz/a/show/214510659?search_id=412da389af6b9466d6f7d0616afcdad88199ce6b&search_type=filter&advert_position=682,65000000,Алматы,30 апреля,960,False,False,False,79103000.0,65 000 000 ₸,2017 - 2020 W222/C217/A217 рестайлинг,Кабриолет,4 (бензин),40000,Автомат,Задний привод,Слева,Не указан,Да,all,65000000,4.0,Mercedes-benz,14103000.0,Yes,9,6500000.0
Mercedes-benz g 500,2018,https://kolesa.kz/a/show/210920467?search_id=412da389af6b9466d6f7d0616afcdad88199ce6b&search_type=filter&advert_position=683,112000000,Алматы,30 апреля,585,False,False,False,79103000.0,112 000 000 ₸,2018 - н.в. W463,Внедорожник,4 (бензин),33000,Автомат,Полный привод,Слева,Черный,Да,all,112000000,4.0,Mercedes-benz,-32897000.0,No,8,12444444.444444444
Lamborghini huracan,2014,https://kolesa.kz/a/show/218710189?search_id=412da389af6b9466d6f7d0616afcdad88199ce6b&search_type=filter&advert_position=684,127000000,Алматы,30 апреля,58,True,False,False,79103000.0,127 000 000 ₸,2014 - н.в. 1 поколение,Кабриолет,5.2 (бензин),0,Робот,Полный привод,Слева,Не указан,Нет,all,127000000,5.2,Lamborghini,-47897000.0,No,12,9769230.76923077
Land rover range rover,2021,https://kolesa.kz/a/show/218728520?search_id=412da389af6b9466d6f7d0616afcdad88199ce6b&search_type=filter&advert_position=685,100000000,Алматы,30 апреля,0,False,False,False,93787000.0,100 000 000 ₸,2021 - н.в. 5 поколение,Внедорожник,4.4 (бензин),0,Автомат,Полный привод,Слева,Белый металлик,Да,all,100000000,4.4,Land,-6213000.0,No,5,16666666.666666666
Cadillac escalade,2020,https://kolesa.kz/a/show/215697407?search_id=412da389af6b9466d6f7d0616afcdad88199ce6b&search_type=filter&advert_position=686,61000000,Астана,30 апреля,90,False,False,False,61959000.0,61 000 000 ₸,2020 - н.в. 5 поколение,Внедорожник,6.2 (бензин),50000,Автомат,Полный привод,Слева,Черный металлик,Да,all,61000000,6.2,Cadillac,959000.0,No,6,8714285.714285715
Mercedes-benz gle 450 4matic,2019,https://kolesa.kz/a/show/216533256?search_id=412da389af6b9466d6f7d0616afcdad88199ce6b&search_type=filter&advert_position=687,66000000,Уральск,30 апреля,405,False,False,True,79103000.0,66 000 000 ₸,2019 - н.в. V167,Кроссовер,3 (бензин),26,Автомат,Полный привод,Слева,Черный металлик,Да,all,66000000,3.0,Mercedes-benz,13103000.0,Yes,7,8250000.0
Rivian r1s,2018,https://kolesa.kz/a/show/218724798?search_id=412da389af6b9466d6f7d0616afcdad88199ce6b&search_type=filter&advert_position=688,82000000,Алматы,30 апреля,1,False,False,False,82845000.0,82 000 000 ₸,2018 - н.в. 1 поколение,Внедорожник,Не указан,5000,Автомат,Полный привод,Слева,Не указан,Да,all,82000000,3.5,Rivian,845000.0,No,8,9111111.111111112
Rolls-royce phantom,2003,https://kolesa.kz/a/show/182142240?search_id=412da389af6b9466d6f7d0616afcdad88199ce6b&search_type=filter&advert_position=689,200000000,Алматы,30 апреля,2,False,False,False,79103000.0,200 000 000 ₸,2003 - 2009 7 поколение (RR1),Седан,6.7 (бензин),77000,Автомат,Задний привод,Слева,Черный металлик,Да,all,200000000,6.7,Rolls-royce,-120897000.0,No,23,8333333.333333333
Tesla model s,2021,https://kolesa.kz/a/show/194692386?search_id=412da389af6b9466d6f7d0616afcdad88199ce6b&search_type=filter&advert_position=690,72000000,Алматы,30 апреля,126,False,True,False,79103000.0,72 000 000 ₸,2021 - н.в. 1 поколение [2-й рестайлинг] (5YJS),Лифтбек,Не указан,900,Автомат,Полный привод,Слева,Черный металлик,Да,all,72000000,3.5,Tesla,7103000.0,Yes,5,12000000.0
Audi rs q8,2019,https://kolesa.kz/a/show/205425736?search_id=412da389af6b9466d6f7d0616afcdad88199ce6b&search_type=filter&advert_position=691,63000000,Алматы,30 апреля,433,False,True,False,79103000.0,63 000 000 ₸,2019 - н.в. 1 поколение (4MN),Внедорожник,4 (бензин),52000,Автомат,Полный привод,Слева,Черный металлик,Да,all,63000000,4.0,Audi,16103000.0,Yes,7,7875000.0
Mercedes-benz s 580,2020,https://kolesa.kz/a/show/204910569?search_id=412da389af6b9466d6f7d0616afcdad88199ce6b&search_type=filter&advert_position=692,90000000,Астана,30 апреля,62,False,False,False,88073000.0,90 000 000 ₸,2020 - н.в. W223,Седан,4 (бензин),16000,Автомат,Полный привод,Слева,Черный металлик,Да,all,90000000,4.0,Mercedes-benz,-1927000.0,No,6,12857142.857142856
Bmw x7,2022,https://kolesa.kz/a/show/216351322?search_id=412da389af6b9466d6f7d0616afcdad88199ce6b&search_type=filter&advert_position=694,65000000,Алматы,30 апреля,619,False,False,False,55680000.0,65 000 000 ₸,2022 - н.в. G07 рестайлинг,Кроссовер,3 (бензин),75000,Автомат,Полный привод,Слева,Не указан,Да,all,65000000,3.0,Bmw,-9320000.0,No,4,13000000.0
Lexus lx 570,2015,https://kolesa.kz/a/show/218722790?search_id=412da389af6b9466d6f7d0616afcdad88199ce6b&search_type=filter&advert_position=695,71000000,Атырау,30 апреля,13,False,False,False,73667000.0,71 000 000 ₸,2015 - н.в. 3 поколение [2-й рестайлинг] (J2),Внедорожник,5.7 (бензин),32000,Автомат,Полный привод,Слева,Не указан,Да,all,71000000,5.7,Lexus,2667000.0,No,11,5916666.666666667
Bmw x5 m,2023,https://kolesa.kz/a/show/215776527?search_id=412da389af6b9466d6f7d0616afcdad88199ce6b&search_type=filter&advert_position=696,99800000,Алматы,30 апреля,2,False,False,False,79103000.0,99 800 000 ₸,2023 - н.в. F95 рестайлинг,Кроссовер,4.4 (бензин),6000,Автомат,Полный привод,Слева,Черный,Да,all,99800000,4.4,Bmw,-20697000.0,No,3,24950000.0
Mercedes-benz s 450,2020,https://kolesa.kz/a/show/217912944?search_id=412da389af6b9466d6f7d0616afcdad88199ce6b&search_type=filter&advert_position=698,69500000,Алматы,30 апреля,0,False,False,False,69375000.0,69 500 000 ₸,2020 - н.в. W223,Седан,3 (бензин),70000,Автомат,Полный привод,Слева,Не указан,Да,all,69500000,3.0,Mercedes-benz,-125000.0,No,6,9928571.42857143
Audi rs 6,2019,https://kolesa.kz/a/show/209645659?search_id=412da389af6b9466d6f7d0616afcdad88199ce6b&search_type=filter&advert_position=699,71000000,Алматы,30 апреля,1488,False,True,False,79103000.0,71 000 000 ₸,2019 - н.в. С8,Универсал,4 (бензин),25000,Автомат,Полный привод,Слева,Серый металлик,Да,all,71000000,4.0,Audi,8103000.0,Yes,7,8875000.0
Bmw x7,2018,https://kolesa.kz/a/show/217303777?search_id=412da389af6b9466d6f7d0616afcdad88199ce6b&search_type=filter&advert_position=700,65000000,Павлодар,30 апреля,217,False,False,False,53545000.0,65 000 000 ₸,2018 - н.в. G07,Кроссовер,4.4 (бензин),18000,Автомат,Полный привод,Слева,Не указан,Да,all,65000000,4.4,Bmw,-11455000.0,No,8,7222222.222222222
Land rover range rover sport,2022,https://kolesa.kz/a/show/189038427?search_id=435327eb9ed9a88c0b6a01240ce81417ac47b737&search_type=filter&advert_position=701,76000000,Алматы,30 апреля,3,False,False,False,79103000.0,76 000 000 ₸,2022 - н.в. 3 поколение,Внедорожник,3 (бензин),11000,Автомат,Полный привод,Слева,Черный металлик,Да,all,76000000,3.0,Land,3103000.0,No,4,15200000.0
Mercedes-benz g 63 amg,2018,https://kolesa.kz/a/show/218716385?search_id=435327eb9ed9a88c0b6a01240ce81417ac47b737&search_type=filter&advert_position=702,75000000,Актау,30 апреля,7,False,False,False,80714000.0,75 000 000 ₸,2018 - н.в. W463,Внедорожник,4 (бензин),95000,Автомат,Полный привод,Слева,Не указан,Да,all,75000000,4.0,Mercedes-benz,5714000.0,Yes,8,8333333.333333333
Mercedes-maybach s 450,2021,https://kolesa.kz/a/show/215020433?search_id=435327eb9ed9a88c0b6a01240ce81417ac47b737&search_type=filter&advert_position=703,130000000,Астана,30 апреля,3,False,False,False,79103000.0,130 000 000 ₸,2021 - н.в. Z223,Седан,3 (бензин),9000,Автомат,Полный привод,Слева,Черный,Да,all,130000000,3.0,Mercedes-maybach,-50897000.0,No,5,21666666.666666668
Land rover range rover,2021,https://kolesa.kz/a/show/205704004?search_id=435327eb9ed9a88c0b6a01240ce81417ac47b737&search_type=filter&advert_position=704,91000000,Алматы,30 апреля,3,False,False,False,89769000.0,91 000 000 ₸,2021 - н.в. 5 поколение,Внедорожник,3 (бензин),22000,Автомат,Полный привод,Слева,Черный металлик,Да,all,91000000,3.0,Land,-1231000.0,No,5,15166666.666666666
Lexus lx 600,2021,https://kolesa.kz/a/show/215860626?search_id=435327eb9ed9a88c0b6a01240ce81417ac47b737&search_type=filter&advert_position=705,86000000,Алматы,30 апреля,3,False,False,False,86302000.0,86 000 000 ₸,2021 - н.в. 4 поколение,Внедорожник,3.5 (бензин),0,Автомат,Полный привод,Слева,Черный металлик,Да,all,86000000,3.5,Lexus,302000.0,No,5,14333333.333333334
Lexus lx 600,2021,https://kolesa.kz/a/show/216772135?search_id=435327eb9ed9a88c0b6a01240ce81417ac47b737&search_type=filter&advert_position=707,87000000,Алматы,30 апреля,2,False,False,False,86302000.0,87 000 000 ₸,2021 - н.в. 4 поколение,Внедорожник,3.5 (бензин),0,Автомат,Полный привод,Слева,Белый металлик,Да,all,87000000,3.5,Lexus,-698000.0,No,5,14500000.0
Lexus lx 600,2021,https://kolesa.kz/a/show/218712089?search_id=435327eb9ed9a88c0b6a01240ce81417ac47b737&search_type=filter&advert_position=708,75500000,Шымкент,30 апреля,7,False,False,False,79103000.0,75 500 000 ₸,2021 - н.в. 4 поколение,Внедорожник,3.5 (бензин),48574,Автомат,Полный привод,Слева,Черный,Да,all,75500000,3.5,Lexus,3603000.0,No,5,12583333.333333334
Bmw x7 xdrive 40i,2022,https://kolesa.kz/a/show/216519672?search_id=435327eb9ed9a88c0b6a01240ce81417ac47b737&search_type=filter&advert_position=709,76050000,Алматы,30 апреля,632,True,False,False,79300000.0,76 050 000 ₸,2022 - н.в. G07 рестайлинг,Кроссовер,3 (бензин),80,Автомат,Полный привод,Слева,Черный,Да,all,76050000,3.0,Bmw,3250000.0,No,4,15210000.0
Mercedes-benz gls 63 amg,2019,https://kolesa.kz/a/show/211493393?search_id=435327eb9ed9a88c0b6a01240ce81417ac47b737&search_type=filter&advert_position=710,85000000,Караганда,30 апреля,3060,False,False,False,79103000.0,85 000 000 ₸,2019 - н.в. X167,Внедорожник,6.3 (бензин),60000,Автомат,Полный привод,Слева,Не указан,Да,all,85000000,6.3,Mercedes-benz,-5897000.0,No,7,10625000.0
Land rover range rover sport,2022,https://kolesa.kz/a/show/217743317?search_id=435327eb9ed9a88c0b6a01240ce81417ac47b737&search_type=filter&advert_position=711,87000000,Астана,30 апреля,4,False,False,False,79103000.0,87 000 000 ₸,2022 - н.в. 3 поколение,Внедорожник,3 (бензин),30000,Автомат,Полный привод,Слева,Не указан,Да,all,87000000,3.0,Land,-7897000.0,No,4,17400000.0
Lexus lx 570,2015,https://kolesa.kz/a/show/212796069?search_id=435327eb9ed9a88c0b6a01240ce81417ac47b737&search_type=filter&advert_position=712,64900000,Астана,30 апреля,11,False,False,False,57686000.0,64 900 000 ₸,2015 - н.в. 3 поколение [2-й рестайлинг] (J2),Внедорожник,5.7 (бензин),78000,Автомат,Полный привод,Слева,Черный,Да,all,64900000,5.7,Lexus,-7214000.0,No,11,5408333.333333333
Land rover range rover,2021,https://kolesa.kz/a/show/213607937?search_id=435327eb9ed9a88c0b6a01240ce81417ac47b737&search_type=filter&advert_position=713,142000000,Астана,30 апреля,5,False,False,False,135040000.0,142 000 000 ₸,2021 - н.в. 5 поколение,Внедорожник,4.4 (бензин),12000,Автомат,Полный привод,Слева,Черный,Да,all,142000000,4.4,Land,-6960000.0,No,5,23666666.666666668
Mercedes-benz g 500,2018,https://kolesa.kz/a/show/215260609?search_id=435327eb9ed9a88c0b6a01240ce81417ac47b737&search_type=filter&advert_position=714,119900000,Астана,30 апреля,1,False,False,False,79103000.0,119 900 000 ₸,2018 - н.в. W463,Внедорожник,4 (бензин),33000,Автомат,Полный привод,Слева,Черный,Да,all,119900000,4.0,Mercedes-benz,-40797000.0,No,8,13322222.222222222
Lexus lm,2019,https://kolesa.kz/a/show/218706750?search_id=435327eb9ed9a88c0b6a01240ce81417ac47b737&search_type=filter&advert_position=715,75000000,Алматы,30 апреля,11,True,False,False,79103000.0,75 000 000 ₸,2019 - н.в. 1 поколение,Минивэн,2.5 (гибрид),5463,Вариатор,Полный привод,Слева,Черный металлик,Да,all,75000000,2.5,Lexus,4103000.0,Yes,7,9375000.0
Mercedes-benz s 450,2020,https://kolesa.kz/a/show/206537893?search_id=435327eb9ed9a88c0b6a01240ce81417ac47b737&search_type=filter&advert_position=716,76000000,Астана,30 апреля,1,False,False,False,69685000.0,76 000 000 ₸,2020 - н.в. W223,Седан,3 (бензин),24000,Автомат,Полный привод,Слева,Не указан,Да,all,76000000,3.0,Mercedes-benz,-6315000.0,No,6,10857142.857142856
Toyota alphard,2018,https://kolesa.kz/a/show/200060640?search_id=435327eb9ed9a88c0b6a01240ce81417ac47b737&search_type=filter&advert_position=717,75000000,Астана,30 апреля,7,False,False,False,79103000.0,75 000 000 ₸,2018 - н.в. 3 поколение рестайлинг (H3),Минивэн,2.5 (гибрид),19000,Автомат,Полный привод,Слева,Черный,Да,all,75000000,2.5,Toyota,4103000.0,Yes,8,8333333.333333333
Mercedes-benz g 63 amg,2024,https://kolesa.kz/a/show/217113273?search_id=435327eb9ed9a88c0b6a01240ce81417ac47b737&search_type=filter&advert_position=718,176000000,Астана,30 апреля,5,False,False,False,174225000.0,176 000 000 ₸,2024 - н.в. W463 рестайлинг,Внедорожник,4 (бензин),1600,Автомат,Полный привод,Слева,Черный,Да,all,176000000,4.0,Mercedes-benz,-1775000.0,No,2,58666666.666666664
Toyota land cruiser,2021,https://kolesa.kz/a/show/209903807?search_id=435327eb9ed9a88c0b6a01240ce81417ac47b737&search_type=filter&advert_position=719,64400000,Астана,30 апреля,4,False,False,False,56149000.0,64 400 000 ₸,2021 - н.в. J300,Внедорожник,3.5 (бензин),17000,Автомат,Полный привод,Слева,Белый,Да,all,64400000,3.5,Toyota,-8251000.0,No,5,10733333.333333334
Land rover range rover,2021,https://kolesa.kz/a/show/215636596?search_id=435327eb9ed9a88c0b6a01240ce81417ac47b737&search_type=filter&advert_position=720,99000000,Алматы,30 апреля,2,False,False,False,89769000.0,99 000 000 ₸,2021 - н.в. 5 поколение,Внедорожник,3 (бензин),30000,Автомат,Полный привод,Слева,Черный,Да,all,99000000,3.0,Land,-9231000.0,No,5,16500000.0
Land rover range rover,2021,https://kolesa.kz/a/show/216288470?search_id=f528eb646a088f744d5f14c43ff6f79590112a22&search_type=filter&advert_position=721,109800000,Алматы,30 апреля,7,False,False,False,93787000.0,109 800 000 ₸,2021 - н.в. 5 поколение,Внедорожник,4.4 (бензин),10000,Автомат,Полный привод,Слева,Не указан,Да,all,109800000,4.4,Land,-16013000.0,No,5,18300000.0
Mercedes-benz g 63 amg,2018,https://kolesa.kz/a/show/214579288?search_id=f528eb646a088f744d5f14c43ff6f79590112a22&search_type=filter&advert_position=722,187000000,Алматы,30 апреля,5,False,False,False,146412000.0,187 000 000 ₸,2018 - н.в. W463,Внедорожник,4 (бензин),8000,Автомат,Полный привод,Слева,Бронза,Да,all,187000000,4.0,Mercedes-benz,-40588000.0,No,8,20777777.777777776
Lexus lx 600,2021,https://kolesa.kz/a/show/215132982?search_id=f528eb646a088f744d5f14c43ff6f79590112a22&search_type=filter&advert_position=724,79950000,Алматы,30 апреля,591,False,False,False,79103000.0,79 950 000 ₸,2021 - н.в. 4 поколение,Внедорожник,3.5 (бензин),20000,Автомат,Полный привод,Слева,Серый,Да,all,79950000,3.5,Lexus,-847000.0,No,5,13325000.0
Mercedes-benz g 63 amg,2018,https://kolesa.kz/a/show/215263584?search_id=f528eb646a088f744d5f14c43ff6f79590112a22&search_type=filter&advert_position=725,113700000,Алматы,30 апреля,3,False,False,False,104010000.0,113 700 000 ₸,2018 - н.в. W463,Внедорожник,4 (бензин),40000,Автомат,Полный привод,Слева,Белый,Да,all,113700000,4.0,Mercedes-benz,-9690000.0,No,8,12633333.333333334
Porsche 911,2011,https://kolesa.kz/a/show/217600997?search_id=f528eb646a088f744d5f14c43ff6f79590112a22&search_type=filter&advert_position=726,77500000,Алматы,30 апреля,22,False,False,False,79103000.0,77 500 000 ₸,2011 - 2015 991,Купе,3.8 (бензин),56000,Робот,Полный привод,Слева,Не указан,Да,all,77500000,3.8,Porsche,1603000.0,No,15,4843750.0
Mercedes-benz g 63 amg,2018,https://kolesa.kz/a/show/215388221?search_id=f528eb646a088f744d5f14c43ff6f79590112a22&search_type=filter&advert_position=727,108900000,Алматы,30 апреля,1,False,False,False,104010000.0,108 900 000 ₸,2018 - н.в. W463,Внедорожник,4 (бензин),46000,Автомат,Полный привод,Слева,Черный,Да,all,108900000,4.0,Mercedes-benz,-4890000.0,No,8,12100000.0
Lexus lx 600,2021,https://kolesa.kz/a/show/217486227?search_id=f528eb646a088f744d5f14c43ff6f79590112a22&search_type=filter&advert_position=728,77900000,Алматы,30 апреля,6,False,False,False,73055000.0,77 900 000 ₸,2021 - н.в. 4 поколение,Внедорожник,3.5 (бензин),28000,Автомат,Полный привод,Слева,Белый,Да,all,77900000,3.5,Lexus,-4845000.0,No,5,12983333.333333334
Land rover range rover,2021,https://kolesa.kz/a/show/217379612?search_id=f528eb646a088f744d5f14c43ff6f79590112a22&search_type=filter&advert_position=729,79990000,Алматы,30 апреля,6,False,False,False,89769000.0,79 990 000 ₸,2021 - н.в. 5 поколение,Внедорожник,3 (бензин),46000,Автомат,Полный привод,Слева,Не указан,Да,all,79990000,3.0,Land,9779000.0,Yes,5,13331666.666666666
Bmw x6,2023,https://kolesa.kz/a/show/211972197?search_id=f528eb646a088f744d5f14c43ff6f79590112a22&search_type=filter&advert_position=730,89500000,Астана,30 апреля,3,False,False,False,79103000.0,89 500 000 ₸,2023 - н.в. G06 рестайлинг,Кроссовер,3 (бензин),2000,Автомат,Полный привод,Слева,Серый,Да,all,89500000,3.0,Bmw,-10397000.0,No,3,22375000.0
Land rover range rover,2021,https://kolesa.kz/a/show/209979756?search_id=f528eb646a088f744d5f14c43ff6f79590112a22&search_type=filter&advert_position=731,85900000,Шымкент,30 апреля,4,False,False,False,93787000.0,85 900 000 ₸,2021 - н.в. 5 поколение,Внедорожник,4.4 (бензин),67000,Автомат,Полный привод,Справа,Зеленый металлик,Да,all,85900000,4.4,Land,7887000.0,Yes,5,14316666.666666666
Bmw x5,2023,https://kolesa.kz/a/show/217177269?search_id=f528eb646a088f744d5f14c43ff6f79590112a22&search_type=filter&advert_position=732,68500000,Астана,30 апреля,343,True,False,False,65066000.0,68 500 000 ₸,2023 - н.в. G05 рестайлинг,Кроссовер,3 (бензин),5395,Автомат,Полный привод,Слева,Синий,Да,all,68500000,3.0,Bmw,-3434000.0,No,3,17125000.0
Bmw 740,2022,https://kolesa.kz/a/show/208853564?search_id=f528eb646a088f744d5f14c43ff6f79590112a22&search_type=filter&advert_position=733,64900000,Шымкент,30 апреля,2,False,False,False,67508000.0,64 900 000 ₸,2022 - н.в. G70,Седан,3 (бензин),29000,Автомат,Полный привод,Слева,Хамелеон металлик,Да,all,64900000,3.0,Bmw,2608000.0,No,4,12980000.0
Gmc yukon,2020,https://kolesa.kz/a/show/218704498?search_id=f528eb646a088f744d5f14c43ff6f79590112a22&search_type=filter&advert_position=734,60000000,Алматы,30 апреля,14,False,False,False,79103000.0,60 000 000 ₸,2020 - н.в. GMT1YC,Внедорожник,6.2 (бензин),2200,Автомат,Полный привод,Слева,Черный,Да,all,60000000,6.2,Gmc,19103000.0,Yes,6,8571428.57142857
Bmw x6 xdrive 40i,2023,https://kolesa.kz/a/show/216515595?search_id=f528eb646a088f744d5f14c43ff6f79590112a22&search_type=filter&advert_position=735,68000000,Караганда,30 апреля,531,False,False,True,71041000.0,68 000 000 ₸,2023 - н.в. G06 рестайлинг,Кроссовер,3 (бензин),500,Автомат,Полный привод,Слева,Синий металлик,Да,all,68000000,3.0,Bmw,3041000.0,No,3,17000000.0
Mercedes-benz s 63 amg,2017,https://kolesa.kz/a/show/212393834?search_id=f528eb646a088f744d5f14c43ff6f79590112a22&search_type=filter&advert_position=736,62800000,Алматы,30 апреля,4,False,False,False,48286000.0,62 800 000 ₸,2017 - 2020 W222/C217/A217 рестайлинг,Седан,4 (бензин),0,Автомат,Полный привод,Слева,Черный,Да,all,62800000,4.0,Mercedes-benz,-14514000.0,No,9,6280000.0
Bmw x5,2023,https://kolesa.kz/a/show/218700599?search_id=f528eb646a088f744d5f14c43ff6f79590112a22&search_type=filter&advert_position=737,60000000,Актау,30 апреля,12,False,False,False,59457000.0,60 000 000 ₸,2023 - н.в. G05 рестайлинг,Кроссовер,3 (бензин),45000,Автомат,Полный привод,Слева,Не указан,Да,all,60000000,3.0,Bmw,-543000.0,No,3,15000000.0
Land rover range rover,2021,https://kolesa.kz/a/show/204392865?search_id=f528eb646a088f744d5f14c43ff6f79590112a22&search_type=filter&advert_position=738,85000000,Алматы,30 апреля,6,False,False,False,89769000.0,85 000 000 ₸,2021 - н.в. 5 поколение,Внедорожник,3 (бензин),65000,Автомат,Полный привод,Слева,Серый металлик,Да,all,85000000,3.0,Land,4769000.0,Yes,5,14166666.666666666
Mercedes-benz s 450,2020,https://kolesa.kz/a/show/216938660?search_id=f528eb646a088f744d5f14c43ff6f79590112a22&search_type=filter&advert_position=739,65000000,Астана,30 апреля,9,False,False,False,69685000.0,65 000 000 ₸,2020 - н.в. W223,Седан,3 (бензин),0,Автомат,Полный привод,Слева,Не указан,Да,all,65000000,3.0,Mercedes-benz,4685000.0,Yes,6,9285714.285714285
Mercedes-benz g 63 amg,2018,https://kolesa.kz/a/show/217497392?search_id=d731d4a32827b40747612da9c3d6457adaf579be&search_type=filter&advert_position=741,115800000,Астана,30 апреля,8,False,False,False,113951000.0,115 800 000 ₸,2018 - н.в. W463,Внедорожник,4 (бензин),42000,Автомат,Полный привод,Слева,Не указан,Да,all,115800000,4.0,Mercedes-benz,-1849000.0,No,8,12866666.666666666
Mercedes-benz g 63 amg,2018,https://kolesa.kz/a/show/215289008?search_id=d731d4a32827b40747612da9c3d6457adaf579be&search_type=filter&advert_position=742,87000000,Астана,30 апреля,16,False,False,False,97925000.0,87 000 000 ₸,2018 - н.в. W463,Внедорожник,4 (бензин),36118,Автомат,Полный привод,Слева,Не указан,Да,all,87000000,4.0,Mercedes-benz,10925000.0,Yes,8,9666666.666666666
Bmw x6 xdrive 40i,2023,https://kolesa.kz/a/show/214486732?search_id=d731d4a32827b40747612da9c3d6457adaf579be&search_type=filter&advert_position=743,79536457,Караганда,30 апреля,815,False,False,True,71041000.0,79 536 457 ₸,2023 - н.в. G06 рестайлинг,Кроссовер,3 (бензин),15,Автомат,Полный привод,Слева,Белый металлик,Да,all,79536457,3.0,Bmw,-8495457.0,No,3,19884114.25
Land rover defender,2019,https://kolesa.kz/a/show/218697449?search_id=d731d4a32827b40747612da9c3d6457adaf579be&search_type=filter&advert_position=744,76750000,Алматы,30 апреля,9,False,False,False,63830000.0,76 750 000 ₸,2019 - н.в. 2 поколение (L663),Внедорожник,3 (бензин),3800,Автомат,Полный привод,Слева,Не указан,Да,all,76750000,3.0,Land,-12920000.0,No,7,9593750.0
Mercedes-benz g 63 amg,2018,https://kolesa.kz/a/show/216874536?search_id=d731d4a32827b40747612da9c3d6457adaf579be&search_type=filter&advert_position=745,105000000,Алматы,30 апреля,4,False,False,False,97925000.0,105 000 000 ₸,2018 - н.в. W463,Внедорожник,4 (бензин),36000,Автомат,Полный привод,Слева,Белый,Да,all,105000000,4.0,Mercedes-benz,-7075000.0,No,8,11666666.666666666
Nissan patrol titanium,2024,https://kolesa.kz/a/show/201974296?search_id=d731d4a32827b40747612da9c3d6457adaf579be&search_type=filter&advert_position=746,64990000,Астана,30 апреля,4449,False,False,True,79103000.0,64 990 000 ₸,2024 - н.в. Y63,Внедорожник,3.5 (бензин),0,Автомат,Полный привод,Слева,Не указан,Да,all,64990000,3.5,Nissan,14113000.0,Yes,2,21663333.333333332
Lexus lx 570,2015,https://kolesa.kz/a/show/162498823?search_id=d731d4a32827b40747612da9c3d6457adaf579be&search_type=filter&advert_position=747,60000000,Актау,30 апреля,10,False,False,False,57686000.0,60 000 000 ₸,2015 - н.в. 3 поколение [2-й рестайлинг] (J2),Внедорожник,5.7 (бензин),75000,Автомат,Полный привод,Слева,Белый,Да,all,60000000,5.7,Lexus,-2314000.0,No,11,5000000.0
Dodge ram,2018,https://kolesa.kz/a/show/211487143?search_id=d731d4a32827b40747612da9c3d6457adaf579be&search_type=filter&advert_position=748,74000000,Астана,30 апреля,218,False,False,False,68682000.0,74 000 000 ₸,2018 - н.в. 5 поколение,Пикап,6.2 (бензин),17000,Автомат,Полный привод,Слева,Серый металлик,Да,all,74000000,6.2,Dodge,-5318000.0,No,8,8222222.222222222
Toyota land cruiser premium,2021,https://kolesa.kz/a/show/193755106?search_id=d731d4a32827b40747612da9c3d6457adaf579be&search_type=filter&advert_position=749,74890000,Караганда,30 апреля,1701,False,False,True,67236000.0,74 890 000 ₸,2021 - н.в. J300,Внедорожник,3.5 (бензин),0,Автомат,Полный привод,Слева,Не указан,Да,all,74890000,3.5,Toyota,-7654000.0,No,5,12481666.666666666
Mercedes-benz g 63 amg,2018,https://kolesa.kz/a/show/218695268?search_id=d731d4a32827b40747612da9c3d6457adaf579be&search_type=filter&advert_position=750,92555555,Алматы,30 апреля,17,False,False,False,113951000.0,92 555 555 ₸,2018 - н.в. W463,Внедорожник,4 (бензин),18000,Автомат,Полный привод,Слева,Черный,Да,all,92555555,4.0,Mercedes-benz,21395445.0,Yes,8,10283950.555555556
Toyota land cruiser prestige,2021,https://kolesa.kz/a/show/190890062?search_id=d731d4a32827b40747612da9c3d6457adaf579be&search_type=filter&advert_position=751,65390000,Астана,30 апреля,2136,False,False,True,67236000.0,65 390 000 ₸,2021 - н.в. J300,Внедорожник,3.5 (бензин),0,Автомат,Полный привод,Слева,Не указан,Да,all,65390000,3.5,Toyota,1846000.0,No,5,10898333.333333334
Mercedes-benz s 63 amg,2017,https://kolesa.kz/a/show/214821726?search_id=d731d4a32827b40747612da9c3d6457adaf579be&search_type=filter&advert_position=753,85000000,Алматы,30 апреля,380,False,False,False,79103000.0,85 000 000 ₸,2017 - 2020 W222/C217/A217 рестайлинг,Купе,4 (бензин),28500,Автомат,Полный привод,Слева,Не указан,Да,all,85000000,4.0,Mercedes-benz,-5897000.0,No,9,8500000.0
Toyota land cruiser premium,2021,https://kolesa.kz/a/show/201510404?search_id=d731d4a32827b40747612da9c3d6457adaf579be&search_type=filter&advert_position=754,76690000,Караганда,30 апреля,24,False,False,True,67236000.0,76 690 000 ₸,2021 - н.в. J300,Внедорожник,3.5 (бензин),0,Автомат,Полный привод,Слева,Не указан,Да,all,76690000,3.5,Toyota,-9454000.0,No,5,12781666.666666666
Ford bronco,2020,https://kolesa.kz/a/show/215885004?search_id=d731d4a32827b40747612da9c3d6457adaf579be&search_type=filter&advert_position=755,62000000,Алматы,30 апреля,8,False,False,False,79103000.0,62 000 000 ₸,2020 - н.в. 6 поколение,Внедорожник,2.7 (бензин),45000,Автомат,Полный привод,Слева,Белый металлик,Да,all,62000000,2.7,Ford,17103000.0,Yes,6,8857142.857142856
Mercedes-maybach s 580,2021,https://kolesa.kz/a/show/217033441?search_id=d731d4a32827b40747612da9c3d6457adaf579be&search_type=filter&advert_position=757,80000000,Шымкент,30 апреля,1123,False,False,False,79103000.0,80 000 000 ₸,2021 - н.в. Z223,Седан,4 (бензин),115000,Автомат,Полный привод,Слева,Не указан,Да,all,80000000,4.0,Mercedes-maybach,-897000.0,No,5,13333333.333333334
Bmw x7 xdrive 40i,2022,https://kolesa.kz/a/show/214494414?search_id=d731d4a32827b40747612da9c3d6457adaf579be&search_type=filter&advert_position=758,89166941,Караганда,30 апреля,818,False,False,True,79300000.0,89 166 941 ₸,2022 - н.в. G07 рестайлинг,Кроссовер,3 (бензин),10,Автомат,Полный привод,Слева,Белый металлик,Да,all,89166941,3.0,Bmw,-9866941.0,No,4,17833388.2
Mercedes-benz g 500,2018,https://kolesa.kz/a/show/218690445?search_id=d731d4a32827b40747612da9c3d6457adaf579be&search_type=filter&advert_position=759,85000000,Астана,30 апреля,11,False,False,False,88806000.0,85 000 000 ₸,2018 - н.в. W463,Внедорожник,4 (бензин),71000,Автомат,Полный привод,Слева,Не указан,Да,all,85000000,4.0,Mercedes-benz,3806000.0,No,8,9444444.444444444
Toyota land cruiser,2021,https://kolesa.kz/a/show/214017996?search_id=d731d4a32827b40747612da9c3d6457adaf579be&search_type=filter&advert_position=760,60000000,Атырау,30 апреля,13,False,False,False,60621000.0,60 000 000 ₸,2021 - н.в. J300,Внедорожник,3.5 (бензин),6500,Автомат,Полный привод,Слева,Черный металлик,Да,all,60000000,3.5,Toyota,621000.0,No,5,10000000.0
Toyota land cruiser,2021,https://kolesa.kz/a/show/207775047?search_id=081a5fee386f239596ad9700f476402aa42fef74&search_type=filter&advert_position=761,64000000,Тараз,30 апреля,2,False,False,False,56149000.0,64 000 000 ₸,2021 - н.в. J300,Внедорожник,3.5 (бензин),20000,Автомат,Полный привод,Слева,Белый,Да,all,64000000,3.5,Toyota,-7851000.0,No,5,10666666.666666666
Bmw x7 xdrive 40i,2022,https://kolesa.kz/a/show/217160473?search_id=081a5fee386f239596ad9700f476402aa42fef74&search_type=filter&advert_position=762,89854000,Усть-каменогорск,30 апреля,355,False,False,True,79300000.0,89 854 000 ₸,2022 - н.в. G07 рестайлинг,Кроссовер,3 (бензин),0,Автомат,Полный привод,Слева,Черный металлик,Да,all,89854000,3.0,Bmw,-10554000.0,No,4,17970800.0
Mercedes-benz g 63 amg,2018,https://kolesa.kz/a/show/218669044?search_id=081a5fee386f239596ad9700f476402aa42fef74&search_type=filter&advert_position=763,110000000,Шымкент,30 апреля,19,False,False,False,97925000.0,110 000 000 ₸,2018 - н.в. W463,Внедорожник,4 (бензин),64000,Автомат,Полный привод,Слева,Черный металлик,Да,all,110000000,4.0,Mercedes-benz,-12075000.0,No,8,12222222.222222222
Porsche cayenne,2023,https://kolesa.kz/a/show/210254201?search_id=081a5fee386f239596ad9700f476402aa42fef74&search_type=filter&advert_position=764,65000000,Алматы,30 апреля,525,False,False,False,79103000.0,65 000 000 ₸,2023 - н.в. 3 поколение рестайлинг,Кроссовер,3 (гибрид),7000,Автомат,Полный привод,Слева,Белый металлик,Да,all,65000000,3.0,Porsche,14103000.0,Yes,3,16250000.0
Toyota sequoia,2022,https://kolesa.kz/a/show/199961406?search_id=081a5fee386f239596ad9700f476402aa42fef74&search_type=filter&advert_position=765,61000000,Актау,30 апреля,1,False,False,False,58610000.0,61 000 000 ₸,2022 - н.в. 3 поколение,Внедорожник,3.5 (гибрид),37000,Автомат,Полный привод,Слева,Не указан,Да,all,61000000,3.5,Toyota,-2390000.0,No,4,12200000.0
Mercedes-benz s 580,2020,https://kolesa.kz/a/show/213564074?search_id=081a5fee386f239596ad9700f476402aa42fef74&search_type=filter&advert_position=766,98800000,Алматы,30 апреля,8,False,False,False,88073000.0,98 800 000 ₸,2020 - н.в. W223,Седан,4 (бензин),8600,Автомат,Полный привод,Слева,Не указан,Да,all,98800000,4.0,Mercedes-benz,-10727000.0,No,6,14114285.714285715
Mercedes-benz amg gt,2017,https://kolesa.kz/a/show/203164533?search_id=081a5fee386f239596ad9700f476402aa42fef74&search_type=filter&advert_position=767,65000000,Астана,30 апреля,9,False,False,False,66800000.0,65 000 000 ₸,2017 - 2024 1 поколение рестайлинг,Лифтбек,4 (бензин),59000,Робот,Полный привод,Слева,Не указан,Да,all,65000000,4.0,Mercedes-benz,1800000.0,No,9,6500000.0
Mercedes-benz gls 63 amg,2019,https://kolesa.kz/a/show/217689643?search_id=081a5fee386f239596ad9700f476402aa42fef74&search_type=filter&advert_position=768,90000000,Астана,30 апреля,4,False,False,False,79103000.0,90 000 000 ₸,2019 - н.в. X167,Внедорожник,4 (гибрид),28000,Автомат,Полный привод,Слева,Не указан,Да,all,90000000,4.0,Mercedes-benz,-10897000.0,No,7,11250000.0
Lexus lx 570,2015,https://kolesa.kz/a/show/218677804?search_id=081a5fee386f239596ad9700f476402aa42fef74&search_type=filter&advert_position=769,62000000,Алматы,30 апреля,37,False,False,False,57686000.0,62 000 000 ₸,2015 - н.в. 3 поколение [2-й рестайлинг] (J2),Внедорожник,5.7 (бензин),95000,Автомат,Полный привод,Слева,Не указан,Да,all,62000000,5.7,Lexus,-4314000.0,No,11,5166666.666666667
Toyota land cruiser,2021,https://kolesa.kz/a/show/217874134?search_id=081a5fee386f239596ad9700f476402aa42fef74&search_type=filter&advert_position=770,62500000,Алматы,30 апреля,9,False,False,False,56149000.0,62 500 000 ₸,2021 - н.в. J300,Внедорожник,3.5 (бензин),20000,Автомат,Полный привод,Слева,Не указан,Да,all,62500000,3.5,Toyota,-6351000.0,No,5,10416666.666666666
Mercedes-maybach s 680,2026,https://kolesa.kz/a/show/216441511?search_id=081a5fee386f239596ad9700f476402aa42fef74&search_type=filter&advert_position=771,170000000,Алматы,30 апреля,1335,False,False,False,79103000.0,170 000 000 ₸,2026 - н.в. Z223 рестайлинг,Седан,4 (бензин),0,Автомат,Полный привод,Слева,Белый,Да,all,170000000,4.0,Mercedes-maybach,-90897000.0,No,0,170000000.0
Land rover defender,2019,https://kolesa.kz/a/show/211502613?search_id=081a5fee386f239596ad9700f476402aa42fef74&search_type=filter&advert_position=772,65600000,Алматы,30 апреля,10519,False,True,False,63830000.0,65 600 000 ₸,2019 - н.в. 2 поколение (L663),Внедорожник,3 (бензин),8563,Автомат,Полный привод,Слева,Не указан,Да,all,65600000,3.0,Land,-1770000.0,No,7,8200000.0
Land rover range rover sport,2022,https://kolesa.kz/a/show/214561451?search_id=081a5fee386f239596ad9700f476402aa42fef74&search_type=filter&advert_position=773,64700000,Алматы,30 апреля,1990,False,True,False,79103000.0,64 700 000 ₸,2022 - н.в. 3 поколение,Внедорожник,3 (бензин),24564,Автомат,Полный привод,Слева,Не указан,Да,all,64700000,3.0,Land,14403000.0,Yes,4,12940000.0
Mercedes-benz g 63 amg,2024,https://kolesa.kz/a/show/215098343?search_id=081a5fee386f239596ad9700f476402aa42fef74&search_type=filter&advert_position=774,183000000,Алматы,29 апреля,1050,False,False,False,177311000.0,183 000 000 ₸,2024 - н.в. W463 рестайлинг,Внедорожник,4 (бензин),4000,Автомат,Полный привод,Слева,Черный,Да,all,183000000,4.0,Mercedes-benz,-5689000.0,No,2,61000000.0
Toyota land cruiser premium,2021,https://kolesa.kz/a/show/206869096?search_id=081a5fee386f239596ad9700f476402aa42fef74&search_type=filter&advert_position=776,76690000,Атырау,29 апреля,5335,True,False,False,67236000.0,76 690 000 ₸,2021 - н.в. J300,Внедорожник,3.5 (бензин),0,Автомат,Полный привод,Слева,Не указан,Да,all,76690000,3.5,Toyota,-9454000.0,No,5,12781666.666666666
Land rover range rover sport,2022,https://kolesa.kz/a/show/217009236?search_id=081a5fee386f239596ad9700f476402aa42fef74&search_type=filter&advert_position=777,72600000,Алматы,29 апреля,312,False,True,False,71247000.0,72 600 000 ₸,2022 - н.в. 3 поколение,Внедорожник,3 (бензин),14688,Автомат,Полный привод,Слева,Не указан,Да,all,72600000,3.0,Land,-1353000.0,No,4,14520000.0
Land rover range rover autobiography,2021,https://kolesa.kz/a/show/215239223?search_id=081a5fee386f239596ad9700f476402aa42fef74&search_type=filter&advert_position=778,80000000,Алматы,29 апреля,726,True,False,False,93787000.0,80 000 000 ₸,2021 - н.в. 5 поколение,Внедорожник,4.4 (бензин),0,Автомат,Полный привод,Слева,Золотистый металлик,Да,all,80000000,4.4,Land,13787000.0,Yes,5,13333333.333333334
Bmw x7,2022,https://kolesa.kz/a/show/218517122?search_id=081a5fee386f239596ad9700f476402aa42fef74&search_type=filter&advert_position=779,73000000,Алматы,29 апреля,139,False,False,False,79300000.0,73 000 000 ₸,2022 - н.в. G07 рестайлинг,Кроссовер,3 (бензин),14000,Автомат,Полный привод,Слева,Не указан,Да,all,73000000,3.0,Bmw,6300000.0,Yes,4,14600000.0
Mercedes-benz amg gt,2023,https://kolesa.kz/a/show/217011931?search_id=081a5fee386f239596ad9700f476402aa42fef74&search_type=filter&advert_position=780,85000000,Алматы,29 апреля,1511,True,False,False,79103000.0,85 000 000 ₸,2023 - н.в. 2 поколение,Купе,3 (бензин),0,Автомат,Полный привод,Слева,Черный металлик,Да,all,85000000,3.0,Mercedes-benz,-5897000.0,No,3,21250000.0
Porsche 911 gt3 rs,2018,https://kolesa.kz/a/show/201576596?search_id=5948061ecdba00fd2e63e7ed25ba34529ed785bc&search_type=filter&advert_position=782,310000000,Алматы,29 апреля,39633,False,False,True,79103000.0,310 000 000 ₸,2018 - н.в. 992,Купе,4 (бензин),0,Робот,Задний привод,Слева,Золотистый металлик,Да,all,310000000,4.0,Porsche,-230897000.0,No,8,34444444.44444445
Mercedes-benz g 63 amg,2018,https://kolesa.kz/a/show/216969609?search_id=5948061ecdba00fd2e63e7ed25ba34529ed785bc&search_type=filter&advert_position=783,88500000,Алматы,29 апреля,1204,False,False,False,92185000.0,88 500 000 ₸,2018 - н.в. W463,Внедорожник,4 (бензин),60000,Автомат,Полный привод,Слева,Черный металлик,Да,all,88500000,4.0,Mercedes-benz,3685000.0,No,8,9833333.333333334
Mercedes-benz s 600,2024,https://kolesa.kz/a/show/217902324?search_id=5948061ecdba00fd2e63e7ed25ba34529ed785bc&search_type=filter&advert_position=784,222000000,Алматы,29 апреля,3417,False,False,False,6129000.0,222 000 000 ₸,1991 - 1993 W140/C140,Седан,6 (бензин),38400,Автомат,Задний привод,Слева,Черный,Да,all,222000000,6.0,Mercedes-benz,-215871000.0,No,2,74000000.0
Porsche cayenne coupe v6,2023,https://kolesa.kz/a/show/216324936?search_id=5948061ecdba00fd2e63e7ed25ba34529ed785bc&search_type=filter&advert_position=785,87892200,Алматы,29 апреля,361,False,False,True,79103000.0,87 892 200 ₸,2023 - н.в. 3 поколение рестайлинг (9YB),Кроссовер,3 (бензин),0,Автомат,Полный привод,Слева,Серый,Да,all,87892200,3.0,Porsche,-8789200.0,No,3,21973050.0
Bmw 850,2018,https://kolesa.kz/a/show/214694898?search_id=5948061ecdba00fd2e63e7ed25ba34529ed785bc&search_type=filter&advert_position=786,70000000,Алматы,29 апреля,3661,False,False,False,79103000.0,70 000 000 ₸,2018 - н.в. G15,Купе,4.4 (бензин),11000,Автомат,Полный привод,Слева,Черный,Да,all,70000000,4.4,Bmw,9103000.0,Yes,8,7777777.777777778
Mercedes-benz g 580 eq eq,2018,https://kolesa.kz/a/show/200537847?search_id=5948061ecdba00fd2e63e7ed25ba34529ed785bc&search_type=filter&advert_position=787,145000000,Астана,29 апреля,4255,False,False,True,79103000.0,145 000 000 ₸,2018 - н.в. W463,Внедорожник,Не указан,10,Автомат,Полный привод,Слева,Синий металлик,Да,all,145000000,3.5,Mercedes-benz,-65897000.0,No,8,16111111.111111112
Lexus lx 600 luxury,2021,https://kolesa.kz/a/show/207151109?search_id=5948061ecdba00fd2e63e7ed25ba34529ed785bc&search_type=filter&advert_position=788,90890000,Атырау,29 апреля,4082,True,False,False,86302000.0,90 890 000 ₸,2021 - н.в. 4 поколение,Внедорожник,3.5 (бензин),0,Автомат,Полный привод,Слева,Не указан,Да,all,90890000,3.5,Lexus,-4588000.0,No,5,15148333.333333334
Mercedes-benz g 63 amg,2018,https://kolesa.kz/a/show/215095875?search_id=5948061ecdba00fd2e63e7ed25ba34529ed785bc&search_type=filter&advert_position=789,78800000,Алматы,29 апреля,605,False,False,False,80714000.0,78 800 000 ₸,2018 - н.в. W463,Внедорожник,4 (бензин),109000,Автомат,Полный привод,Слева,Черный,Да,all,78800000,4.0,Mercedes-benz,1914000.0,No,8,8755555.555555556
Bmw x7 xdrive 40i,2022,https://kolesa.kz/a/show/214665319?search_id=5948061ecdba00fd2e63e7ed25ba34529ed785bc&search_type=filter&advert_position=791,82385639,Астана,29 апреля,235,False,False,True,79300000.0,82 385 639 ₸,2022 - н.в. G07 рестайлинг,Кроссовер,3 (бензин),0,Автомат,Полный привод,Слева,Не указан,Да,all,82385639,3.0,Bmw,-3085639.0,No,4,16477127.8
Land rover range rover hse,2021,https://kolesa.kz/a/show/213355278?search_id=5948061ecdba00fd2e63e7ed25ba34529ed785bc&search_type=filter&advert_position=792,119390000,Астана,29 апреля,4081,False,False,True,79103000.0,119 390 000 ₸,2021 - н.в. 5 поколение,Внедорожник,3 (бензин),0,Автомат,Полный привод,Слева,Белый металлик,Да,all,119390000,3.0,Land,-40287000.0,No,5,19898333.333333332
Land rover range rover se,2021,https://kolesa.kz/a/show/214600260?search_id=5948061ecdba00fd2e63e7ed25ba34529ed785bc&search_type=filter&advert_position=793,114554000,Костанай,29 апреля,2043,True,False,False,79103000.0,114 554 000 ₸,2021 - н.в. 5 поколение,Внедорожник,3 (бензин),0,Автомат,Полный привод,Слева,Не указан,Да,all,114554000,3.0,Land,-35451000.0,No,5,19092333.333333332
Lexus lx 600 luxury,2021,https://kolesa.kz/a/show/201774170?search_id=5948061ecdba00fd2e63e7ed25ba34529ed785bc&search_type=filter&advert_position=794,90990000,Шымкент,29 апреля,6048,False,False,True,79103000.0,90 990 000 ₸,2021 - н.в. 4 поколение,Внедорожник,3.5 (бензин),0,Автомат,Полный привод,Слева,Серый,Да,all,90990000,3.5,Lexus,-11887000.0,No,5,15165000.0
Lexus gx 550 overtrail,2023,https://kolesa.kz/a/show/215323802?search_id=5948061ecdba00fd2e63e7ed25ba34529ed785bc&search_type=filter&advert_position=795,61190000,Актобе,29 апреля,1510,True,False,False,59305000.0,61 190 000 ₸,2023 - н.в. 3 поколение (J250),Внедорожник,3.4 (бензин),0,Автомат,Полный привод,Слева,Не указан,Да,all,61190000,3.4,Lexus,-1885000.0,No,3,15297500.0
Mercedes-benz gls 450 4matic,2019,https://kolesa.kz/a/show/209240742?search_id=5948061ecdba00fd2e63e7ed25ba34529ed785bc&search_type=filter&advert_position=796,75000000,Алматы,29 апреля,1963,True,False,False,84971000.0,75 000 000 ₸,2019 - н.в. X167,Внедорожник,3 (бензин),0,Автомат,Полный привод,Слева,Черный,Да,all,75000000,3.0,Mercedes-benz,9971000.0,Yes,7,9375000.0
Dodge ram,2018,https://kolesa.kz/a/show/217612687?search_id=5948061ecdba00fd2e63e7ed25ba34529ed785bc&search_type=filter&advert_position=797,60000000,Астана,29 апреля,948,False,False,False,53224000.0,60 000 000 ₸,2018 - н.в. 5 поколение,Пикап,3 (бензин),100,Автомат,Полный привод,Слева,Не указан,Да,all,60000000,3.0,Dodge,-6776000.0,No,8,6666666.666666667
Mercedes-benz eqs suv,2022,https://kolesa.kz/a/show/213118390?search_id=5948061ecdba00fd2e63e7ed25ba34529ed785bc&search_type=filter&advert_position=799,88927000,Алматы,29 апреля,1661,False,False,True,79103000.0,88 927 000 ₸,2022 - н.в. 1 поколение,Кроссовер,Не указан,0,Автомат,Полный привод,Слева,Не указан,Да,all,88927000,3.5,Mercedes-benz,-9824000.0,No,4,17785400.0
Porsche 911 carrera gts,2024,https://kolesa.kz/a/show/214301860?search_id=b5cc5ad1fa0591fc46cf43c107460aca0ba3f3bf&search_type=filter&advert_position=801,153244200,Алматы,29 апреля,4014,False,False,True,79103000.0,153 244 200 ₸,2024 - н.в. 992 рестайлинг (992),Купе,3.6 (гибрид),0,Робот,Задний привод,Слева,Черный металлик,Да,all,153244200,3.6,Porsche,-74141200.0,No,2,51081400.0
Dodge ram,2018,https://kolesa.kz/a/show/217628095?search_id=b5cc5ad1fa0591fc46cf43c107460aca0ba3f3bf&search_type=filter&advert_position=802,72000000,Алматы,29 апреля,1140,False,False,False,68682000.0,72 000 000 ₸,2018 - н.в. 5 поколение,Пикап,6.2 (бензин),66500,Автомат,Полный привод,Слева,Черный,Да,all,72000000,6.2,Dodge,-3318000.0,No,8,8000000.0
Tank 700 limited,2023,https://kolesa.kz/a/show/192610806?search_id=b5cc5ad1fa0591fc46cf43c107460aca0ba3f3bf&search_type=filter&advert_position=803,71000000,Алматы,29 апреля,7803,False,False,True,79103000.0,71 000 000 ₸,2023 - н.в. 1 поколение,Внедорожник,3 (гибрид),0,Автомат,Полный привод,Слева,Не указан,Да,all,71000000,3.0,Tank,8103000.0,Yes,3,17750000.0
Mercedes-benz v 300 d avantgarde,2014,https://kolesa.kz/a/show/129056058?search_id=b5cc5ad1fa0591fc46cf43c107460aca0ba3f3bf&search_type=filter&advert_position=804,61000000,Астана,29 апреля,985,False,False,True,79103000.0,61 000 000 ₸,2014 - н.в. W447,Минивэн,2 (дизель),0,Автомат,Полный привод,Слева,Черный металлик,Да,all,61000000,2.0,Mercedes-benz,18103000.0,Yes,12,4692307.692307692
Toyota land cruiser luxe,2021,https://kolesa.kz/a/show/215594662?search_id=b5cc5ad1fa0591fc46cf43c107460aca0ba3f3bf&search_type=filter&advert_position=805,70890000,Петропавловск,29 апреля,1319,False,False,True,79103000.0,70 890 000 ₸,2021 - н.в. J300,Внедорожник,3.5 (бензин),0,Автомат,Полный привод,Слева,Белый,Да,all,70890000,3.5,Toyota,8213000.0,Yes,5,11815000.0
Mercedes-benz g 63 amg,2018,https://kolesa.kz/a/show/217166600?search_id=b5cc5ad1fa0591fc46cf43c107460aca0ba3f3bf&search_type=filter&advert_position=806,88950000,Алматы,29 апреля,454,False,False,False,92185000.0,88 950 000 ₸,2018 - н.в. W463,Внедорожник,4 (бензин),61000,Автомат,Полный привод,Слева,Черный,Да,all,88950000,4.0,Mercedes-benz,3235000.0,No,8,9883333.333333334
Lexus lx 600 luxury 7s,2021,https://kolesa.kz/a/show/210209635?search_id=b5cc5ad1fa0591fc46cf43c107460aca0ba3f3bf&search_type=filter&advert_position=807,88190000,Караганда,29 апреля,8396,False,False,True,86302000.0,88 190 000 ₸,2021 - н.в. 4 поколение,Внедорожник,3.5 (бензин),0,Автомат,Полный привод,Слева,Серебристый металлик,Да,all,88190000,3.5,Lexus,-1888000.0,No,5,14698333.333333334
Mercedes-benz g 63 amg,2018,https://kolesa.kz/a/show/215474588?search_id=b5cc5ad1fa0591fc46cf43c107460aca0ba3f3bf&search_type=filter&advert_position=809,118500000,Алматы,29 апреля,127,False,False,False,97925000.0,118 500 000 ₸,2018 - н.в. W463,Внедорожник,4 (бензин),16000,Автомат,Полный привод,Слева,Черный,Да,all,118500000,4.0,Mercedes-benz,-20575000.0,No,8,13166666.666666666
Porsche cayenne coupe v6,2023,https://kolesa.kz/a/show/196579278?search_id=b5cc5ad1fa0591fc46cf43c107460aca0ba3f3bf&search_type=filter&advert_position=810,106780000,Алматы,29 апреля,1564,False,False,True,79103000.0,106 780 000 ₸,2023 - н.в. 3 поколение рестайлинг (9YB),Кроссовер,3 (бензин),0,Автомат,Полный привод,Слева,Черный металлик,Да,all,106780000,3.0,Porsche,-27677000.0,No,3,26695000.0
Porsche taycan gts sport turismo,2019,https://kolesa.kz/a/show/209397717?search_id=b5cc5ad1fa0591fc46cf43c107460aca0ba3f3bf&search_type=filter&advert_position=811,93300000,Алматы,29 апреля,2064,False,False,True,79103000.0,93 300 000 ₸,2019 - н.в. 1 поколение (Y1A),Универсал,Не указан,0,Автомат,Полный привод,Слева,Серый,Да,all,93300000,3.5,Porsche,-14197000.0,No,7,11662500.0
Mercedes-benz g 63 amg,2018,https://kolesa.kz/a/show/215357156?search_id=b5cc5ad1fa0591fc46cf43c107460aca0ba3f3bf&search_type=filter&advert_position=812,125000000,Алматы,29 апреля,55,False,False,False,113951000.0,125 000 000 ₸,2018 - н.в. W463,Внедорожник,4 (бензин),41205,Автомат,Полный привод,Слева,Черный,Да,all,125000000,4.0,Mercedes-benz,-11049000.0,No,8,13888888.888888888
Bmw m8,2019,https://kolesa.kz/a/show/205378857?search_id=b5cc5ad1fa0591fc46cf43c107460aca0ba3f3bf&search_type=filter&advert_position=813,68500000,Алматы,29 апреля,476,False,False,False,79103000.0,68 500 000 ₸,2019 - н.в. F91/F92/F93,Кабриолет,4.4 (бензин),35000,Автомат,Полный привод,Слева,Не указан,Да,all,68500000,4.4,Bmw,10603000.0,Yes,7,8562500.0
Toyota land cruiser luxe,2021,https://kolesa.kz/a/show/215592644?search_id=b5cc5ad1fa0591fc46cf43c107460aca0ba3f3bf&search_type=filter&advert_position=814,70890000,Кокшетау,29 апреля,932,False,False,True,79103000.0,70 890 000 ₸,2021 - н.в. J300,Внедорожник,3.5 (бензин),0,Автомат,Полный привод,Слева,Белый,Да,all,70890000,3.5,Toyota,8213000.0,Yes,5,11815000.0
Mercedes-benz gls 450,2019,https://kolesa.kz/a/show/188638876?search_id=b5cc5ad1fa0591fc46cf43c107460aca0ba3f3bf&search_type=filter&advert_position=815,79700000,Алматы,29 апреля,378,False,False,False,71857000.0,79 700 000 ₸,2019 - н.в. X167,Внедорожник,3 (бензин),15700,Автомат,Полный привод,Слева,Черный,Да,all,79700000,3.0,Mercedes-benz,-7843000.0,No,7,9962500.0
Mercedes-benz g 63 amg,2018,https://kolesa.kz/a/show/216610531?search_id=b5cc5ad1fa0591fc46cf43c107460aca0ba3f3bf&search_type=filter&advert_position=816,128900000,Алматы,29 апреля,98,False,False,False,129095000.0,128 900 000 ₸,2018 - н.в. W463,Внедорожник,4 (бензин),28000,Автомат,Полный привод,Слева,Не указан,Да,all,128900000,4.0,Mercedes-benz,195000.0,No,8,14322222.222222222
Toyota land cruiser,2021,https://kolesa.kz/a/show/217669186?search_id=b5cc5ad1fa0591fc46cf43c107460aca0ba3f3bf&search_type=filter&advert_position=817,60000000,Алматы,29 апреля,472,False,False,False,60621000.0,60 000 000 ₸,2021 - н.в. J300,Внедорожник,3.5 (бензин),30000,Автомат,Полный привод,Слева,Черный металлик,Да,all,60000000,3.5,Toyota,621000.0,No,5,10000000.0
Porsche cayenne coupe,2023,https://kolesa.kz/a/show/215631477?search_id=b5cc5ad1fa0591fc46cf43c107460aca0ba3f3bf&search_type=filter&advert_position=818,83000000,Алматы,29 апреля,225,False,False,False,79103000.0,83 000 000 ₸,2023 - н.в. 3 поколение рестайлинг (9YB),Кроссовер,3 (бензин),10000,Автомат,Полный привод,Слева,Серый,Да,all,83000000,3.0,Porsche,-3897000.0,No,3,20750000.0
Bmw x7,2022,https://kolesa.kz/a/show/218563139?search_id=b5cc5ad1fa0591fc46cf43c107460aca0ba3f3bf&search_type=filter&advert_position=819,75000000,Алматы,29 апреля,117,False,False,False,76442000.0,75 000 000 ₸,2022 - н.в. G07 рестайлинг,Кроссовер,4.4 (бензин),47000,Автомат,Полный привод,Слева,Серый,Да,all,75000000,4.4,Bmw,1442000.0,No,4,15000000.0
Cadillac escalade,2024,https://kolesa.kz/a/show/215609194?search_id=b5cc5ad1fa0591fc46cf43c107460aca0ba3f3bf&search_type=filter&advert_position=820,70000000,Алматы,29 апреля,71,False,False,False,79103000.0,70 000 000 ₸,2024 - н.в. 5 поколение рестайлинг,Внедорожник,6.2 (бензин),24000,Автомат,Полный привод,Слева,Черный,Да,all,70000000,6.2,Cadillac,9103000.0,Yes,2,23333333.333333332
Land rover range rover sport,2017,https://kolesa.kz/a/show/216191625?search_id=f720b8fa5eb44a28ee2947077b4af9db78bd7e67&search_type=filter&advert_position=822,65000000,Астана,29 апреля,194,False,False,False,79103000.0,65 000 000 ₸,2017 - 2022 2 поколение рестайлинг (L494),Внедорожник,5 (бензин),28000,Автомат,Полный привод,Слева,Не указан,Да,all,65000000,5.0,Land,14103000.0,Yes,9,6500000.0
Land rover range rover sport,2022,https://kolesa.kz/a/show/215878033?search_id=f720b8fa5eb44a28ee2947077b4af9db78bd7e67&search_type=filter&advert_position=823,65000000,Алматы,29 апреля,760,False,False,False,71247000.0,65 000 000 ₸,2022 - н.в. 3 поколение,Внедорожник,3 (бензин),28500,Автомат,Полный привод,Слева,Белый металлик,Да,all,65000000,3.0,Land,6247000.0,Yes,4,13000000.0
Rolls-royce ghost,2009,https://kolesa.kz/a/show/212210087?search_id=f720b8fa5eb44a28ee2947077b4af9db78bd7e67&search_type=filter&advert_position=824,85000000,Алматы,29 апреля,4872,False,False,False,79103000.0,85 000 000 ₸,2009 - 2014 1 поколение (RR4),Седан,6.6 (бензин),20000,Автомат,Задний привод,Слева,Белый,Да,all,85000000,6.6,Rolls-royce,-5897000.0,No,17,4722222.222222222
Mercedes-benz g 63 amg,2018,https://kolesa.kz/a/show/216432808?search_id=f720b8fa5eb44a28ee2947077b4af9db78bd7e67&search_type=filter&advert_position=825,99500000,Астана,29 апреля,896,False,False,False,113951000.0,99 500 000 ₸,2018 - н.в. W463,Внедорожник,4 (бензин),18000,Автомат,Полный привод,Слева,Не указан,Да,all,99500000,4.0,Mercedes-benz,14451000.0,Yes,8,11055555.555555556
Porsche taycan turbo s cross turismo,2019,https://kolesa.kz/a/show/209396926?search_id=f720b8fa5eb44a28ee2947077b4af9db78bd7e67&search_type=filter&advert_position=826,86900000,Алматы,29 апреля,3010,False,False,True,79103000.0,86 900 000 ₸,2019 - н.в. 1 поколение (Y1A),Универсал,Не указан,0,Автомат,Полный привод,Слева,Черный металлик,Да,all,86900000,3.5,Porsche,-7797000.0,No,7,10862500.0
Toyota sequoia,2022,https://kolesa.kz/a/show/217668530?search_id=f720b8fa5eb44a28ee2947077b4af9db78bd7e67&search_type=filter&advert_position=827,61800000,Семей,29 апреля,545,True,False,False,79103000.0,61 800 000 ₸,2022 - н.в. 3 поколение,Внедорожник,3.5 (гибрид),0,Автомат,Полный привод,Слева,Серебристый металлик,Да,all,61800000,3.5,Toyota,17303000.0,Yes,4,12360000.0
Bmw m3,2020,https://kolesa.kz/a/show/197659685?search_id=f720b8fa5eb44a28ee2947077b4af9db78bd7e67&search_type=filter&advert_position=828,61000000,Алматы,29 апреля,194,False,False,False,79103000.0,61 000 000 ₸,2020 - н.в. G80,Универсал,3 (бензин),22000,Автомат,Полный привод,Слева,Серебристый,Да,all,61000000,3.0,Bmw,18103000.0,Yes,6,8714285.714285715
Mercedes-benz g 63 amg,2018,https://kolesa.kz/a/show/215691648?search_id=f720b8fa5eb44a28ee2947077b4af9db78bd7e67&search_type=filter&advert_position=829,132000000,Алматы,29 апреля,16,False,False,False,113951000.0,132 000 000 ₸,2018 - н.в. W463,Внедорожник,4 (бензин),10000,Автомат,Полный привод,Слева,Не указан,Да,all,132000000,4.0,Mercedes-benz,-18049000.0,No,8,14666666.666666666
Land rover defender,2019,https://kolesa.kz/a/show/216414378?search_id=f720b8fa5eb44a28ee2947077b4af9db78bd7e67&search_type=filter&advert_position=830,63200000,Алматы,29 апреля,11,False,False,False,63830000.0,63 200 000 ₸,2019 - н.в. 2 поколение (L663),Внедорожник,3 (бензин),11000,Автомат,Полный привод,Слева,Черный,Да,all,63200000,3.0,Land,630000.0,No,7,7900000.0
Bmw x7,2022,https://kolesa.kz/a/show/217684066?search_id=f720b8fa5eb44a28ee2947077b4af9db78bd7e67&search_type=filter&advert_position=831,85000000,Астана,29 апреля,19,False,False,False,79300000.0,85 000 000 ₸,2022 - н.в. G07 рестайлинг,Кроссовер,3 (бензин),3000,Автомат,Полный привод,Слева,Серый,Да,all,85000000,3.0,Bmw,-5700000.0,No,4,17000000.0
Lexus lx 600,2021,https://kolesa.kz/a/show/218663423?search_id=f720b8fa5eb44a28ee2947077b4af9db78bd7e67&search_type=filter&advert_position=832,81000000,Алматы,29 апреля,32,False,False,False,79103000.0,81 000 000 ₸,2021 - н.в. 4 поколение,Внедорожник,3.5 (бензин),39000,Автомат,Полный привод,Слева,Не указан,Да,all,81000000,3.5,Lexus,-1897000.0,No,5,13500000.0
Lexus lx 600,2021,https://kolesa.kz/a/show/216988220?search_id=f720b8fa5eb44a28ee2947077b4af9db78bd7e67&search_type=filter&advert_position=833,85000000,Костанай,29 апреля,13,False,False,False,86302000.0,85 000 000 ₸,2021 - н.в. 4 поколение,Внедорожник,3.5 (бензин),12000,Автомат,Полный привод,Слева,Не указан,Да,all,85000000,3.5,Lexus,1302000.0,No,5,14166666.666666666
Mercedes-benz amg gt,2017,https://kolesa.kz/a/show/215205002?search_id=f720b8fa5eb44a28ee2947077b4af9db78bd7e67&search_type=filter&advert_position=834,67800000,Астана,29 апреля,14,False,False,False,66800000.0,67 800 000 ₸,2017 - 2024 1 поколение рестайлинг,Лифтбек,4 (бензин),39000,Робот,Полный привод,Слева,Не указан,Да,all,67800000,4.0,Mercedes-benz,-1000000.0,No,9,6780000.0
Bmw x7,2022,https://kolesa.kz/a/show/207595675?search_id=f720b8fa5eb44a28ee2947077b4af9db78bd7e67&search_type=filter&advert_position=835,73000000,Шымкент,29 апреля,11,False,False,False,71561000.0,73 000 000 ₸,2022 - н.в. G07 рестайлинг,Кроссовер,3 (бензин),26000,Автомат,Полный привод,Слева,Белый металлик,Да,all,73000000,3.0,Bmw,-1439000.0,No,4,14600000.0
Mercedes-benz g 63 amg,2018,https://kolesa.kz/a/show/198201140?search_id=f720b8fa5eb44a28ee2947077b4af9db78bd7e67&search_type=filter&advert_position=837,135000000,Алматы,29 апреля,12,False,False,False,113951000.0,135 000 000 ₸,2018 - н.в. W463,Внедорожник,4 (бензин),30000,Автомат,Полный привод,Слева,Черный,Да,all,135000000,4.0,Mercedes-benz,-21049000.0,No,8,15000000.0
Bmw x7,2022,https://kolesa.kz/a/show/207776254?search_id=f720b8fa5eb44a28ee2947077b4af9db78bd7e67&search_type=filter&advert_position=839,61000000,Астана,29 апреля,112,False,False,False,61285000.0,61 000 000 ₸,2022 - н.в. G07 рестайлинг,Кроссовер,3 (бензин),45000,Автомат,Полный привод,Слева,Черный,Да,all,61000000,3.0,Bmw,285000.0,No,4,12200000.0
Bmw x7,2022,https://kolesa.kz/a/show/186586336?search_id=819f6cd34286b108023264d9207ad332e681b94b&search_type=filter&advert_position=841,89000000,Алматы,29 апреля,13,False,False,False,73673000.0,89 000 000 ₸,2022 - н.в. G07 рестайлинг,Кроссовер,4.4 (бензин),9000,Автомат,Полный привод,Слева,Белый,Да,all,89000000,4.4,Bmw,-15327000.0,No,4,17800000.0
Bmw x7,2022,https://kolesa.kz/a/show/215142750?search_id=819f6cd34286b108023264d9207ad332e681b94b&search_type=filter&advert_position=842,60000000,Павлодар,29 апреля,13,False,False,False,55680000.0,60 000 000 ₸,2022 - н.в. G07 рестайлинг,Кроссовер,3 (бензин),22000,Автомат,Полный привод,Слева,Черный металлик,Да,all,60000000,3.0,Bmw,-4320000.0,No,4,12000000.0
Bentley continental gt,2017,https://kolesa.kz/a/show/211419758?search_id=819f6cd34286b108023264d9207ad332e681b94b&search_type=filter&advert_position=843,129000000,Астана,29 апреля,38,False,False,False,79103000.0,129 000 000 ₸,2017 - н.в. 3 поколение (3S),Купе,6 (бензин),2400,Робот,Полный привод,Слева,Черный,Да,all,129000000,6.0,Bentley,-49897000.0,No,9,12900000.0
Mclaren 570s,2015,https://kolesa.kz/a/show/216914428?search_id=819f6cd34286b108023264d9207ad332e681b94b&search_type=filter&advert_position=844,125000000,Астана,29 апреля,15,False,False,False,79103000.0,125 000 000 ₸,2015 - 2021 1 поколение,Купе,3.8 (бензин),39000,Робот,Задний привод,Слева,Не указан,Да,all,125000000,3.8,Mclaren,-45897000.0,No,11,10416666.666666666
Bentley continental gt,2015,https://kolesa.kz/a/show/215409198?search_id=819f6cd34286b108023264d9207ad332e681b94b&search_type=filter&advert_position=845,60000000,Алматы,29 апреля,24,False,False,False,79103000.0,60 000 000 ₸,2015 - 2017 2 поколение рестайлинг,Купе,4 (бензин),0,Автомат,Полный привод,Слева,Белый металлик,Да,all,60000000,4.0,Bentley,19103000.0,Yes,11,5000000.0
Land rover range rover,2021,https://kolesa.kz/a/show/210807003?search_id=819f6cd34286b108023264d9207ad332e681b94b&search_type=filter&advert_position=846,95000000,Алматы,29 апреля,23,False,False,False,93787000.0,95 000 000 ₸,2021 - н.в. 5 поколение,Внедорожник,4.4 (бензин),20500,Автомат,Полный привод,Слева,Не указан,Да,all,95000000,4.4,Land,-1213000.0,No,5,15833333.333333334
Land rover range rover,2021,https://kolesa.kz/a/show/214521528?search_id=819f6cd34286b108023264d9207ad332e681b94b&search_type=filter&advert_position=847,90000000,Алматы,29 апреля,13,False,False,False,89769000.0,90 000 000 ₸,2021 - н.в. 5 поколение,Внедорожник,3 (бензин),28000,Автомат,Полный привод,Слева,Белый,Да,all,90000000,3.0,Land,-231000.0,No,5,15000000.0
Mercedes-benz s 280,2024,https://kolesa.kz/a/show/218641846?search_id=819f6cd34286b108023264d9207ad332e681b94b&search_type=filter&advert_position=848,100000000,Тараз,29 апреля,10,False,False,False,2879000.0,100 000 000 ₸,1994 - 1996 W140/C140 рестайлинг,Седан,2.8 (бензин),270000,Автомат,Задний привод,Слева,Серебристый,Да,all,100000000,2.8,Mercedes-benz,-97121000.0,No,2,33333333.333333332
Land rover range rover,2021,https://kolesa.kz/a/show/218643345?search_id=819f6cd34286b108023264d9207ad332e681b94b&search_type=filter&advert_position=849,86900000,Алматы,29 апреля,32,False,True,False,93787000.0,86 900 000 ₸,2021 - н.в. 5 поколение,Внедорожник,4.4 (бензин),38832,Автомат,Полный привод,Слева,Не указан,Да,all,86900000,4.4,Land,6887000.0,Yes,5,14483333.333333334
Mercedes-benz gle 350,2019,https://kolesa.kz/a/show/218639377?search_id=819f6cd34286b108023264d9207ad332e681b94b&search_type=filter&advert_position=850,60000000,Алматы,29 апреля,18,False,False,False,79103000.0,60 000 000 ₸,2019 - н.в. V167,Кроссовер,2 (бензин),0,Автомат,Передний привод,Слева,Не указан,Да,all,60000000,2.0,Mercedes-benz,19103000.0,Yes,7,7500000.0
Rivian r1s,2018,https://kolesa.kz/a/show/218638890?search_id=819f6cd34286b108023264d9207ad332e681b94b&search_type=filter&advert_position=851,87500000,Алматы,29 апреля,14,False,False,False,82845000.0,87 500 000 ₸,2018 - н.в. 1 поколение,Внедорожник,Не указан,58000,Автомат,Полный привод,Слева,Не указан,Да,all,87500000,3.5,Rivian,-4655000.0,No,8,9722222.222222222
Mercedes-benz s 580,2020,https://kolesa.kz/a/show/216457876?search_id=819f6cd34286b108023264d9207ad332e681b94b&search_type=filter&advert_position=852,84000000,Алматы,29 апреля,41,False,False,False,79103000.0,84 000 000 ₸,2020 - н.в. W223,Седан,4 (бензин),22000,Автомат,Полный привод,Слева,Черный,Да,all,84000000,4.0,Mercedes-benz,-4897000.0,No,6,12000000.0
Land rover defender,2019,https://kolesa.kz/a/show/210232444?search_id=819f6cd34286b108023264d9207ad332e681b94b&search_type=filter&advert_position=853,71000000,Алматы,29 апреля,1803,False,False,False,79103000.0,71 000 000 ₸,2019 - н.в. 2 поколение (L663),Внедорожник,3 (бензин),500,Автомат,Полный привод,Слева,Черный металлик,Да,all,71000000,3.0,Land,8103000.0,Yes,7,8875000.0
Rivian r1s,2018,https://kolesa.kz/a/show/218635554?search_id=819f6cd34286b108023264d9207ad332e681b94b&search_type=filter&advert_position=854,88700000,Караганда,29 апреля,11,False,False,False,82845000.0,88 700 000 ₸,2018 - н.в. 1 поколение,Внедорожник,Не указан,63000,Автомат,Полный привод,Слева,Не указан,Да,all,88700000,3.5,Rivian,-5855000.0,No,8,9855555.555555556
Mercedes-benz gle coupe 53 amg,2019,https://kolesa.kz/a/show/177644436?search_id=819f6cd34286b108023264d9207ad332e681b94b&search_type=filter&advert_position=855,85000000,Астана,29 апреля,7,False,False,False,79103000.0,85 000 000 ₸,2019 - н.в. C293,Кроссовер,3 (бензин),20,Автомат,Полный привод,Слева,Черный,Да,all,85000000,3.0,Mercedes-benz,-5897000.0,No,7,10625000.0
Rivian r1s,2018,https://kolesa.kz/a/show/218635229?search_id=819f6cd34286b108023264d9207ad332e681b94b&search_type=filter&advert_position=856,86900000,Астана,29 апреля,8,False,False,False,82845000.0,86 900 000 ₸,2018 - н.в. 1 поколение,Внедорожник,Не указан,55000,Автомат,Полный привод,Слева,Не указан,Да,all,86900000,3.5,Rivian,-4055000.0,No,8,9655555.555555556
Rivian r1s,2018,https://kolesa.kz/a/show/218634878?search_id=819f6cd34286b108023264d9207ad332e681b94b&search_type=filter&advert_position=857,89008000,Шымкент,29 апреля,13,False,False,False,79103000.0,89 008 000 ₸,2018 - н.в. 1 поколение,Внедорожник,Не указан,76000,Автомат,Полный привод,Слева,Не указан,Да,all,89008000,3.5,Rivian,-9905000.0,No,8,9889777.777777778
Lexus lx 700h luxury,2021,https://kolesa.kz/a/show/217117144?search_id=819f6cd34286b108023264d9207ad332e681b94b&search_type=filter&advert_position=858,93500000,Алматы,29 апреля,756,True,False,False,79103000.0,93 500 000 ₸,2021 - н.в. 4 поколение,Внедорожник,3.4 (бензин),1537,Автомат,Полный привод,Слева,Не указан,Да,all,93500000,3.4,Lexus,-14397000.0,No,5,15583333.333333334
Lexus lx 700h f sport,2021,https://kolesa.kz/a/show/217116459?search_id=819f6cd34286b108023264d9207ad332e681b94b&search_type=filter&advert_position=859,88500000,Алматы,29 апреля,548,True,False,False,79103000.0,88 500 000 ₸,2021 - н.в. 4 поколение,Внедорожник,3.4 (бензин),6985,Автомат,Полный привод,Слева,Не указан,Да,all,88500000,3.4,Lexus,-9397000.0,No,5,14750000.0
Bentley bentayga,2015,https://kolesa.kz/a/show/202862894?search_id=819f6cd34286b108023264d9207ad332e681b94b&search_type=filter&advert_position=860,214200000,Алматы,29 апреля,9134,False,True,False,79103000.0,214 200 000 ₸,2015 - н.в. 1 поколение (4V1),Кроссовер,4 (бензин),0,Автомат,Полный привод,Слева,Черный,Да,all,214200000,4.0,Bentley,-135097000.0,No,11,17850000.0
Bentley bentayga,2015,https://kolesa.kz/a/show/203119047?search_id=def84f4f7166da7d26be7ab1512157f24b7fb6e1&search_type=filter&advert_position=861,208300000,Алматы,29 апреля,4664,False,True,False,79103000.0,208 300 000 ₸,2015 - н.в. 1 поколение (4V1),Кроссовер,4 (бензин),0,Автомат,Полный привод,Слева,Черный,Да,all,208300000,4.0,Bentley,-129197000.0,No,11,17358333.333333332
Land rover range rover,2021,https://kolesa.kz/a/show/212007941?search_id=def84f4f7166da7d26be7ab1512157f24b7fb6e1&search_type=filter&advert_position=862,133000000,Алматы,29 апреля,28,False,False,False,135040000.0,133 000 000 ₸,2021 - н.в. 5 поколение,Внедорожник,4.4 (бензин),1000,Автомат,Полный привод,Слева,Белый,Да,all,133000000,4.4,Land,2040000.0,No,5,22166666.666666668
Mercedes-benz gle coupe 53 amg,2019,https://kolesa.kz/a/show/218630406?search_id=def84f4f7166da7d26be7ab1512157f24b7fb6e1&search_type=filter&advert_position=863,75000000,Алматы,29 апреля,10,False,False,False,69107000.0,75 000 000 ₸,2019 - н.в. C293,Кроссовер,3 (бензин),25000,Автомат,Полный привод,Слева,Серый,Да,all,75000000,3.0,Mercedes-benz,-5893000.0,No,7,9375000.0
Rolls-royce cullinan,2024,https://kolesa.kz/a/show/212973689?search_id=def84f4f7166da7d26be7ab1512157f24b7fb6e1&search_type=filter&advert_position=864,450000000,Астана,29 апреля,91,False,False,False,79103000.0,450 000 000 ₸,2024 - н.в. 1 поколение Series II рестайлинг,Кроссовер,6.7 (бензин),2600,Автомат,Полный привод,Слева,Черный,Да,all,450000000,6.7,Rolls-royce,-370897000.0,No,2,150000000.0
Porsche panamera,2016,https://kolesa.kz/a/show/199028179?search_id=def84f4f7166da7d26be7ab1512157f24b7fb6e1&search_type=filter&advert_position=865,60000000,Шымкент,29 апреля,22,False,False,False,79103000.0,60 000 000 ₸,2016 - 2020 971,Лифтбек,3 (бензин),45000,Робот,Полный привод,Слева,Не указан,Да,all,60000000,3.0,Porsche,19103000.0,Yes,10,5454545.454545454
Maserati mc20,2020,https://kolesa.kz/a/show/218623502?search_id=def84f4f7166da7d26be7ab1512157f24b7fb6e1&search_type=filter&advert_position=866,160000000,Алматы,29 апреля,90,False,False,False,79103000.0,160 000 000 ₸,2020 - н.в. 1 поколение,Купе,3 (бензин),11256,Робот,Задний привод,Слева,Серый,Нет,all,160000000,3.0,Maserati,-80897000.0,No,6,22857142.85714286
Toyota land cruiser,2021,https://kolesa.kz/a/show/218622254?search_id=def84f4f7166da7d26be7ab1512157f24b7fb6e1&search_type=filter&advert_position=867,62590000,Астана,29 апреля,31,False,False,False,67236000.0,62 590 000 ₸,2021 - н.в. J300,Внедорожник,3.5 (бензин),0,Автомат,Полный привод,Слева,Не указан,Да,all,62590000,3.5,Toyota,4646000.0,Yes,5,10431666.666666666
Rivian r1s,2018,https://kolesa.kz/a/show/218576839?search_id=def84f4f7166da7d26be7ab1512157f24b7fb6e1&search_type=filter&advert_position=868,91320000,Шымкент,29 апреля,9,False,False,False,79103000.0,91 320 000 ₸,2018 - н.в. 1 поколение,Внедорожник,Не указан,67000,Автомат,Полный привод,Слева,Не указан,Да,all,91320000,3.5,Rivian,-12217000.0,No,8,10146666.666666666
Lexus gx 550,2023,https://kolesa.kz/a/show/217857934?search_id=def84f4f7166da7d26be7ab1512157f24b7fb6e1&search_type=filter&advert_position=869,62500000,Астана,29 апреля,22,False,False,False,58312000.0,62 500 000 ₸,2023 - н.в. 3 поколение (J250),Внедорожник,3.4 (бензин),30000,Автомат,Полный привод,Слева,Белый,Да,all,62500000,3.4,Lexus,-4188000.0,No,3,15625000.0
Bmw m5,2024,https://kolesa.kz/a/show/218622763?fromUserSearch=1&search_id=def84f4f7166da7d26be7ab1512157f24b7fb6e1&search_type=filter&advert_position=870,108000000,Астана,29 апреля,63,False,False,False,101992000.0,108 000 000 ₸,2024 - н.в. G90,Седан,4.4 (гибрид),7500,Автомат,Полный привод,Слева,Не указан,Да,all,108000000,4.4,Bmw,-6008000.0,No,2,36000000.0
Lexus lx 600,2021,https://kolesa.kz/a/show/218622486?search_id=def84f4f7166da7d26be7ab1512157f24b7fb6e1&search_type=filter&advert_position=871,68900000,Алматы,29 апреля,41,False,False,False,69560000.0,68 900 000 ₸,2021 - н.в. 4 поколение,Внедорожник,3.5 (бензин),86000,Автомат,Полный привод,Слева,Не указан,Да,all,68900000,3.5,Lexus,660000.0,No,5,11483333.333333334
Toyota land cruiser,2021,https://kolesa.kz/a/show/218622454?search_id=def84f4f7166da7d26be7ab1512157f24b7fb6e1&search_type=filter&advert_position=872,68000000,Шымкент,29 апреля,30,False,False,False,60621000.0,68 000 000 ₸,2021 - н.в. J300,Внедорожник,3.5 (бензин),45000,Автомат,Полный привод,Слева,Белый металлик,Да,all,68000000,3.5,Toyota,-7379000.0,No,5,11333333.333333334
Porsche panamera,2023,https://kolesa.kz/a/show/217855533?search_id=def84f4f7166da7d26be7ab1512157f24b7fb6e1&search_type=filter&advert_position=873,74000000,Алматы,29 апреля,213,False,True,False,79103000.0,74 000 000 ₸,2023 - н.в. 972,Лифтбек,2.9 (бензин),3530,Робот,Полный привод,Слева,Серый,Да,all,74000000,2.9,Porsche,5103000.0,Yes,3,18500000.0
Lexus lx 600,2021,https://kolesa.kz/a/show/205838418?search_id=def84f4f7166da7d26be7ab1512157f24b7fb6e1&search_type=filter&advert_position=874,72000000,Семей,29 апреля,16,False,False,False,69560000.0,72 000 000 ₸,2021 - н.в. 4 поколение,Внедорожник,3.5 (бензин),35000,Автомат,Полный привод,Слева,Серый,Да,all,72000000,3.5,Lexus,-2440000.0,No,5,12000000.0
Bmw m4,2020,https://kolesa.kz/a/show/218620215?search_id=def84f4f7166da7d26be7ab1512157f24b7fb6e1&search_type=filter&advert_position=875,60000000,Алматы,29 апреля,39,False,False,False,49127000.0,60 000 000 ₸,2020 - н.в. G82,Купе,3 (бензин),27000,Автомат,Полный привод,Слева,Не указан,Да,all,60000000,3.0,Bmw,-10873000.0,No,6,8571428.57142857
Toyota land cruiser,2021,https://kolesa.kz/a/show/212397889?search_id=def84f4f7166da7d26be7ab1512157f24b7fb6e1&search_type=filter&advert_position=876,60000000,Кызылорда,29 апреля,21,False,False,False,60621000.0,60 000 000 ₸,2021 - н.в. J300,Внедорожник,3.5 (бензин),14000,Автомат,Полный привод,Слева,Белый,Да,all,60000000,3.5,Toyota,621000.0,No,5,10000000.0
Bmw xm,2022,https://kolesa.kz/a/show/216496101?search_id=def84f4f7166da7d26be7ab1512157f24b7fb6e1&search_type=filter&advert_position=877,100000000,Алматы,29 апреля,30,False,False,False,96699000.0,100 000 000 ₸,2022 - н.в. 1 поколение,Внедорожник,4.4 (гибрид),6000,Автомат,Полный привод,Слева,Не указан,Да,all,100000000,4.4,Bmw,-3301000.0,No,4,20000000.0
Mercedes-maybach s 680,2026,https://kolesa.kz/a/show/216442703?search_id=def84f4f7166da7d26be7ab1512157f24b7fb6e1&search_type=filter&advert_position=878,169000000,Астана,29 апреля,706,False,False,False,79103000.0,169 000 000 ₸,2026 - н.в. Z223 рестайлинг,Седан,4 (бензин),0,Автомат,Полный привод,Слева,Черный,Да,all,169000000,4.0,Mercedes-maybach,-89897000.0,No,0,169000000.0
Bmw xm,2022,https://kolesa.kz/a/show/217846351?search_id=def84f4f7166da7d26be7ab1512157f24b7fb6e1&search_type=filter&advert_position=879,95000000,Усть-каменогорск,29 апреля,154,False,True,False,96699000.0,95 000 000 ₸,2022 - н.в. 1 поколение,Внедорожник,4.4 (гибрид),28196,Автомат,Полный привод,Слева,Черный металлик,Да,all,95000000,4.4,Bmw,1699000.0,No,4,19000000.0
Mercedes-benz amg gt,2023,https://kolesa.kz/a/show/182777095?search_id=def84f4f7166da7d26be7ab1512157f24b7fb6e1&search_type=filter&advert_position=880,97000000,Алматы,29 апреля,581,False,False,False,79103000.0,97 000 000 ₸,2023 - н.в. 2 поколение,Купе,4 (бензин),0,Автомат,Полный привод,Слева,Серебристый,Нет,all,97000000,4.0,Mercedes-benz,-17897000.0,No,3,24250000.0
Bmw i7,2022,https://kolesa.kz/a/show/218610743?search_id=d343d3dc9083d79b6a52270872d3bd390bd92f61&search_type=filter&advert_position=881,92000000,Алматы,29 апреля,22,False,False,False,79103000.0,92 000 000 ₸,2022 - н.в. 1 поколение,Седан,Не указан,1200,Автомат,Полный привод,Слева,Черный металлик,Да,all,92000000,3.5,Bmw,-12897000.0,No,4,18400000.0
Lamborghini urus,2017,https://kolesa.kz/a/show/195725397?search_id=d343d3dc9083d79b6a52270872d3bd390bd92f61&search_type=filter&advert_position=882,200000000,Алматы,29 апреля,1148,False,False,False,79103000.0,200 000 000 ₸,2017 - н.в. 1 поколение,Кроссовер,4 (бензин),0,Автомат,Полный привод,Слева,Не указан,Да,all,200000000,4.0,Lamborghini,-120897000.0,No,9,20000000.0
Porsche taycan,2019,https://kolesa.kz/a/show/206045083?search_id=d343d3dc9083d79b6a52270872d3bd390bd92f61&search_type=filter&advert_position=884,120000000,Алматы,29 апреля,18,False,True,False,79103000.0,120 000 000 ₸,2019 - н.в. 1 поколение (Y1A),Седан,Не указан,3200,Автомат,Полный привод,Слева,Голубой,Да,all,120000000,3.5,Porsche,-40897000.0,No,7,15000000.0
Audi e-tron gt,2020,https://kolesa.kz/a/show/218602836?search_id=d343d3dc9083d79b6a52270872d3bd390bd92f61&search_type=filter&advert_position=885,77000000,Алматы,29 апреля,21,False,False,False,79103000.0,77 000 000 ₸,2020 - н.в. 1 поколение,Седан,Не указан,1300,Автомат,Полный привод,Слева,Черный металлик,Да,all,77000000,3.5,Audi,2103000.0,No,6,11000000.0
Mercedes-benz g 63 amg,2018,https://kolesa.kz/a/show/207155848?search_id=d343d3dc9083d79b6a52270872d3bd390bd92f61&search_type=filter&advert_position=886,98750000,Алматы,29 апреля,5,False,False,False,97925000.0,98 750 000 ₸,2018 - н.в. W463,Внедорожник,4 (бензин),55000,Автомат,Полный привод,Слева,Белый,Да,all,98750000,4.0,Mercedes-benz,-825000.0,No,8,10972222.222222222
Toyota sequoia,2022,https://kolesa.kz/a/show/186121996?search_id=d343d3dc9083d79b6a52270872d3bd390bd92f61&search_type=filter&advert_position=887,64800000,Алматы,29 апреля,7569,False,False,False,59809000.0,64 800 000 ₸,2022 - н.в. 3 поколение,Внедорожник,3.5 (гибрид),13000,Автомат,Полный привод,Слева,Серый металлик,Да,all,64800000,3.5,Toyota,-4991000.0,No,4,12960000.0
Lexus lx 600,2021,https://kolesa.kz/a/show/217722804?search_id=d343d3dc9083d79b6a52270872d3bd390bd92f61&search_type=filter&advert_position=888,89000000,Астана,29 апреля,22,False,False,False,86302000.0,89 000 000 ₸,2021 - н.в. 4 поколение,Внедорожник,3.5 (бензин),0,Автомат,Полный привод,Слева,Не указан,Да,all,89000000,3.5,Lexus,-2698000.0,No,5,14833333.333333334
Mercedes-benz g 63 amg,2018,https://kolesa.kz/a/show/218602538?search_id=d343d3dc9083d79b6a52270872d3bd390bd92f61&search_type=filter&advert_position=889,115000000,Алматы,29 апреля,31,False,False,False,104010000.0,115 000 000 ₸,2018 - н.в. W463,Внедорожник,4 (бензин),90000,Автомат,Полный привод,Слева,Черный металлик,Да,all,115000000,4.0,Mercedes-benz,-10990000.0,No,8,12777777.777777778
Mercedes-benz s 580,2020,https://kolesa.kz/a/show/215116201?search_id=d343d3dc9083d79b6a52270872d3bd390bd92f61&search_type=filter&advert_position=890,71700000,Алматы,29 апреля,31,False,False,False,67731000.0,71 700 000 ₸,2020 - н.в. W223,Седан,4 (бензин),0,Автомат,Полный привод,Слева,Черный,Да,all,71700000,4.0,Mercedes-benz,-3969000.0,No,6,10242857.142857144
Rivian r1s,2018,https://kolesa.kz/a/show/218601328?search_id=d343d3dc9083d79b6a52270872d3bd390bd92f61&search_type=filter&advert_position=891,91500000,Астана,29 апреля,14,False,False,False,79103000.0,91 500 000 ₸,2018 - н.в. 1 поколение,Внедорожник,Не указан,93000,Автомат,Полный привод,Слева,Не указан,Да,all,91500000,3.5,Rivian,-12397000.0,No,8,10166666.666666666
Rivian r1s,2018,https://kolesa.kz/a/show/218600979?search_id=d343d3dc9083d79b6a52270872d3bd390bd92f61&search_type=filter&advert_position=892,89000000,Шымкент,29 апреля,24,False,False,False,82845000.0,89 000 000 ₸,2018 - н.в. 1 поколение,Внедорожник,Не указан,72000,Автомат,Полный привод,Слева,Не указан,Да,all,89000000,3.5,Rivian,-6155000.0,No,8,9888888.888888888
Porsche cayenne coupe,2023,https://kolesa.kz/a/show/217813827?search_id=d343d3dc9083d79b6a52270872d3bd390bd92f61&search_type=filter&advert_position=893,79000000,Астана,29 апреля,8,False,True,False,79103000.0,79 000 000 ₸,2023 - н.в. 3 поколение рестайлинг (9YB),Кроссовер,4 (бензин),43239,Автомат,Полный привод,Слева,Синий металлик,Да,all,79000000,4.0,Porsche,103000.0,No,3,19750000.0
Land rover range rover,2021,https://kolesa.kz/a/show/197922535?search_id=d343d3dc9083d79b6a52270872d3bd390bd92f61&search_type=filter&advert_position=894,94990000,Астана,29 апреля,11,False,False,False,90748000.0,94 990 000 ₸,2021 - н.в. 5 поколение,Внедорожник,4.4 (бензин),27500,Автомат,Полный привод,Слева,Черный металлик,Да,all,94990000,4.4,Land,-4242000.0,No,5,15831666.666666666
Land rover range rover,2021,https://kolesa.kz/a/show/189135299?search_id=d343d3dc9083d79b6a52270872d3bd390bd92f61&search_type=filter&advert_position=895,94990000,Караганда,29 апреля,5,False,False,False,90748000.0,94 990 000 ₸,2021 - н.в. 5 поколение,Внедорожник,4.4 (бензин),27200,Автомат,Полный привод,Слева,Черный металлик,Да,all,94990000,4.4,Land,-4242000.0,No,5,15831666.666666666
Lexus lx 600,2021,https://kolesa.kz/a/show/217076779?search_id=d343d3dc9083d79b6a52270872d3bd390bd92f61&search_type=filter&advert_position=896,72500000,Костанай,29 апреля,246,False,True,False,73055000.0,72 500 000 ₸,2021 - н.в. 4 поколение,Внедорожник,3.5 (бензин),52041,Автомат,Полный привод,Слева,Серый,Да,all,72500000,3.5,Lexus,555000.0,No,5,12083333.333333334
Toyota camry,2011,https://kolesa.kz/a/show/218595617?search_id=d343d3dc9083d79b6a52270872d3bd390bd92f61&search_type=filter&advert_position=897,65000000,Актау,29 апреля,58,False,False,False,7831000.0,65 000 000 ₸,2011 - 2014 XV50,Седан,2.5 (бензин),313755,Автомат,Передний привод,Слева,Серый,Да,all,65000000,2.5,Toyota,-57169000.0,No,15,4062500.0
Cadillac escalade,2020,https://kolesa.kz/a/show/216295647?search_id=d343d3dc9083d79b6a52270872d3bd390bd92f61&search_type=filter&advert_position=898,60000000,Алматы,29 апреля,20,False,False,False,55226000.0,60 000 000 ₸,2020 - н.в. 5 поколение,Внедорожник,6.2 (бензин),55000,Автомат,Полный привод,Слева,Не указан,Да,all,60000000,6.2,Cadillac,-4774000.0,No,6,8571428.57142857
Mercedes-benz gls 450,2019,https://kolesa.kz/a/show/202315809?search_id=d343d3dc9083d79b6a52270872d3bd390bd92f61&search_type=filter&advert_position=899,74000000,Астана,29 апреля,20,False,False,False,84971000.0,74 000 000 ₸,2019 - н.в. X167,Внедорожник,3 (бензин),6000,Автомат,Полный привод,Слева,Черный,Да,all,74000000,3.0,Mercedes-benz,10971000.0,Yes,7,9250000.0
Toyota sequoia,2022,https://kolesa.kz/a/show/218593073?search_id=d343d3dc9083d79b6a52270872d3bd390bd92f61&search_type=filter&advert_position=900,60000000,Алматы,29 апреля,24,False,False,False,59809000.0,60 000 000 ₸,2022 - н.в. 3 поколение,Внедорожник,3.5 (гибрид),0,Автомат,Полный привод,Слева,Черный,Да,all,60000000,3.5,Toyota,-191000.0,No,4,12000000.0
Rolls-royce wraith,2013,https://kolesa.kz/a/show/119143070?search_id=10dc6a14d04a885ed962ab78c5c5ffef67cea8fd&search_type=filter&advert_position=901,110000000,Астана,29 апреля,347,False,False,False,79103000.0,110 000 000 ₸,2013 - н.в. 2 поколение (RR5),Купе,6.6 (бензин),0,Автомат,Задний привод,Слева,Черный,Да,all,110000000,6.6,Rolls-royce,-30897000.0,No,13,7857142.857142857
Mercedes-benz s 65 amg,2013,https://kolesa.kz/a/show/117324183?search_id=10dc6a14d04a885ed962ab78c5c5ffef67cea8fd&search_type=filter&advert_position=902,70000000,Астана,29 апреля,253,False,False,False,79103000.0,70 000 000 ₸,2013 - 2017 W222/C217/A217,Купе,6 (бензин),43000,Автомат,Задний привод,Слева,Белый,Да,all,70000000,6.0,Mercedes-benz,9103000.0,Yes,13,5000000.0
Toyota land cruiser,2021,https://kolesa.kz/a/show/218591135?search_id=10dc6a14d04a885ed962ab78c5c5ffef67cea8fd&search_type=filter&advert_position=903,60000000,Актобе,29 апреля,45,False,False,False,60621000.0,60 000 000 ₸,2021 - н.в. J300,Внедорожник,3.5 (бензин),20000,Автомат,Полный привод,Слева,Не указан,Да,all,60000000,3.5,Toyota,621000.0,No,5,10000000.0
Land rover range rover,2021,https://kolesa.kz/a/show/210260066?search_id=10dc6a14d04a885ed962ab78c5c5ffef67cea8fd&search_type=filter&advert_position=904,163000000,Алматы,29 апреля,7662,False,True,False,116908000.0,163 000 000 ₸,2021 - н.в. 5 поколение,Внедорожник,4.4 (бензин),7180,Автомат,Полный привод,Слева,Не указан,Да,all,163000000,4.4,Land,-46092000.0,No,5,27166666.666666668
Bentley mulsanne,2010,https://kolesa.kz/a/show/192337513?search_id=10dc6a14d04a885ed962ab78c5c5ffef67cea8fd&search_type=filter&advert_position=905,65000000,Алматы,29 апреля,591,False,False,False,79103000.0,65 000 000 ₸,2010 - 2016 2 поколение (3Y),Седан,6.8 (бензин),39200,Автомат,Задний привод,Слева,Черный,Да,all,65000000,6.8,Bentley,14103000.0,Yes,16,3823529.411764706
Tank 700,2023,https://kolesa.kz/a/show/197649331?search_id=10dc6a14d04a885ed962ab78c5c5ffef67cea8fd&search_type=filter&advert_position=906,71000000,Актобе,29 апреля,6851,False,True,False,79103000.0,71 000 000 ₸,2023 - н.в. 1 поколение,Внедорожник,3 (гибрид),0,Автомат,Полный привод,Слева,Серый,Да,all,71000000,3.0,Tank,8103000.0,Yes,3,17750000.0
Bmw x5,2023,https://kolesa.kz/a/show/213969345?search_id=10dc6a14d04a885ed962ab78c5c5ffef67cea8fd&search_type=filter&advert_position=908,65000000,Алматы,29 апреля,26,False,False,False,79103000.0,65 000 000 ₸,2023 - н.в. G05 рестайлинг,Кроссовер,3 (гибрид),9600,Автомат,Полный привод,Слева,Серый металлик,Да,all,65000000,3.0,Bmw,14103000.0,Yes,3,16250000.0
Porsche 911,2024,https://kolesa.kz/a/show/211911412?search_id=10dc6a14d04a885ed962ab78c5c5ffef67cea8fd&search_type=filter&advert_position=910,187000000,Алматы,29 апреля,7234,False,False,False,79103000.0,187 000 000 ₸,2024 - н.в. 992 рестайлинг (992),Купе,3.6 (гибрид),0,Робот,Полный привод,Слева,Черный,Да,all,187000000,3.6,Porsche,-107897000.0,No,2,62333333.333333336
Porsche cayenne coupe,2023,https://kolesa.kz/a/show/212829300?search_id=10dc6a14d04a885ed962ab78c5c5ffef67cea8fd&search_type=filter&advert_position=911,80000000,Актобе,29 апреля,290,False,False,False,79103000.0,80 000 000 ₸,2023 - н.в. 3 поколение рестайлинг (9YB),Кроссовер,3 (бензин),40000,Автомат,Полный привод,Слева,Не указан,Да,all,80000000,3.0,Porsche,-897000.0,No,3,20000000.0
Mercedes-benz g 63 amg,2018,https://kolesa.kz/a/show/211876514?search_id=10dc6a14d04a885ed962ab78c5c5ffef67cea8fd&search_type=filter&advert_position=912,102000000,Астана,29 апреля,26,False,False,False,97925000.0,102 000 000 ₸,2018 - н.в. W463,Внедорожник,4 (бензин),0,Автомат,Полный привод,Слева,Не указан,Да,all,102000000,4.0,Mercedes-benz,-4075000.0,No,8,11333333.333333334
Ferrari 458,2009,https://kolesa.kz/a/show/211878058?search_id=10dc6a14d04a885ed962ab78c5c5ffef67cea8fd&search_type=filter&advert_position=913,145000000,Алматы,29 апреля,128,False,False,False,79103000.0,145 000 000 ₸,2009 - 2015 1 поколение,Купе,4.5 (бензин),25000,Робот,Задний привод,Слева,Не указан,Да,all,145000000,4.5,Ferrari,-65897000.0,No,17,8055555.555555556
Mercedes-benz g 63 amg,2024,https://kolesa.kz/a/show/215965586?search_id=10dc6a14d04a885ed962ab78c5c5ffef67cea8fd&search_type=filter&advert_position=914,169999999,Алматы,29 апреля,49,False,True,False,79103000.0,169 999 999 ₸,2024 - н.в. W465 рестайлинг,Внедорожник,4 (бензин),8700,Автомат,Полный привод,Слева,Черный,Да,all,169999999,4.0,Mercedes-benz,-90896999.0,No,2,56666666.333333336
Toyota sequoia,2022,https://kolesa.kz/a/show/210847137?search_id=10dc6a14d04a885ed962ab78c5c5ffef67cea8fd&search_type=filter&advert_position=915,65000000,Алматы,29 апреля,321,False,False,False,58610000.0,65 000 000 ₸,2022 - н.в. 3 поколение,Внедорожник,3.5 (гибрид),52500,Автомат,Полный привод,Слева,Черный металлик,Да,all,65000000,3.5,Toyota,-6390000.0,No,4,13000000.0
Dodge ram,2018,https://kolesa.kz/a/show/214468849?search_id=10dc6a14d04a885ed962ab78c5c5ffef67cea8fd&search_type=filter&advert_position=916,67500000,Астана,29 апреля,647,False,False,False,68682000.0,67 500 000 ₸,2018 - н.в. 5 поколение,Пикап,6.2 (бензин),60000,Автомат,Полный привод,Слева,Черный металлик,Да,all,67500000,6.2,Dodge,1182000.0,No,8,7500000.0
Mercedes-benz v 300,2014,https://kolesa.kz/a/show/182286531?search_id=10dc6a14d04a885ed962ab78c5c5ffef67cea8fd&search_type=filter&advert_position=917,68500000,Щучинск,29 апреля,66,False,True,False,79103000.0,68 500 000 ₸,2014 - н.в. W447,Минивэн,2 (дизель),30,Автомат,Полный привод,Слева,Черный металлик,Да,all,68500000,2.0,Mercedes-benz,10603000.0,Yes,12,5269230.769230769
Mercedes-benz v 300,2014,https://kolesa.kz/a/show/211724198?search_id=10dc6a14d04a885ed962ab78c5c5ffef67cea8fd&search_type=filter&advert_position=918,60500000,Алматы,29 апреля,250,False,False,False,79103000.0,60 500 000 ₸,2014 - н.в. W447,Минивэн,2 (дизель),2000,Автомат,Полный привод,Слева,Не указан,Да,all,60500000,2.0,Mercedes-benz,18603000.0,Yes,12,4653846.153846154
Mercedes-benz v 300,2014,https://kolesa.kz/a/show/211723061?search_id=10dc6a14d04a885ed962ab78c5c5ffef67cea8fd&search_type=filter&advert_position=919,62500000,Алматы,29 апреля,436,False,False,False,79103000.0,62 500 000 ₸,2014 - н.в. W447,Минивэн,2 (дизель),5000,Автомат,Полный привод,Слева,Не указан,Да,all,62500000,2.0,Mercedes-benz,16603000.0,Yes,12,4807692.307692308
Porsche 911,2018,https://kolesa.kz/a/show/209981120?search_id=10dc6a14d04a885ed962ab78c5c5ffef67cea8fd&search_type=filter&advert_position=920,130000000,Алматы,29 апреля,34,False,False,False,79103000.0,130 000 000 ₸,2018 - н.в. 992,Купе,3 (бензин),4000,Робот,Задний привод,Слева,Серый,Да,all,130000000,3.0,Porsche,-50897000.0,No,8,14444444.444444444
Toyota land cruiser,2021,https://kolesa.kz/a/show/216836891?search_id=20de19f46f39783a7b91ede6f27137a737f4068e&search_type=filter&advert_position=922,62000000,Алматы,29 апреля,507,False,False,False,60621000.0,62 000 000 ₸,2021 - н.в. J300,Внедорожник,3.5 (бензин),15000,Автомат,Полный привод,Слева,Не указан,Да,all,62000000,3.5,Toyota,-1379000.0,No,5,10333333.333333334
Bmw x7,2022,https://kolesa.kz/a/show/201193798?search_id=20de19f46f39783a7b91ede6f27137a737f4068e&search_type=filter&advert_position=923,60000000,Шымкент,29 апреля,26,False,False,False,55680000.0,60 000 000 ₸,2022 - н.в. G07 рестайлинг,Кроссовер,3 (бензин),24000,Автомат,Полный привод,Слева,Зеленый металлик,Да,all,60000000,3.0,Bmw,-4320000.0,No,4,12000000.0
Mercedes-benz g 63 amg,2018,https://kolesa.kz/a/show/215128188?search_id=20de19f46f39783a7b91ede6f27137a737f4068e&search_type=filter&advert_position=924,133000000,Алматы,29 апреля,8,False,False,False,129095000.0,133 000 000 ₸,2018 - н.в. W463,Внедорожник,4 (бензин),40000,Автомат,Полный привод,Слева,Черный,Да,all,133000000,4.0,Mercedes-benz,-3905000.0,No,8,14777777.777777778
Mercedes-benz s 580,2020,https://kolesa.kz/a/show/170752970?search_id=20de19f46f39783a7b91ede6f27137a737f4068e&search_type=filter&advert_position=925,72500000,Астана,29 апреля,43,False,False,False,79524000.0,72 500 000 ₸,2020 - н.в. W223,Седан,4 (бензин),32000,Автомат,Полный привод,Слева,Не указан,Да,all,72500000,4.0,Mercedes-benz,7024000.0,Yes,6,10357142.857142856
Mercedes-benz g 63 amg,2018,https://kolesa.kz/a/show/208363081?search_id=20de19f46f39783a7b91ede6f27137a737f4068e&search_type=filter&advert_position=926,168000000,Алматы,29 апреля,37,False,False,False,193829000.0,168 000 000 ₸,2018 - н.в. W463,Внедорожник,4 (бензин),5000,Автомат,Полный привод,Слева,Черный металлик,Да,all,168000000,4.0,Mercedes-benz,25829000.0,Yes,8,18666666.666666668
Cadillac escalade,2020,https://kolesa.kz/a/show/215259131?search_id=20de19f46f39783a7b91ede6f27137a737f4068e&search_type=filter&advert_position=928,70000000,Астана,29 апреля,129,False,False,False,61959000.0,70 000 000 ₸,2020 - н.в. 5 поколение,Внедорожник,6.2 (бензин),31000,Автомат,Полный привод,Слева,Не указан,Да,all,70000000,6.2,Cadillac,-8041000.0,No,6,10000000.0
Bentley flying spur,2013,https://kolesa.kz/a/show/214078015?search_id=20de19f46f39783a7b91ede6f27137a737f4068e&search_type=filter&advert_position=929,73000000,Алматы,29 апреля,39,False,False,False,79103000.0,73 000 000 ₸,2013 - 2019 2 поколение (4W),Седан,4 (бензин),33500,Автомат,Полный привод,Слева,Черный,Да,all,73000000,4.0,Bentley,6103000.0,Yes,13,5214285.714285715
Bmw x7 xdrive 40i,2022,https://kolesa.kz/a/show/216409380?search_id=20de19f46f39783a7b91ede6f27137a737f4068e&search_type=filter&advert_position=930,86858000,Усть-каменогорск,29 апреля,377,False,False,True,79300000.0,86 858 000 ₸,2022 - н.в. G07 рестайлинг,Кроссовер,3 (бензин),0,Автомат,Полный привод,Слева,Белый металлик,Да,all,86858000,3.0,Bmw,-7558000.0,No,4,17371600.0
Cadillac escalade,2020,https://kolesa.kz/a/show/217784348?search_id=20de19f46f39783a7b91ede6f27137a737f4068e&search_type=filter&advert_position=932,70000000,Шымкент,29 апреля,38,False,False,False,61959000.0,70 000 000 ₸,2020 - н.в. 5 поколение,Внедорожник,6.2 (бензин),13000,Автомат,Полный привод,Слева,Не указан,Да,all,70000000,6.2,Cadillac,-8041000.0,No,6,10000000.0
Mercedes-benz gle coupe 53 amg,2019,https://kolesa.kz/a/show/216032271?search_id=20de19f46f39783a7b91ede6f27137a737f4068e&search_type=filter&advert_position=933,90000000,Алматы,29 апреля,104,False,False,False,79103000.0,90 000 000 ₸,2019 - н.в. C293,Кроссовер,3 (бензин),9000,Автомат,Полный привод,Слева,Не указан,Да,all,90000000,3.0,Mercedes-benz,-10897000.0,No,7,11250000.0
Land rover range rover,2021,https://kolesa.kz/a/show/208591163?search_id=20de19f46f39783a7b91ede6f27137a737f4068e&search_type=filter&advert_position=934,135000000,Астана,29 апреля,25,False,False,False,135040000.0,135 000 000 ₸,2021 - н.в. 5 поколение,Внедорожник,4.4 (бензин),8500,Автомат,Полный привод,Слева,Черный,Да,all,135000000,4.4,Land,40000.0,No,5,22500000.0
Bmw x6,2023,https://kolesa.kz/a/show/218566279?search_id=20de19f46f39783a7b91ede6f27137a737f4068e&search_type=filter&advert_position=935,66000000,Алматы,29 апреля,64,False,False,False,67300000.0,66 000 000 ₸,2023 - н.в. G06 рестайлинг,Кроссовер,3 (бензин),8800,Автомат,Полный привод,Слева,Не указан,Да,all,66000000,3.0,Bmw,1300000.0,No,3,16500000.0
Mercedes-benz g 63 amg,2018,https://kolesa.kz/a/show/211133086?search_id=20de19f46f39783a7b91ede6f27137a737f4068e&search_type=filter&advert_position=936,135000000,Кокшетау,29 апреля,146,False,False,False,129095000.0,135 000 000 ₸,2018 - н.в. W463,Внедорожник,4 (бензин),24000,Автомат,Полный привод,Слева,Не указан,Да,all,135000000,4.0,Mercedes-benz,-5905000.0,No,8,15000000.0
Lexus gx 550,2023,https://kolesa.kz/a/show/218564732?search_id=20de19f46f39783a7b91ede6f27137a737f4068e&search_type=filter&advert_position=937,60000000,Караганда,29 апреля,24,False,False,False,58312000.0,60 000 000 ₸,2023 - н.в. 3 поколение (J250),Внедорожник,3.4 (бензин),6000,Автомат,Полный привод,Слева,Не указан,Да,all,60000000,3.4,Lexus,-1688000.0,No,3,15000000.0
Cadillac escalade,2020,https://kolesa.kz/a/show/205939315?search_id=20de19f46f39783a7b91ede6f27137a737f4068e&search_type=filter&advert_position=938,61480000,Алматы,29 апреля,6222,False,True,False,61959000.0,61 480 000 ₸,2020 - н.в. 5 поколение,Внедорожник,6.2 (бензин),23000,Автомат,Полный привод,Слева,Черный металлик,Да,all,61480000,6.2,Cadillac,479000.0,No,6,8782857.142857144
Bentley bentayga,2015,https://kolesa.kz/a/show/202862461?search_id=20de19f46f39783a7b91ede6f27137a737f4068e&search_type=filter&advert_position=939,229900000,Алматы,29 апреля,3075,False,True,False,79103000.0,229 900 000 ₸,2015 - н.в. 1 поколение (4V1),Кроссовер,4 (бензин),0,Автомат,Полный привод,Слева,Черный,Да,all,229900000,4.0,Bentley,-150797000.0,No,11,19158333.333333332
Bmw x5,2018,https://kolesa.kz/a/show/210478079?search_id=20de19f46f39783a7b91ede6f27137a737f4068e&search_type=filter&advert_position=940,63000000,Алматы,29 апреля,12,False,False,False,45135000.0,63 000 000 ₸,2018 - н.в. G05,Кроссовер,3 (бензин),32000,Автомат,Полный привод,Слева,Синий металлик,Да,all,63000000,3.0,Bmw,-17865000.0,No,8,7000000.0
Bmw x5,2023,https://kolesa.kz/a/show/207453880?search_id=816fbb8186c4067a240a395ab727f254c682721d&search_type=filter&advert_position=941,82500000,Алматы,29 апреля,88,False,True,False,65066000.0,82 500 000 ₸,2023 - н.в. G05 рестайлинг,Кроссовер,3 (бензин),17,Автомат,Полный привод,Слева,Не указан,Да,all,82500000,3.0,Bmw,-17434000.0,No,3,20625000.0
Land rover range rover,2021,https://kolesa.kz/a/show/214330477?search_id=816fbb8186c4067a240a395ab727f254c682721d&search_type=filter&advert_position=942,89700000,Алматы,29 апреля,2759,False,True,False,89769000.0,89 700 000 ₸,2021 - н.в. 5 поколение,Внедорожник,3 (бензин),11453,Автомат,Полный привод,Слева,Не указан,Да,all,89700000,3.0,Land,69000.0,No,5,14950000.0
Mercedes-benz s 580,2020,https://kolesa.kz/a/show/215117804?search_id=816fbb8186c4067a240a395ab727f254c682721d&search_type=filter&advert_position=943,118000000,Алматы,28 апреля,97,False,False,False,88073000.0,118 000 000 ₸,2020 - н.в. W223,Седан,4 (бензин),10000,Автомат,Полный привод,Слева,Черный,Да,all,118000000,4.0,Mercedes-benz,-29927000.0,No,6,16857142.85714286
Mercedes-benz s 450 4matic,2020,https://kolesa.kz/a/show/213446835?search_id=816fbb8186c4067a240a395ab727f254c682721d&search_type=filter&advert_position=944,65000000,Алматы,28 апреля,4441,True,False,False,69685000.0,65 000 000 ₸,2020 - н.в. W223,Седан,3 (бензин),8107,Автомат,Полный привод,Слева,Синий,Да,all,65000000,3.0,Mercedes-benz,4685000.0,Yes,6,9285714.285714285
Mercedes-benz g 63 amg,2018,https://kolesa.kz/a/show/215255228?search_id=816fbb8186c4067a240a395ab727f254c682721d&search_type=filter&advert_position=945,105900000,Алматы,28 апреля,159,False,False,False,104010000.0,105 900 000 ₸,2018 - н.в. W463,Внедорожник,4 (бензин),23000,Автомат,Полный привод,Слева,Белый,Да,all,105900000,4.0,Mercedes-benz,-1890000.0,No,8,11766666.666666666
Mercedes-benz g 63 amg,2018,https://kolesa.kz/a/show/215098477?search_id=816fbb8186c4067a240a395ab727f254c682721d&search_type=filter&advert_position=946,124900000,Алматы,28 апреля,82,False,False,False,113951000.0,124 900 000 ₸,2018 - н.в. W463,Внедорожник,4 (бензин),19000,Автомат,Полный привод,Слева,Зеленый,Да,all,124900000,4.0,Mercedes-benz,-10949000.0,No,8,13877777.777777778
Bmw xm,2022,https://kolesa.kz/a/show/213370329?search_id=816fbb8186c4067a240a395ab727f254c682721d&search_type=filter&advert_position=947,90000000,Алматы,28 апреля,4012,True,False,False,96699000.0,90 000 000 ₸,2022 - н.в. 1 поколение,Внедорожник,4.4 (гибрид),7420,Автомат,Полный привод,Слева,Зеленый,Да,all,90000000,4.4,Bmw,6699000.0,Yes,4,18000000.0
Lexus lx 600,2021,https://kolesa.kz/a/show/208329367?search_id=816fbb8186c4067a240a395ab727f254c682721d&search_type=filter&advert_position=948,84000000,Алматы,28 апреля,4703,True,False,False,73055000.0,84 000 000 ₸,2021 - н.в. 4 поколение,Внедорожник,3.5 (бензин),10834,Автомат,Полный привод,Слева,Черный металлик,Да,all,84000000,3.5,Lexus,-10945000.0,No,5,14000000.0
Mercedes-benz g 63 amg,2018,https://kolesa.kz/a/show/216608886?search_id=816fbb8186c4067a240a395ab727f254c682721d&search_type=filter&advert_position=949,139500000,Алматы,28 апреля,828,False,False,False,113951000.0,139 500 000 ₸,2018 - н.в. W463,Внедорожник,4 (бензин),2600,Автомат,Полный привод,Слева,Не указан,Да,all,139500000,4.0,Mercedes-benz,-25549000.0,No,8,15500000.0
Mercedes-benz g 63 amg,2018,https://kolesa.kz/a/show/216521970?search_id=816fbb8186c4067a240a395ab727f254c682721d&search_type=filter&advert_position=950,98500000,Алматы,28 апреля,100,False,False,False,104010000.0,98 500 000 ₸,2018 - н.в. W463,Внедорожник,4 (бензин),62000,Автомат,Полный привод,Слева,Не указан,Да,all,98500000,4.0,Mercedes-benz,5510000.0,Yes,8,10944444.444444444
Mercedes-benz g 63 amg,2024,https://kolesa.kz/a/show/217411423?search_id=816fbb8186c4067a240a395ab727f254c682721d&search_type=filter&advert_position=951,198500000,Алматы,28 апреля,273,False,False,False,177311000.0,198 500 000 ₸,2024 - н.в. W463 рестайлинг,Внедорожник,4 (бензин),4700,Автомат,Полный привод,Слева,Не указан,Да,all,198500000,4.0,Mercedes-benz,-21189000.0,No,2,66166666.666666664
Mercedes-benz g 63 amg,2018,https://kolesa.kz/a/show/213619482?search_id=816fbb8186c4067a240a395ab727f254c682721d&search_type=filter&advert_position=952,199700000,Астана,28 апреля,3846,False,False,False,193829000.0,199 700 000 ₸,2018 - н.в. W463,Внедорожник,4 (бензин),600,Автомат,Полный привод,Слева,Черный,Да,all,199700000,4.0,Mercedes-benz,-5871000.0,No,8,22188888.888888888
Mercedes-benz g 63 amg,2018,https://kolesa.kz/a/show/215513377?search_id=816fbb8186c4067a240a395ab727f254c682721d&search_type=filter&advert_position=953,122900000,Астана,28 апреля,790,False,False,False,113951000.0,122 900 000 ₸,2018 - н.в. W463,Внедорожник,4 (бензин),26000,Автомат,Полный привод,Слева,Зеленый,Да,all,122900000,4.0,Mercedes-benz,-8949000.0,No,8,13655555.555555556
Lexus lx 600,2021,https://kolesa.kz/a/show/213981294?search_id=816fbb8186c4067a240a395ab727f254c682721d&search_type=filter&advert_position=954,85900000,Астана,28 апреля,599,False,False,False,86302000.0,85 900 000 ₸,2021 - н.в. 4 поколение,Внедорожник,3.5 (бензин),16000,Автомат,Полный привод,Слева,Серый,Да,all,85900000,3.5,Lexus,402000.0,No,5,14316666.666666666
Mercedes-maybach s 680,2021,https://kolesa.kz/a/show/218398154?search_id=816fbb8186c4067a240a395ab727f254c682721d&search_type=filter&advert_position=955,180000000,Алматы,28 апреля,140,False,False,False,79103000.0,180 000 000 ₸,2021 - н.в. Z223,Седан,6 (бензин),3200,Автомат,Полный привод,Слева,Не указан,Да,all,180000000,6.0,Mercedes-maybach,-100897000.0,No,5,30000000.0
Mercedes-benz g 63 amg,2018,https://kolesa.kz/a/show/146161656?search_id=816fbb8186c4067a240a395ab727f254c682721d&search_type=filter&advert_position=958,110000000,Актау,28 апреля,49,False,False,False,113951000.0,110 000 000 ₸,2018 - н.в. W463,Внедорожник,4 (бензин),33000,Автомат,Полный привод,Слева,Черный,Да,all,110000000,4.0,Mercedes-benz,3951000.0,No,8,12222222.222222222
Bmw x5,2023,https://kolesa.kz/a/show/218214240?search_id=816fbb8186c4067a240a395ab727f254c682721d&search_type=filter&advert_position=959,62900000,Астана,28 апреля,331,False,False,False,59457000.0,62 900 000 ₸,2023 - н.в. G05 рестайлинг,Кроссовер,3 (бензин),25100,Автомат,Полный привод,Слева,Синий,Да,all,62900000,3.0,Bmw,-3443000.0,No,3,15725000.0
Land rover range rover,2021,https://kolesa.kz/a/show/216416672?search_id=816fbb8186c4067a240a395ab727f254c682721d&search_type=filter&advert_position=960,87900000,Алматы,28 апреля,152,False,False,False,93787000.0,87 900 000 ₸,2021 - н.в. 5 поколение,Внедорожник,4.4 (бензин),29500,Автомат,Полный привод,Слева,Не указан,Да,all,87900000,4.4,Land,5887000.0,Yes,5,14650000.0
Mercedes-benz g 63 amg,2018,https://kolesa.kz/a/show/213711912?search_id=63a7a5dc79f74b586ec4f4b0708bb1693dede005&search_type=filter&advert_position=962,199500000,Астана,28 апреля,4338,False,False,False,79103000.0,199 500 000 ₸,2018 - н.в. W463,Внедорожник,4 (бензин),50,Автомат,Полный привод,Слева,Черный,Да,all,199500000,4.0,Mercedes-benz,-120397000.0,No,8,22166666.666666668
Mercedes-benz g 63 amg,2018,https://kolesa.kz/a/show/215254235?search_id=63a7a5dc79f74b586ec4f4b0708bb1693dede005&search_type=filter&advert_position=963,102900000,Алматы,28 апреля,39,False,False,False,97925000.0,102 900 000 ₸,2018 - н.в. W463,Внедорожник,4 (бензин),58000,Автомат,Полный привод,Слева,Белый,Да,all,102900000,4.0,Mercedes-benz,-4975000.0,No,8,11433333.333333334
Land rover range rover,2021,https://kolesa.kz/a/show/214943539?search_id=63a7a5dc79f74b586ec4f4b0708bb1693dede005&search_type=filter&advert_position=964,79900000,Астана,28 апреля,1840,False,False,False,89769000.0,79 900 000 ₸,2021 - н.в. 5 поколение,Внедорожник,3 (бензин),46000,Автомат,Полный привод,Слева,Серый,Да,all,79900000,3.0,Land,9869000.0,Yes,5,13316666.666666666
Mercedes-benz g 63 amg,2018,https://kolesa.kz/a/show/216525277?search_id=63a7a5dc79f74b586ec4f4b0708bb1693dede005&search_type=filter&advert_position=966,97900000,Алматы,28 апреля,51,False,False,False,92185000.0,97 900 000 ₸,2018 - н.в. W463,Внедорожник,4 (бензин),63000,Автомат,Полный привод,Слева,Не указан,Да,all,97900000,4.0,Mercedes-benz,-5715000.0,No,8,10877777.777777778
Lexus lx 600 f sport,2021,https://kolesa.kz/a/show/216797928?search_id=63a7a5dc79f74b586ec4f4b0708bb1693dede005&search_type=filter&advert_position=969,76000000,Алматы,28 апреля,54,True,False,False,79103000.0,76 000 000 ₸,2021 - н.в. 4 поколение,Внедорожник,3.5 (бензин),19097,Автомат,Полный привод,Слева,Белый,Да,all,76000000,3.5,Lexus,3103000.0,No,5,12666666.666666666
Mercedes-benz g 63 amg,2018,https://kolesa.kz/a/show/196969560?search_id=63a7a5dc79f74b586ec4f4b0708bb1693dede005&search_type=filter&advert_position=970,99600000,Астана,28 апреля,66,False,False,False,97925000.0,99 600 000 ₸,2018 - н.в. W463,Внедорожник,4 (бензин),32000,Автомат,Полный привод,Слева,Белый,Да,all,99600000,4.0,Mercedes-benz,-1675000.0,No,8,11066666.666666666
Bmw x5,2023,https://kolesa.kz/a/show/198027255?search_id=63a7a5dc79f74b586ec4f4b0708bb1693dede005&search_type=filter&advert_position=971,64000000,Астана,28 апреля,305,False,False,False,69444000.0,64 000 000 ₸,2023 - н.в. G05 рестайлинг,Кроссовер,4.4 (бензин),43000,Автомат,Полный привод,Слева,Черный,Да,all,64000000,4.4,Bmw,5444000.0,Yes,3,16000000.0
Mercedes-benz g 63 amg,2018,https://kolesa.kz/a/show/218153381?search_id=63a7a5dc79f74b586ec4f4b0708bb1693dede005&search_type=filter&advert_position=972,135000000,Астана,28 апреля,159,False,False,False,113951000.0,135 000 000 ₸,2018 - н.в. W463,Внедорожник,4 (бензин),8000,Автомат,Полный привод,Слева,Черный,Да,all,135000000,4.0,Mercedes-benz,-21049000.0,No,8,15000000.0
Land rover range rover,2021,https://kolesa.kz/a/show/217787356?search_id=63a7a5dc79f74b586ec4f4b0708bb1693dede005&search_type=filter&advert_position=973,95000000,Астана,28 апреля,919,False,False,False,79103000.0,95 000 000 ₸,2021 - н.в. 5 поколение,Внедорожник,4.4 (бензин),0,Автомат,Полный привод,Слева,Не указан,Нет,all,95000000,4.4,Land,-15897000.0,No,5,15833333.333333334
Tesla cybertruck,2019,https://kolesa.kz/a/show/202219276?search_id=63a7a5dc79f74b586ec4f4b0708bb1693dede005&search_type=filter&advert_position=974,95000000,Астана,28 апреля,37751,False,False,False,79103000.0,95 000 000 ₸,2019 - н.в. 1 поколение,Пикап,Не указан,1500,Автомат,Полный привод,Слева,Серебристый металлик,Да,all,95000000,3.5,Tesla,-15897000.0,No,7,11875000.0
Mercedes-benz g 63 amg,2018,https://kolesa.kz/a/show/215262224?search_id=63a7a5dc79f74b586ec4f4b0708bb1693dede005&search_type=filter&advert_position=975,144000000,Алматы,28 апреля,113,False,False,False,129095000.0,144 000 000 ₸,2018 - н.в. W463,Внедорожник,4 (бензин),23000,Автомат,Полный привод,Слева,Голубой,Да,all,144000000,4.0,Mercedes-benz,-14905000.0,No,8,16000000.0
Cadillac escalade,2020,https://kolesa.kz/a/show/216903658?search_id=63a7a5dc79f74b586ec4f4b0708bb1693dede005&search_type=filter&advert_position=977,68900000,Костанай,28 апреля,592,False,False,False,61959000.0,68 900 000 ₸,2020 - н.в. 5 поколение,Внедорожник,6.2 (бензин),20000,Автомат,Полный привод,Слева,Синий металлик,Да,all,68900000,6.2,Cadillac,-6941000.0,No,6,9842857.142857144
Mercedes-benz g 63 amg,2024,https://kolesa.kz/a/show/218470218?search_id=63a7a5dc79f74b586ec4f4b0708bb1693dede005&search_type=filter&advert_position=978,139000000,Алматы,28 апреля,99,False,False,False,189071000.0,139 000 000 ₸,2024 - н.в. W465 рестайлинг,Внедорожник,4 (бензин),0,Автомат,Полный привод,Слева,Черный,Да,all,139000000,4.0,Mercedes-benz,50071000.0,Yes,2,46333333.333333336
Land rover defender,2019,https://kolesa.kz/a/show/217414735?search_id=63a7a5dc79f74b586ec4f4b0708bb1693dede005&search_type=filter&advert_position=979,74000000,Астана,28 апреля,313,False,False,True,79103000.0,74 000 000 ₸,2019 - н.в. 2 поколение (L663),Внедорожник,3 (бензин),3023,Автомат,Полный привод,Слева,Не указан,Да,all,74000000,3.0,Land,5103000.0,Yes,7,9250000.0
Land rover range rover,2021,https://kolesa.kz/a/show/216361745?search_id=63a7a5dc79f74b586ec4f4b0708bb1693dede005&search_type=filter&advert_position=980,109900000,Алматы,28 апреля,96,False,False,False,93787000.0,109 900 000 ₸,2021 - н.в. 5 поколение,Внедорожник,4.4 (бензин),34000,Автомат,Полный привод,Слева,Не указан,Да,all,109900000,4.4,Land,-16113000.0,No,5,18316666.666666668
Lexus lx 600 vip black edition,2021,https://kolesa.kz/a/show/214581880?search_id=8716bd4df654d1767b77a7684d9afc99f4919209&search_type=filter&advert_position=984,67000000,Алматы,28 апреля,5252,True,False,False,69560000.0,67 000 000 ₸,2021 - н.в. 4 поколение,Внедорожник,3.5 (бензин),31599,Автомат,Полный привод,Слева,Белый металлик,Да,all,67000000,3.5,Lexus,2560000.0,No,5,11166666.666666666
Lexus lx 570,2015,https://kolesa.kz/a/show/212794157?search_id=8716bd4df654d1767b77a7684d9afc99f4919209&search_type=filter&advert_position=985,72900000,Астана,28 апреля,1136,False,False,False,57686000.0,72 900 000 ₸,2015 - н.в. 3 поколение [2-й рестайлинг] (J2),Внедорожник,5.7 (бензин),30000,Автомат,Полный привод,Слева,Черный,Да,all,72900000,5.7,Lexus,-15214000.0,No,11,6075000.0
Bmw x5 xdrive 40i,2023,https://kolesa.kz/a/show/216444960?search_id=8716bd4df654d1767b77a7684d9afc99f4919209&search_type=filter&advert_position=986,60000000,Алматы,28 апреля,842,True,False,False,59457000.0,60 000 000 ₸,2023 - н.в. G05 рестайлинг,Кроссовер,3 (бензин),15481,Автомат,Полный привод,Слева,Черный,Да,all,60000000,3.0,Bmw,-543000.0,No,3,15000000.0
Mercedes-benz sl 55 amg,2016,https://kolesa.kz/a/show/216885547?search_id=8716bd4df654d1767b77a7684d9afc99f4919209&search_type=filter&advert_position=987,89950000,Алматы,28 апреля,576,False,False,False,79103000.0,89 950 000 ₸,2016 - н.в. R231 рестайлинг,Родстер,2 (бензин),20000,Автомат,Полный привод,Слева,Не указан,Да,all,89950000,2.0,Mercedes-benz,-10847000.0,No,10,8177272.7272727275
Mercedes-benz g 63 amg,2018,https://kolesa.kz/a/show/217741592?search_id=8716bd4df654d1767b77a7684d9afc99f4919209&search_type=filter&advert_position=989,117000000,Алматы,28 апреля,86,False,False,False,97925000.0,117 000 000 ₸,2018 - н.в. W463,Внедорожник,4 (бензин),29000,Автомат,Полный привод,Слева,Зеленый,Да,all,117000000,4.0,Mercedes-benz,-19075000.0,No,8,13000000.0
Mercedes-benz g 63 amg,2018,https://kolesa.kz/a/show/216905864?search_id=8716bd4df654d1767b77a7684d9afc99f4919209&search_type=filter&advert_position=991,98000000,Алматы,28 апреля,1200,False,False,False,104010000.0,98 000 000 ₸,2018 - н.в. W463,Внедорожник,4 (бензин),44000,Автомат,Полный привод,Слева,Не указан,Да,all,98000000,4.0,Mercedes-benz,6010000.0,Yes,8,10888888.888888888
Audi rs q8,2019,https://kolesa.kz/a/show/186142319?search_id=8716bd4df654d1767b77a7684d9afc99f4919209&search_type=filter&advert_position=992,72000000,Алматы,28 апреля,275,False,False,False,79103000.0,72 000 000 ₸,2019 - н.в. 1 поколение (4MN),Внедорожник,4 (бензин),2500,Автомат,Полный привод,Слева,Серый металлик,Да,all,72000000,4.0,Audi,7103000.0,Yes,7,9000000.0
Bmw x7 xdrive 40i,2022,https://kolesa.kz/a/show/207222445?search_id=8716bd4df654d1767b77a7684d9afc99f4919209&search_type=filter&advert_position=993,65000000,Алматы,28 апреля,3922,True,False,False,55680000.0,65 000 000 ₸,2022 - н.в. G07 рестайлинг,Кроссовер,3 (бензин),19173,Автомат,Полный привод,Слева,Белый,Да,all,65000000,3.0,Bmw,-9320000.0,No,4,13000000.0
Mercedes-benz g 63 amg 4matic,2018,https://kolesa.kz/a/show/212671005?search_id=8716bd4df654d1767b77a7684d9afc99f4919209&search_type=filter&advert_position=994,107000000,Алматы,28 апреля,6505,True,False,False,104010000.0,107 000 000 ₸,2018 - н.в. W463,Внедорожник,4 (бензин),67126,Автомат,Полный привод,Слева,Черный,Да,all,107000000,4.0,Mercedes-benz,-2990000.0,No,8,11888888.888888888
Bmw x7,2022,https://kolesa.kz/a/show/215384972?search_id=8716bd4df654d1767b77a7684d9afc99f4919209&search_type=filter&advert_position=995,77000000,Шымкент,28 апреля,618,False,False,False,71561000.0,77 000 000 ₸,2022 - н.в. G07 рестайлинг,Кроссовер,3 (бензин),16500,Автомат,Полный привод,Слева,Не указан,Да,all,77000000,3.0,Bmw,-5439000.0,No,4,15400000.0
Mercedes-benz v 220,2014,https://kolesa.kz/a/show/216096167?search_id=8716bd4df654d1767b77a7684d9afc99f4919209&search_type=filter&advert_position=996,77777777,Астана,28 апреля,946,False,False,False,79103000.0,77 777 777 ₸,2014 - н.в. W447,Минивэн,2.2 (дизель),15000,Автомат,Полный привод,Слева,Не указан,Да,all,77777777,2.2,Mercedes-benz,1325223.0,No,12,5982905.923076923
Mercedes-benz g 63 amg,2018,https://kolesa.kz/a/show/217105247?search_id=8716bd4df654d1767b77a7684d9afc99f4919209&search_type=filter&advert_position=997,119950000,Алматы,28 апреля,338,False,False,False,97925000.0,119 950 000 ₸,2018 - н.в. W463,Внедорожник,4 (бензин),4300,Автомат,Полный привод,Слева,Черный,Да,all,119950000,4.0,Mercedes-benz,-22025000.0,No,8,13327777.777777778
Lexus lx 600 luxury,2021,https://kolesa.kz/a/show/214513765?search_id=8716bd4df654d1767b77a7684d9afc99f4919209&search_type=filter&advert_position=998,80000000,Алматы,28 апреля,3109,True,False,False,86302000.0,80 000 000 ₸,2021 - н.в. 4 поколение,Внедорожник,3.5 (бензин),30073,Автомат,Полный привод,Слева,Белый,Да,all,80000000,3.5,Lexus,6302000.0,Yes,5,13333333.333333334
Cadillac escalade,2024,https://kolesa.kz/a/show/218478790?search_id=8716bd4df654d1767b77a7684d9afc99f4919209&search_type=filter&advert_position=999,99000000,Алматы,28 апреля,116,False,False,False,79103000.0,99 000 000 ₸,2024 - н.в. 5 поколение рестайлинг,Внедорожник,6.2 (бензин),0,Автомат,Полный привод,Слева,Черный,Да,all,99000000,6.2,Cadillac,-19897000.0,No,2,33000000.0
Toyota sequoia,2022,https://kolesa.kz/a/show/218526866?search_id=8716bd4df654d1767b77a7684d9afc99f4919209&search_type=filter&advert_position=1000,69500000,Алматы,28 апреля,168,False,False,False,79103000.0,69 500 000 ₸,2022 - н.в. 3 поколение,Внедорожник,3.5 (гибрид),500,Автомат,Полный привод,Слева,Не указан,Да,all,69500000,3.5,Toyota,9603000.0,Yes,4,13900000.0
Cadillac escalade,2020,https://kolesa.kz/a/show/203059284?search_id=fceb83e4fed1c7246863701b5cf1baa43915534f&search_type=filter&advert_position=1001,80000000,Шымкент,28 апреля,1204,False,False,False,61959000.0,80 000 000 ₸,2020 - н.в. 5 поколение,Внедорожник,6.2 (бензин),19366,Автомат,Полный привод,Слева,Черный металлик,Да,all,80000000,6.2,Cadillac,-18041000.0,No,6,11428571.42857143
Lexus lx 600,2021,https://kolesa.kz/a/show/214879922?search_id=fceb83e4fed1c7246863701b5cf1baa43915534f&search_type=filter&advert_position=1002,69900000,Астана,28 апреля,189,False,False,False,73055000.0,69 900 000 ₸,2021 - н.в. 4 поколение,Внедорожник,3.5 (бензин),31000,Автомат,Полный привод,Слева,Белый,Да,all,69900000,3.5,Lexus,3155000.0,No,5,11650000.0
Mercedes-benz g 550,2018,https://kolesa.kz/a/show/217008019?search_id=fceb83e4fed1c7246863701b5cf1baa43915534f&search_type=filter&advert_position=1003,109000000,Астана,28 апреля,72,False,False,False,79103000.0,109 000 000 ₸,2018 - н.в. W463,Внедорожник,4 (бензин),61000,Автомат,Полный привод,Слева,Не указан,Да,all,109000000,4.0,Mercedes-benz,-29897000.0,No,8,12111111.111111112
Bmw m3,2020,https://kolesa.kz/a/show/215639267?search_id=fceb83e4fed1c7246863701b5cf1baa43915534f&search_type=filter&advert_position=1005,76000000,Алматы,28 апреля,2876,False,False,False,79103000.0,76 000 000 ₸,2020 - н.в. G80,Универсал,3 (бензин),11000,Автомат,Полный привод,Слева,Черный,Да,all,76000000,3.0,Bmw,3103000.0,No,6,10857142.857142856
Mercedes-benz g 63 amg,2018,https://kolesa.kz/a/show/164059347?search_id=fceb83e4fed1c7246863701b5cf1baa43915534f&search_type=filter&advert_position=1006,112000000,Алматы,28 апреля,45,False,False,False,113951000.0,112 000 000 ₸,2018 - н.в. W463,Внедорожник,4 (бензин),35000,Автомат,Полный привод,Слева,Белый,Да,all,112000000,4.0,Mercedes-benz,1951000.0,No,8,12444444.444444444
Lexus lx 600 luxury 7s,2021,https://kolesa.kz/a/show/218145414?search_id=fceb83e4fed1c7246863701b5cf1baa43915534f&search_type=filter&advert_position=1007,71000000,Алматы,28 апреля,239,True,False,False,69560000.0,71 000 000 ₸,2021 - н.в. 4 поколение,Внедорожник,3.5 (бензин),29147,Автомат,Полный привод,Слева,Белый,Да,all,71000000,3.5,Lexus,-1440000.0,No,5,11833333.333333334
Land rover defender,2019,https://kolesa.kz/a/show/211673736?search_id=fceb83e4fed1c7246863701b5cf1baa43915534f&search_type=filter&advert_position=1008,60000000,Алматы,28 апреля,423,False,False,False,63830000.0,60 000 000 ₸,2019 - н.в. 2 поколение (L663),Внедорожник,3 (бензин),15000,Автомат,Полный привод,Слева,Серый,Да,all,60000000,3.0,Land,3830000.0,Yes,7,7500000.0
Lexus lx 600,2021,https://kolesa.kz/a/show/218489498?search_id=fceb83e4fed1c7246863701b5cf1baa43915534f&search_type=filter&advert_position=1009,74500000,Караганда,28 апреля,105,False,False,False,73055000.0,74 500 000 ₸,2021 - н.в. 4 поколение,Внедорожник,3.5 (бензин),19300,Автомат,Полный привод,Слева,Не указан,Да,all,74500000,3.5,Lexus,-1445000.0,No,5,12416666.666666666
Bmw 740 xdrive 30,2022,https://kolesa.kz/a/show/212002450?search_id=fceb83e4fed1c7246863701b5cf1baa43915534f&search_type=filter&advert_position=1010,73500000,Алматы,28 апреля,6698,True,False,False,74560000.0,73 500 000 ₸,2022 - н.в. G70,Седан,3 (бензин),13651,Автомат,Полный привод,Слева,Белый,Да,all,73500000,3.0,Bmw,1060000.0,No,4,14700000.0
Bmw x5 xdrive 40i,2023,https://kolesa.kz/a/show/216602068?search_id=fceb83e4fed1c7246863701b5cf1baa43915534f&search_type=filter&advert_position=1011,75357266,Астана,28 апреля,623,False,False,True,65066000.0,75 357 266 ₸,2023 - н.в. G05 рестайлинг,Кроссовер,3 (бензин),0,Автомат,Полный привод,Слева,Не указан,Да,all,75357266,3.0,Bmw,-10291266.0,No,3,18839316.5
Audi rs q8,2019,https://kolesa.kz/a/show/217750967?search_id=fceb83e4fed1c7246863701b5cf1baa43915534f&search_type=filter&advert_position=1012,73000000,Астана,28 апреля,444,False,True,False,79103000.0,73 000 000 ₸,2019 - н.в. 1 поколение (4MN),Внедорожник,4 (бензин),7952,Автомат,Полный привод,Слева,Не указан,Да,all,73000000,4.0,Audi,6103000.0,Yes,7,9125000.0
Land rover range rover,2021,https://kolesa.kz/a/show/211916626?search_id=fceb83e4fed1c7246863701b5cf1baa43915534f&search_type=filter&advert_position=1013,149000000,Астана,28 апреля,4114,False,False,False,135040000.0,149 000 000 ₸,2021 - н.в. 5 поколение,Внедорожник,4.4 (бензин),4000,Автомат,Полный привод,Слева,Черный,Да,all,149000000,4.4,Land,-13960000.0,No,5,24833333.333333332
Land rover range rover,2021,https://kolesa.kz/a/show/216419149?search_id=fceb83e4fed1c7246863701b5cf1baa43915534f&search_type=filter&advert_position=1014,84000000,Алматы,28 апреля,101,False,False,False,90748000.0,84 000 000 ₸,2021 - н.в. 5 поколение,Внедорожник,4.4 (бензин),45000,Автомат,Полный привод,Слева,Не указан,Да,all,84000000,4.4,Land,6748000.0,Yes,5,14000000.0
Mercedes-benz g 63 amg,2018,https://kolesa.kz/a/show/209610083?search_id=fceb83e4fed1c7246863701b5cf1baa43915534f&search_type=filter&advert_position=1015,99900000,Алматы,28 апреля,77,False,False,False,92185000.0,99 900 000 ₸,2018 - н.в. W463,Внедорожник,4 (бензин),52000,Автомат,Полный привод,Слева,Черный,Да,all,99900000,4.0,Mercedes-benz,-7715000.0,No,8,11100000.0
Land rover range rover,2021,https://kolesa.kz/a/show/211922774?search_id=fceb83e4fed1c7246863701b5cf1baa43915534f&search_type=filter&advert_position=1016,169000000,Астана,28 апреля,6261,False,False,False,135040000.0,169 000 000 ₸,2021 - н.в. 5 поколение,Внедорожник,4.4 (бензин),50,Автомат,Полный привод,Слева,Черный,Да,all,169000000,4.4,Land,-33960000.0,No,5,28166666.666666668
Toyota sequoia,2022,https://kolesa.kz/a/show/214110629?search_id=fceb83e4fed1c7246863701b5cf1baa43915534f&search_type=filter&advert_position=1017,63000000,Алматы,28 апреля,75,False,False,False,58610000.0,63 000 000 ₸,2022 - н.в. 3 поколение,Внедорожник,3.5 (гибрид),45000,Автомат,Полный привод,Слева,Черный,Да,all,63000000,3.5,Toyota,-4390000.0,No,4,12600000.0
Toyota land cruiser,2021,https://kolesa.kz/a/show/161304199?search_id=fceb83e4fed1c7246863701b5cf1baa43915534f&search_type=filter&advert_position=1018,68750000,Астана,28 апреля,18,False,True,False,56149000.0,68 750 000 ₸,2021 - н.в. J300,Внедорожник,3.5 (бензин),130000,Автомат,Полный привод,Слева,Черный металлик,Да,all,68750000,3.5,Toyota,-12601000.0,No,5,11458333.333333334
Nissan z,2021,https://kolesa.kz/a/show/218554796?search_id=fceb83e4fed1c7246863701b5cf1baa43915534f&search_type=filter&advert_position=1019,60000000,Алматы,28 апреля,98,False,False,False,79103000.0,60 000 000 ₸,2021 - н.в. 1 поколение,Купе,3 (бензин),1100,Автомат,Задний привод,Слева,Черный,Да,all,60000000,3.0,Nissan,19103000.0,Yes,5,10000000.0
Bmw 840,2018,https://kolesa.kz/a/show/206972712?search_id=fceb83e4fed1c7246863701b5cf1baa43915534f&search_type=filter&advert_position=1020,70000000,Шымкент,28 апреля,104,False,False,False,79103000.0,70 000 000 ₸,2018 - н.в. G15,Седан,3 (бензин),25000,Автомат,Полный привод,Слева,Оранжевый металлик,Да,all,70000000,3.0,Bmw,9103000.0,Yes,8,7777777.777777778
Mercedes-benz eqs,2021,https://kolesa.kz/a/show/182455328?search_id=84ac39d9634e5b9a40a88efdb3e1da13c3713035&search_type=filter&advert_position=1023,75000000,Астана,28 апреля,786,False,False,False,79103000.0,75 000 000 ₸,2021 - н.в. 1 поколение (V297),Лифтбек,Не указан,2500,Автомат,Полный привод,Слева,Белый металлик,Да,all,75000000,3.5,Mercedes-benz,4103000.0,Yes,5,12500000.0
Mercedes-benz s 580,2020,https://kolesa.kz/a/show/204104238?search_id=84ac39d9634e5b9a40a88efdb3e1da13c3713035&search_type=filter&advert_position=1024,67000000,Алматы,28 апреля,1378,False,False,False,79524000.0,67 000 000 ₸,2020 - н.в. W223,Седан,4 (бензин),41800,Автомат,Полный привод,Слева,Не указан,Да,all,67000000,4.0,Mercedes-benz,12524000.0,Yes,6,9571428.57142857
Ram 1500,2023,https://kolesa.kz/a/show/199516355?search_id=84ac39d9634e5b9a40a88efdb3e1da13c3713035&search_type=filter&advert_position=1027,68000000,Павлодар,28 апреля,65,False,False,False,79103000.0,68 000 000 ₸,2023 - н.в. 2 поколение рестайлинг,Пикап,6.2 (бензин),55000,Автомат,Полный привод,Слева,Белый,Да,all,68000000,6.2,Ram,11103000.0,Yes,3,17000000.0
Lexus lx 600,2021,https://kolesa.kz/a/show/216379390?search_id=84ac39d9634e5b9a40a88efdb3e1da13c3713035&search_type=filter&advert_position=1028,87500000,Алматы,28 апреля,43,False,False,False,86302000.0,87 500 000 ₸,2021 - н.в. 4 поколение,Внедорожник,3.5 (бензин),8300,Автомат,Полный привод,Слева,Черный металлик,Да,all,87500000,3.5,Lexus,-1198000.0,No,5,14583333.333333334
Ford f-series,2017,https://kolesa.kz/a/show/186791363?search_id=84ac39d9634e5b9a40a88efdb3e1da13c3713035&search_type=filter&advert_position=1029,65000000,Астана,28 апреля,36,False,False,False,45129000.0,65 000 000 ₸,2017 - 2020 13 поколение рестайлинг,Пикап,3.5 (бензин),51000,Автомат,Полный привод,Слева,Черный,Да,all,65000000,3.5,Ford,-19871000.0,No,9,6500000.0
Mercedes-benz g 63 amg,2024,https://kolesa.kz/a/show/182710262?search_id=84ac39d9634e5b9a40a88efdb3e1da13c3713035&search_type=filter&advert_position=1030,168000000,Астана,28 апреля,21169,False,False,False,174225000.0,168 000 000 ₸,2024 - н.в. W463 рестайлинг,Внедорожник,4 (бензин),0,Автомат,Полный привод,Слева,Черный,Да,all,168000000,4.0,Mercedes-benz,6225000.0,No,2,56000000.0
Lexus lx 600,2021,https://kolesa.kz/a/show/218540303?search_id=84ac39d9634e5b9a40a88efdb3e1da13c3713035&search_type=filter&advert_position=1031,76200000,Шымкент,28 апреля,80,False,False,False,79103000.0,76 200 000 ₸,2021 - н.в. 4 поколение,Внедорожник,3.5 (бензин),14000,Автомат,Полный привод,Слева,Не указан,Да,all,76200000,3.5,Lexus,2903000.0,No,5,12700000.0
Toyota land cruiser,2021,https://kolesa.kz/a/show/216357612?search_id=84ac39d9634e5b9a40a88efdb3e1da13c3713035&search_type=filter&advert_position=1032,63000000,Астана,28 апреля,38,False,False,False,56149000.0,63 000 000 ₸,2021 - н.в. J300,Внедорожник,3.5 (бензин),20000,Автомат,Полный привод,Слева,Черный,Да,all,63000000,3.5,Toyota,-6851000.0,No,5,10500000.0
Cadillac escalade,2020,https://kolesa.kz/a/show/188595126?search_id=84ac39d9634e5b9a40a88efdb3e1da13c3713035&search_type=filter&advert_position=1033,67000000,Алматы,28 апреля,22,False,False,False,61959000.0,67 000 000 ₸,2020 - н.в. 5 поколение,Внедорожник,6.2 (бензин),8800,Автомат,Полный привод,Слева,Белый металлик,Да,all,67000000,6.2,Cadillac,-5041000.0,No,6,9571428.57142857
Audi rs 7,2019,https://kolesa.kz/a/show/218535148?search_id=84ac39d9634e5b9a40a88efdb3e1da13c3713035&search_type=filter&advert_position=1035,73500000,Жетысай,28 апреля,187,False,False,False,79103000.0,73 500 000 ₸,2019 - н.в. 2 поколение (C8),Лифтбек,4 (бензин),173850,Автомат,Полный привод,Слева,Серебристый металлик,Да,all,73500000,4.0,Audi,5603000.0,Yes,7,9187500.0
Bmw m5,2020,https://kolesa.kz/a/show/216782695?search_id=84ac39d9634e5b9a40a88efdb3e1da13c3713035&search_type=filter&advert_position=1036,62000000,Шымкент,28 апреля,206,False,False,False,66374000.0,62 000 000 ₸,2020 - н.в. F90 рестайлинг,Седан,4.4 (бензин),29584,Автомат,Полный привод,Слева,Черный,Да,all,62000000,4.4,Bmw,4374000.0,Yes,6,8857142.857142856
Bentley bentayga,2015,https://kolesa.kz/a/show/197405195?search_id=84ac39d9634e5b9a40a88efdb3e1da13c3713035&search_type=filter&advert_position=1038,140000000,Алматы,28 апреля,54,False,False,False,79103000.0,140 000 000 ₸,2015 - н.в. 1 поколение (4V1),Кроссовер,4 (бензин),13000,Автомат,Полный привод,Слева,Черный,Да,all,140000000,4.0,Bentley,-60897000.0,No,11,11666666.666666666
Lexus lx 600,2021,https://kolesa.kz/a/show/218530396?search_id=84ac39d9634e5b9a40a88efdb3e1da13c3713035&search_type=filter&advert_position=1040,88000000,Астана,28 апреля,48,False,False,False,79103000.0,88 000 000 ₸,2021 - н.в. 4 поколение,Внедорожник,3.5 (бензин),5000,Автомат,Полный привод,Слева,Черный металлик,Да,all,88000000,3.5,Lexus,-8897000.0,No,5,14666666.666666666
Mercedes-benz g 63 amg,2018,https://kolesa.kz/a/show/218529012?search_id=cbcddba770bcd067a2437ba7190b68792003845a&search_type=filter&advert_position=1041,118900000,Алматы,28 апреля,39,False,False,False,113951000.0,118 900 000 ₸,2018 - н.в. W463,Внедорожник,4 (бензин),38000,Автомат,Полный привод,Слева,Не указан,Да,all,118900000,4.0,Mercedes-benz,-4949000.0,No,8,13211111.111111112
Bmw x5,2023,https://kolesa.kz/a/show/216320758?search_id=cbcddba770bcd067a2437ba7190b68792003845a&search_type=filter&advert_position=1042,61000000,Тараз,28 апреля,33,False,False,False,65066000.0,61 000 000 ₸,2023 - н.в. G05 рестайлинг,Кроссовер,3 (бензин),7200,Автомат,Полный привод,Слева,Белый,Да,all,61000000,3.0,Bmw,4066000.0,Yes,3,15250000.0
Lexus gx 550,2023,https://kolesa.kz/a/show/218522874?search_id=cbcddba770bcd067a2437ba7190b68792003845a&search_type=filter&advert_position=1043,65000000,Алматы,28 апреля,43,False,False,False,59305000.0,65 000 000 ₸,2023 - н.в. 3 поколение (J250),Внедорожник,3.4 (бензин),17000,Автомат,Полный привод,Слева,Белый,Да,all,65000000,3.4,Lexus,-5695000.0,No,3,16250000.0
Chevrolet tahoe,2019,https://kolesa.kz/a/show/207308762?search_id=cbcddba770bcd067a2437ba7190b68792003845a&search_type=filter&advert_position=1044,64999999,Алматы,28 апреля,1203,False,False,False,79103000.0,64 999 999 ₸,2019 - н.в. 5 поколение (GMT T1XX),Внедорожник,6.2 (бензин),80,Автомат,Полный привод,Слева,Не указан,Да,all,64999999,6.2,Chevrolet,14103001.0,Yes,7,8124999.875
Lexus rx 300,2003,https://kolesa.kz/a/show/218522708?search_id=cbcddba770bcd067a2437ba7190b68792003845a&search_type=filter&advert_position=1045,62000000,Кызылорда,28 апреля,39,False,False,False,5655000.0,62 000 000 ₸,1997 - 2003 1 поколение (MCU15),Кроссовер,3 (бензин),0,Автомат,Полный привод,Слева,Не указан,Да,all,62000000,3.0,Lexus,-56345000.0,No,23,2583333.3333333335
Lexus lx 600,2021,https://kolesa.kz/a/show/218522957?search_id=cbcddba770bcd067a2437ba7190b68792003845a&search_type=filter&advert_position=1046,89400000,Алматы,28 апреля,60,False,False,False,86302000.0,89 400 000 ₸,2021 - н.в. 4 поколение,Внедорожник,3.5 (бензин),4500,Автомат,Полный привод,Слева,Не указан,Да,all,89400000,3.5,Lexus,-3098000.0,No,5,14900000.0
Lexus lx 570,2015,https://kolesa.kz/a/show/176820491?search_id=cbcddba770bcd067a2437ba7190b68792003845a&search_type=filter&advert_position=1047,63000000,Алматы,28 апреля,61,False,False,False,54877000.0,63 000 000 ₸,2015 - н.в. 3 поколение [2-й рестайлинг] (J2),Внедорожник,5.7 (бензин),77000,Автомат,Полный привод,Слева,Черный металлик,Да,all,63000000,5.7,Lexus,-8123000.0,No,11,5250000.0
Porsche panamera,2020,https://kolesa.kz/a/show/213730114?search_id=cbcddba770bcd067a2437ba7190b68792003845a&search_type=filter&advert_position=1049,77250000,Алматы,28 апреля,33,False,False,False,79103000.0,77 250 000 ₸,2020 - н.в. 971 рестайлинг,Лифтбек,2.9 (бензин),19000,Робот,Полный привод,Слева,Серый,Да,all,77250000,2.9,Porsche,1853000.0,No,6,11035714.285714285
Mercedes-benz g 63 amg,2024,https://kolesa.kz/a/show/211910862?search_id=cbcddba770bcd067a2437ba7190b68792003845a&search_type=filter&advert_position=1050,178000000,Алматы,28 апреля,3278,False,False,False,189071000.0,178 000 000 ₸,2024 - н.в. W465 рестайлинг,Внедорожник,4 (бензин),0,Автомат,Полный привод,Слева,Синий,Да,all,178000000,4.0,Mercedes-benz,11071000.0,Yes,2,59333333.333333336
Mercedes-benz g 63 amg,2024,https://kolesa.kz/a/show/211908536?search_id=cbcddba770bcd067a2437ba7190b68792003845a&search_type=filter&advert_position=1051,176000000,Алматы,28 апреля,3546,False,False,False,189071000.0,176 000 000 ₸,2024 - н.в. W465 рестайлинг,Внедорожник,4 (бензин),0,Автомат,Полный привод,Слева,Черный,Да,all,176000000,4.0,Mercedes-benz,13071000.0,Yes,2,58666666.666666664
Mercedes-benz glc 63 amg,2019,https://kolesa.kz/a/show/193126769?search_id=cbcddba770bcd067a2437ba7190b68792003845a&search_type=filter&advert_position=1052,96000000,Алматы,28 апреля,32,False,False,False,79103000.0,96 000 000 ₸,2019 - 2022 X253/C253 рестайлинг,Кроссовер,4 (бензин),50,Автомат,Полный привод,Слева,Серый,Да,all,96000000,4.0,Mercedes-benz,-16897000.0,No,7,12000000.0
Cadillac escalade,2024,https://kolesa.kz/a/show/211913352?search_id=cbcddba770bcd067a2437ba7190b68792003845a&search_type=filter&advert_position=1053,98000000,Алматы,28 апреля,3408,False,False,False,79103000.0,98 000 000 ₸,2024 - н.в. 5 поколение рестайлинг,Внедорожник,6.2 (бензин),0,Автомат,Полный привод,Слева,Черный,Да,all,98000000,6.2,Cadillac,-18897000.0,No,2,32666666.666666668
Mercedes-benz g 63 amg,2024,https://kolesa.kz/a/show/218512584?search_id=cbcddba770bcd067a2437ba7190b68792003845a&search_type=filter&advert_position=1054,195000000,Алматы,28 апреля,87,False,False,False,177311000.0,195 000 000 ₸,2024 - н.в. W463 рестайлинг,Внедорожник,4 (бензин),16700,Автомат,Полный привод,Слева,Черный,Да,all,195000000,4.0,Mercedes-benz,-17689000.0,No,2,65000000.0
Bmw m3,2020,https://kolesa.kz/a/show/218501581?search_id=cbcddba770bcd067a2437ba7190b68792003845a&search_type=filter&advert_position=1055,69000000,Алматы,28 апреля,88,False,True,False,79103000.0,69 000 000 ₸,2020 - н.в. G80,Универсал,3 (бензин),11000,Автомат,Полный привод,Слева,Черный металлик,Да,all,69000000,3.0,Bmw,10103000.0,Yes,6,9857142.857142856
Lamborghini urus,2017,https://kolesa.kz/a/show/210189970?search_id=cbcddba770bcd067a2437ba7190b68792003845a&search_type=filter&advert_position=1056,169500000,Астана,28 апреля,92,False,False,False,79103000.0,169 500 000 ₸,2017 - н.в. 1 поколение,Кроссовер,4 (бензин),44000,Автомат,Полный привод,Слева,Жёлтый,Да,all,169500000,4.0,Lamborghini,-90397000.0,No,9,16950000.0
Mercedes-benz s 580,2020,https://kolesa.kz/a/show/215635423?search_id=cbcddba770bcd067a2437ba7190b68792003845a&search_type=filter&advert_position=1057,73000000,Алматы,28 апреля,28,False,False,False,88073000.0,73 000 000 ₸,2020 - н.в. W223,Седан,4 (бензин),33000,Автомат,Полный привод,Слева,Не указан,Да,all,73000000,4.0,Mercedes-benz,15073000.0,Yes,6,10428571.42857143
Bentley continental gt,2017,https://kolesa.kz/a/show/213646144?search_id=cbcddba770bcd067a2437ba7190b68792003845a&search_type=filter&advert_position=1058,99500000,Алматы,28 апреля,93,False,False,False,79103000.0,99 500 000 ₸,2017 - н.в. 3 поколение (3S),Купе,6 (бензин),53000,Робот,Полный привод,Слева,Не указан,Да,all,99500000,6.0,Bentley,-20397000.0,No,9,9950000.0
Mercedes-benz s 580,2020,https://kolesa.kz/a/show/215358013?search_id=cbcddba770bcd067a2437ba7190b68792003845a&search_type=filter&advert_position=1059,73800000,Алматы,28 апреля,47,False,False,False,79524000.0,73 800 000 ₸,2020 - н.в. W223,Седан,4 (бензин),23000,Автомат,Полный привод,Слева,Черный,Да,all,73800000,4.0,Mercedes-benz,5724000.0,Yes,6,10542857.142857144
Bmw x7,2022,https://kolesa.kz/a/show/213438785?search_id=cbcddba770bcd067a2437ba7190b68792003845a&search_type=filter&advert_position=1060,69000000,Астана,28 апреля,18,False,False,False,61285000.0,69 000 000 ₸,2022 - н.в. G07 рестайлинг,Кроссовер,3 (бензин),34000,Автомат,Полный привод,Слева,Белый,Да,all,69000000,3.0,Bmw,-7715000.0,No,4,13800000.0
Lexus lx 570,2015,https://kolesa.kz/a/show/207389965?search_id=c39c2aa1e1d1f5396ba3521340cfc34bd337643a&search_type=filter&advert_position=1061,68500000,Астана,28 апреля,76,False,False,False,57686000.0,68 500 000 ₸,2015 - н.в. 3 поколение [2-й рестайлинг] (J2),Внедорожник,5.7 (бензин),67000,Автомат,Полный привод,Слева,Белый,Да,all,68500000,5.7,Lexus,-10814000.0,No,11,5708333.333333333
Lexus lx 570,2015,https://kolesa.kz/a/show/198590559?search_id=c39c2aa1e1d1f5396ba3521340cfc34bd337643a&search_type=filter&advert_position=1062,65000000,Астана,28 апреля,89,False,False,False,54877000.0,65 000 000 ₸,2015 - н.в. 3 поколение [2-й рестайлинг] (J2),Внедорожник,5.7 (бензин),18000,Автомат,Полный привод,Слева,Черный,Да,all,65000000,5.7,Lexus,-10123000.0,No,11,5416666.666666667
Mercedes-benz amg gt,2017,https://kolesa.kz/a/show/215634207?search_id=c39c2aa1e1d1f5396ba3521340cfc34bd337643a&search_type=filter&advert_position=1063,97500000,Алматы,28 апреля,59,False,False,False,79103000.0,97 500 000 ₸,2017 - 2024 1 поколение рестайлинг,Лифтбек,4 (бензин),8400,Робот,Полный привод,Слева,Серый,Да,all,97500000,4.0,Mercedes-benz,-18397000.0,No,9,9750000.0
Rolls-royce ghost,2014,https://kolesa.kz/a/show/215521055?search_id=c39c2aa1e1d1f5396ba3521340cfc34bd337643a&search_type=filter&advert_position=1064,115000000,Алматы,28 апреля,201,False,False,False,79103000.0,115 000 000 ₸,2014 - 2020 1 поколение рестайлинг (RR4),Седан,6.6 (бензин),38000,Автомат,Задний привод,Слева,Не указан,Да,all,115000000,6.6,Rolls-royce,-35897000.0,No,12,8846153.846153846
Lexus lx 570,2015,https://kolesa.kz/a/show/188945182?search_id=c39c2aa1e1d1f5396ba3521340cfc34bd337643a&search_type=filter&advert_position=1065,68000000,Астана,28 апреля,57,False,False,False,54877000.0,68 000 000 ₸,2015 - н.в. 3 поколение [2-й рестайлинг] (J2),Внедорожник,5.7 (бензин),17000,Автомат,Полный привод,Слева,Серый металлик,Да,all,68000000,5.7,Lexus,-13123000.0,No,11,5666666.666666667
Lamborghini urus,2017,https://kolesa.kz/a/show/216631278?search_id=c39c2aa1e1d1f5396ba3521340cfc34bd337643a&search_type=filter&advert_position=1066,137500000,Алматы,28 апреля,101,False,False,False,79103000.0,137 500 000 ₸,2017 - н.в. 1 поколение,Кроссовер,4 (бензин),52000,Автомат,Полный привод,Слева,Черный,Да,all,137500000,4.0,Lamborghini,-58397000.0,No,9,13750000.0
Nissan silvia,2024,https://kolesa.kz/a/show/218513762?search_id=c39c2aa1e1d1f5396ba3521340cfc34bd337643a&search_type=filter&advert_position=1067,73230000,Москва,28 апреля,344,False,False,False,79103000.0,73 230 000 ₸,1993 - 1996 S14,Купе,2 (бензин),10000,Механика,Задний привод,Справа,Розовый,Нет,all,73230000,2.0,Nissan,5873000.0,Yes,2,24410000.0
Mercedes-benz g 63 amg,2024,https://kolesa.kz/a/show/192494685?search_id=c39c2aa1e1d1f5396ba3521340cfc34bd337643a&search_type=filter&advert_position=1068,238000000,Алматы,28 апреля,10087,False,False,False,174225000.0,238 000 000 ₸,2024 - н.в. W463 рестайлинг,Внедорожник,4 (бензин),0,Автомат,Полный привод,Слева,Черный,Да,all,238000000,4.0,Mercedes-benz,-63775000.0,No,2,79333333.33333333
Land rover range rover,2021,https://kolesa.kz/a/show/218513674?search_id=c39c2aa1e1d1f5396ba3521340cfc34bd337643a&search_type=filter&advert_position=1069,98000000,Алматы,28 апреля,48,False,False,False,91822000.0,98 000 000 ₸,2021 - н.в. 5 поколение,Внедорожник,3 (бензин),22000,Автомат,Полный привод,Слева,Черный металлик,Да,all,98000000,3.0,Land,-6178000.0,No,5,16333333.333333334
Mercedes-benz s 600,2009,https://kolesa.kz/a/show/216869803?search_id=c39c2aa1e1d1f5396ba3521340cfc34bd337643a&search_type=filter&advert_position=1070,89900000,Астана,28 апреля,103,False,False,False,79103000.0,89 900 000 ₸,2009 - 2013 W221 рестайлинг,Седан,6 (бензин),34000,Автомат,Полный привод,Слева,Не указан,Да,all,89900000,6.0,Mercedes-benz,-10797000.0,No,17,4994444.444444444
Mercedes-benz gls 450,2019,https://kolesa.kz/a/show/210361087?search_id=c39c2aa1e1d1f5396ba3521340cfc34bd337643a&search_type=filter&advert_position=1071,68400000,Астана,28 апреля,24,False,False,False,65267000.0,68 400 000 ₸,2019 - н.в. X167,Внедорожник,3 (бензин),35000,Автомат,Полный привод,Слева,Черный,Да,all,68400000,3.0,Mercedes-benz,-3133000.0,No,7,8550000.0
Ferrari 458,2009,https://kolesa.kz/a/show/215514356?search_id=c39c2aa1e1d1f5396ba3521340cfc34bd337643a&search_type=filter&advert_position=1072,149000000,Алматы,28 апреля,908,False,False,False,79103000.0,149 000 000 ₸,2009 - 2015 1 поколение,Купе,4.6 (бензин),25000,Робот,Задний привод,Слева,Красный,Да,all,149000000,4.6,Ferrari,-69897000.0,No,17,8277777.777777778
Bentley bentayga,2015,https://kolesa.kz/a/show/195378569?search_id=c39c2aa1e1d1f5396ba3521340cfc34bd337643a&search_type=filter&advert_position=1073,189000000,Астана,28 апреля,66,False,False,False,79103000.0,189 000 000 ₸,2015 - н.в. 1 поколение (4V1),Кроссовер,4 (бензин),4800,Автомат,Полный привод,Слева,Синий,Да,all,189000000,4.0,Bentley,-109897000.0,No,11,15750000.0
Mercedes-benz s 450,2020,https://kolesa.kz/a/show/206533121?search_id=c39c2aa1e1d1f5396ba3521340cfc34bd337643a&search_type=filter&advert_position=1074,74900000,Астана,28 апреля,32,False,False,False,69685000.0,74 900 000 ₸,2020 - н.в. W223,Седан,3 (бензин),1200,Автомат,Полный привод,Слева,Черный,Да,all,74900000,3.0,Mercedes-benz,-5215000.0,No,6,10700000.0
Bmw x7,2022,https://kolesa.kz/a/show/208063909?search_id=c39c2aa1e1d1f5396ba3521340cfc34bd337643a&search_type=filter&advert_position=1075,69900000,Астана,28 апреля,18,False,False,False,76442000.0,69 900 000 ₸,2022 - н.в. G07 рестайлинг,Кроссовер,4.4 (бензин),56000,Автомат,Полный привод,Слева,Серый,Да,all,69900000,4.4,Bmw,6542000.0,Yes,4,13980000.0
Rolls-royce ghost,2014,https://kolesa.kz/a/show/215349405?search_id=c39c2aa1e1d1f5396ba3521340cfc34bd337643a&search_type=filter&advert_position=1076,129000000,Алматы,28 апреля,81,False,False,False,79103000.0,129 000 000 ₸,2014 - 2020 1 поколение рестайлинг (RR4),Седан,6.6 (бензин),46000,Автомат,Задний привод,Слева,Черный,Да,all,129000000,6.6,Rolls-royce,-49897000.0,No,12,9923076.923076924
Porsche panamera,2016,https://kolesa.kz/a/show/193852463?search_id=c39c2aa1e1d1f5396ba3521340cfc34bd337643a&search_type=filter&advert_position=1078,65000000,Астана,28 апреля,34,False,False,False,79103000.0,65 000 000 ₸,2016 - 2020 971,Лифтбек,4 (бензин),36000,Автомат,Полный привод,Слева,Черный,Да,all,65000000,4.0,Porsche,14103000.0,Yes,10,5909090.909090909
Bmw 850,2018,https://kolesa.kz/a/show/213601158?search_id=c39c2aa1e1d1f5396ba3521340cfc34bd337643a&search_type=filter&advert_position=1079,69500000,Астана,28 апреля,30,False,False,False,79103000.0,69 500 000 ₸,2018 - н.в. G15,Седан,4.4 (бензин),28000,Автомат,Полный привод,Слева,Белый,Да,all,69500000,4.4,Bmw,9603000.0,Yes,8,7722222.222222222
Mercedes-benz s 63 amg,2017,https://kolesa.kz/a/show/195815703?search_id=c39c2aa1e1d1f5396ba3521340cfc34bd337643a&search_type=filter&advert_position=1080,65300000,Астана,28 апреля,86,False,False,False,43859000.0,65 300 000 ₸,2017 - 2020 W222/C217/A217 рестайлинг,Седан,4 (бензин),34000,Автомат,Полный привод,Слева,Черный,Да,all,65300000,4.0,Mercedes-benz,-21441000.0,No,9,6530000.0
Bmw x5 m,2023,https://kolesa.kz/a/show/196901353?search_id=b6df526d4c44d3726f4810ce01ed805d8af5d88a&search_type=filter&advert_position=1081,80000000,Алматы,28 апреля,180,False,False,False,86500000.0,80 000 000 ₸,2023 - н.в. F95 рестайлинг,Кроссовер,4.4 (бензин),21000,Автомат,Полный привод,Слева,Не указан,Да,all,80000000,4.4,Bmw,6500000.0,Yes,3,20000000.0
Mercedes-benz g 63 amg,2024,https://kolesa.kz/a/show/211909569?search_id=b6df526d4c44d3726f4810ce01ed805d8af5d88a&search_type=filter&advert_position=1082,285000000,Алматы,28 апреля,15914,False,False,False,189071000.0,285 000 000 ₸,2024 - н.в. W465 рестайлинг,Внедорожник,4 (бензин),0,Автомат,Полный привод,Слева,Зеленый,Да,all,285000000,4.0,Mercedes-benz,-95929000.0,No,2,95000000.0
Lexus lx 600,2021,https://kolesa.kz/a/show/218509281?search_id=b6df526d4c44d3726f4810ce01ed805d8af5d88a&search_type=filter&advert_position=1083,89500000,Алматы,28 апреля,47,False,False,False,86302000.0,89 500 000 ₸,2021 - н.в. 4 поколение,Внедорожник,3.5 (бензин),6900,Автомат,Полный привод,Слева,Черный,Да,all,89500000,3.5,Lexus,-3198000.0,No,5,14916666.666666666
Bmw x7,2022,https://kolesa.kz/a/show/218509910?search_id=b6df526d4c44d3726f4810ce01ed805d8af5d88a&search_type=filter&advert_position=1084,68500000,Алматы,28 апреля,35,False,False,False,73673000.0,68 500 000 ₸,2022 - н.в. G07 рестайлинг,Кроссовер,4.4 (бензин),49000,Автомат,Полный привод,Слева,Не указан,Да,all,68500000,4.4,Bmw,5173000.0,Yes,4,13700000.0
Bmw x7,2022,https://kolesa.kz/a/show/212860461?search_id=b6df526d4c44d3726f4810ce01ed805d8af5d88a&search_type=filter&advert_position=1085,76000000,Алматы,28 апреля,46,False,False,False,76442000.0,76 000 000 ₸,2022 - н.в. G07 рестайлинг,Кроссовер,4.4 (бензин),43000,Автомат,Полный привод,Слева,Белый металлик,Да,all,76000000,4.4,Bmw,442000.0,No,4,15200000.0
Lexus lx 570,2015,https://kolesa.kz/a/show/216970903?search_id=b6df526d4c44d3726f4810ce01ed805d8af5d88a&search_type=filter&advert_position=1086,63500000,Астана,28 апреля,70,False,False,False,57686000.0,63 500 000 ₸,2015 - н.в. 3 поколение [2-й рестайлинг] (J2),Внедорожник,5.7 (бензин),71000,Автомат,Полный привод,Слева,Зеленый металлик,Да,all,63500000,5.7,Lexus,-5814000.0,No,11,5291666.666666667
Mercedes-benz g 63 amg,2024,https://kolesa.kz/a/show/211907883?search_id=b6df526d4c44d3726f4810ce01ed805d8af5d88a&search_type=filter&advert_position=1087,177000000,Астана,28 апреля,2949,False,False,False,189071000.0,177 000 000 ₸,2024 - н.в. W465 рестайлинг,Внедорожник,4 (бензин),0,Автомат,Полный привод,Слева,Черный,Да,all,177000000,4.0,Mercedes-benz,12071000.0,Yes,2,59000000.0
Mercedes-benz g 63 amg,2024,https://kolesa.kz/a/show/211905687?search_id=b6df526d4c44d3726f4810ce01ed805d8af5d88a&search_type=filter&advert_position=1088,175000000,Алматы,28 апреля,2919,False,False,False,189071000.0,175 000 000 ₸,2024 - н.в. W465 рестайлинг,Внедорожник,4 (бензин),0,Автомат,Полный привод,Слева,Черный,Да,all,175000000,4.0,Mercedes-benz,14071000.0,Yes,2,58333333.333333336
Porsche cayman,2016,https://kolesa.kz/a/show/211569708?search_id=b6df526d4c44d3726f4810ce01ed805d8af5d88a&search_type=filter&advert_position=1089,72000000,Алматы,28 апреля,4337,False,True,False,79103000.0,72 000 000 ₸,2016 - н.в. 982,Купе,4 (бензин),4680,Робот,Задний привод,Слева,Зеленый,Да,all,72000000,4.0,Porsche,7103000.0,Yes,10,6545454.545454546
Cadillac escalade iq,2023,https://kolesa.kz/a/show/214598656?search_id=b6df526d4c44d3726f4810ce01ed805d8af5d88a&search_type=filter&advert_position=1090,105000000,Алматы,28 апреля,783,False,True,False,79103000.0,105 000 000 ₸,2023 - н.в. 1 поколение,Внедорожник,Не указан,630,Автомат,Полный привод,Слева,Черный металлик,Да,all,105000000,3.5,Cadillac,-25897000.0,No,3,26250000.0
Bmw x5,2023,https://kolesa.kz/a/show/195827585?search_id=b6df526d4c44d3726f4810ce01ed805d8af5d88a&search_type=filter&advert_position=1091,81000000,Астана,28 апреля,30,False,False,False,79103000.0,81 000 000 ₸,2023 - н.в. G05 рестайлинг,Кроссовер,4.4 (бензин),19000,Автомат,Полный привод,Слева,Синий,Да,all,81000000,4.4,Bmw,-1897000.0,No,3,20250000.0
Land rover range rover,2017,https://kolesa.kz/a/show/160095366?search_id=b6df526d4c44d3726f4810ce01ed805d8af5d88a&search_type=filter&advert_position=1092,77900000,Астана,28 апреля,39,False,False,False,48804000.0,77 900 000 ₸,2017 - 2022 4 поколение рестайлинг,Внедорожник,5 (бензин),61000,Автомат,Полный привод,Слева,Хамелеон металлик,Да,all,77900000,5.0,Land,-29096000.0,No,9,7790000.0
Bmw x5,2018,https://kolesa.kz/a/show/183617768?search_id=b6df526d4c44d3726f4810ce01ed805d8af5d88a&search_type=filter&advert_position=1093,80000000,Алматы,28 апреля,37,False,False,False,79103000.0,80 000 000 ₸,2018 - н.в. G05,Кроссовер,3 (бензин),20000,Автомат,Полный привод,Слева,Белый,Да,all,80000000,3.0,Bmw,-897000.0,No,8,8888888.888888888
Mercedes-benz g 63 amg,2018,https://kolesa.kz/a/show/214097248?search_id=b6df526d4c44d3726f4810ce01ed805d8af5d88a&search_type=filter&advert_position=1094,85000000,Астана,28 апреля,34,False,False,False,92185000.0,85 000 000 ₸,2018 - н.в. W463,Внедорожник,4 (бензин),51000,Автомат,Полный привод,Слева,Белый,Да,all,85000000,4.0,Mercedes-benz,7185000.0,Yes,8,9444444.444444444
Lexus lx 600,2021,https://kolesa.kz/a/show/218504176?search_id=b6df526d4c44d3726f4810ce01ed805d8af5d88a&search_type=filter&advert_position=1095,78500000,Алматы,28 апреля,52,False,False,False,79103000.0,78 500 000 ₸,2021 - н.в. 4 поколение,Внедорожник,3.5 (бензин),20000,Автомат,Полный привод,Слева,Черный металлик,Да,all,78500000,3.5,Lexus,603000.0,No,5,13083333.333333334
Bmw x6 m,2019,https://kolesa.kz/a/show/208906438?search_id=b6df526d4c44d3726f4810ce01ed805d8af5d88a&search_type=filter&advert_position=1096,61000000,Астана,28 апреля,1095,False,False,False,79103000.0,61 000 000 ₸,2019 - 2023 F96,Кроссовер,4.4 (бензин),29000,Автомат,Полный привод,Слева,Черный металлик,Да,all,61000000,4.4,Bmw,18103000.0,Yes,7,7625000.0
Bmw 760,2022,https://kolesa.kz/a/show/215169198?search_id=b6df526d4c44d3726f4810ce01ed805d8af5d88a&search_type=filter&advert_position=1097,95000000,Алматы,28 апреля,40,False,False,False,79103000.0,95 000 000 ₸,2022 - н.в. G70,Седан,4.4 (бензин),35000,Автомат,Полный привод,Слева,Не указан,Да,all,95000000,4.4,Bmw,-15897000.0,No,4,19000000.0
Lexus lx 600,2021,https://kolesa.kz/a/show/182617820?search_id=b6df526d4c44d3726f4810ce01ed805d8af5d88a&search_type=filter&advert_position=1098,81000000,Павлодар,28 апреля,59,False,False,False,79103000.0,81 000 000 ₸,2021 - н.в. 4 поколение,Внедорожник,3.5 (бензин),12500,Автомат,Полный привод,Слева,Черный металлик,Да,all,81000000,3.5,Lexus,-1897000.0,No,5,13500000.0
Mercedes-benz g 63 amg,2018,https://kolesa.kz/a/show/218491374?search_id=b6df526d4c44d3726f4810ce01ed805d8af5d88a&search_type=filter&advert_position=1099,138000000,Астана,28 апреля,38,False,False,False,129095000.0,138 000 000 ₸,2018 - н.в. W463,Внедорожник,4 (бензин),7000,Автомат,Полный привод,Слева,Не указан,Да,all,138000000,4.0,Mercedes-benz,-8905000.0,No,8,15333333.333333334
Mercedes-benz s 580,2020,https://kolesa.kz/a/show/214249303?search_id=b6df526d4c44d3726f4810ce01ed805d8af5d88a&search_type=filter&advert_position=1100,60000000,Алматы,28 апреля,7218,False,False,False,79524000.0,60 000 000 ₸,2020 - н.в. W223,Седан,4 (бензин),60000,Автомат,Полный привод,Слева,Черный,Да,all,60000000,4.0,Mercedes-benz,19524000.0,Yes,6,8571428.57142857
Mercedes-benz g 63 amg,2018,https://kolesa.kz/a/show/207664323?search_id=375b8e81776da6bf6ac6bff5613332071d73219e&search_type=filter&advert_position=1101,139000000,Астана,28 апреля,39,False,False,False,113951000.0,139 000 000 ₸,2018 - н.в. W463,Внедорожник,4 (бензин),25000,Автомат,Полный привод,Слева,Черный,Да,all,139000000,4.0,Mercedes-benz,-25049000.0,No,8,15444444.444444444
Bmw x5,2023,https://kolesa.kz/a/show/206042636?search_id=375b8e81776da6bf6ac6bff5613332071d73219e&search_type=filter&advert_position=1102,63500000,Алматы,28 апреля,78,False,False,False,49639000.0,63 500 000 ₸,2023 - н.в. G05 рестайлинг,Кроссовер,3 (бензин),26500,Автомат,Полный привод,Слева,Синий,Да,all,63500000,3.0,Bmw,-13861000.0,No,3,15875000.0
Bentley bentayga,2015,https://kolesa.kz/a/show/218495711?search_id=375b8e81776da6bf6ac6bff5613332071d73219e&search_type=filter&advert_position=1103,80000000,Алматы,28 апреля,78,False,False,False,79103000.0,80 000 000 ₸,2015 - н.в. 1 поколение (4V1),Кроссовер,4 (бензин),60000,Автомат,Полный привод,Слева,Не указан,Да,all,80000000,4.0,Bentley,-897000.0,No,11,6666666.666666667
Porsche panamera,2016,https://kolesa.kz/a/show/207290018?search_id=375b8e81776da6bf6ac6bff5613332071d73219e&search_type=filter&advert_position=1104,60000000,Алматы,28 апреля,51,False,False,False,79103000.0,60 000 000 ₸,2016 - 2020 971,Лифтбек,4 (бензин),95000,Робот,Полный привод,Слева,Серый металлик,Да,all,60000000,4.0,Porsche,19103000.0,Yes,10,5454545.454545454
Porsche cayenne coupe,2017,https://kolesa.kz/a/show/217653884?search_id=375b8e81776da6bf6ac6bff5613332071d73219e&search_type=filter&advert_position=1106,119900000,Уральск,28 апреля,41,False,False,False,79103000.0,119 900 000 ₸,2017 - 2023 3 поколение (9YB),Кроссовер,4 (бензин),14700,Автомат,Полный привод,Слева,Не указан,Да,all,119900000,4.0,Porsche,-40797000.0,No,9,11990000.0
Mercedes-benz s 580,2020,https://kolesa.kz/a/show/217675376?search_id=375b8e81776da6bf6ac6bff5613332071d73219e&search_type=filter&advert_position=1107,84900000,Уральск,28 апреля,36,False,False,False,79524000.0,84 900 000 ₸,2020 - н.в. W223,Седан,4 (бензин),3480,Автомат,Полный привод,Слева,Не указан,Да,all,84900000,4.0,Mercedes-benz,-5376000.0,No,6,12128571.42857143
Porsche cayenne coupe,2023,https://kolesa.kz/a/show/195813859?search_id=375b8e81776da6bf6ac6bff5613332071d73219e&search_type=filter&advert_position=1108,75500000,Астана,28 апреля,102,False,False,False,79103000.0,75 500 000 ₸,2023 - н.в. 3 поколение рестайлинг (9YB),Кроссовер,3 (бензин),13000,Автомат,Полный привод,Слева,Серый металлик,Да,all,75500000,3.0,Porsche,3603000.0,No,3,18875000.0
Bmw m5,2024,https://kolesa.kz/a/show/218487123?search_id=375b8e81776da6bf6ac6bff5613332071d73219e&search_type=filter&advert_position=1109,115000000,Астана,28 апреля,162,False,False,False,101992000.0,115 000 000 ₸,2024 - н.в. G90,Седан,4.4 (гибрид),6800,Автомат,Полный привод,Слева,Не указан,Да,all,115000000,4.4,Bmw,-13008000.0,No,2,38333333.333333336
Bentley bentayga,2015,https://kolesa.kz/a/show/218487314?search_id=375b8e81776da6bf6ac6bff5613332071d73219e&search_type=filter&advert_position=1110,90000000,Алматы,28 апреля,128,False,False,False,79103000.0,90 000 000 ₸,2015 - н.в. 1 поколение (4V1),Кроссовер,4 (бензин),0,Автомат,Полный привод,Слева,Не указан,Да,all,90000000,4.0,Bentley,-10897000.0,No,11,7500000.0
Land rover defender,2019,https://kolesa.kz/a/show/214016969?search_id=375b8e81776da6bf6ac6bff5613332071d73219e&search_type=filter&advert_position=1111,62000000,Алматы,28 апреля,30,False,False,False,54523000.0,62 000 000 ₸,2019 - н.в. 2 поколение (L663),Внедорожник,3 (бензин),28000,Автомат,Полный привод,Слева,Не указан,Да,all,62000000,3.0,Land,-7477000.0,No,7,7750000.0
Cadillac escalade,2024,https://kolesa.kz/a/show/195429752?search_id=375b8e81776da6bf6ac6bff5613332071d73219e&search_type=filter&advert_position=1112,77000000,Алматы,28 апреля,77,False,False,False,79103000.0,77 000 000 ₸,2024 - н.в. 5 поколение рестайлинг,Внедорожник,6.2 (бензин),20000,Автомат,Полный привод,Слева,Коричневый,Да,all,77000000,6.2,Cadillac,2103000.0,No,2,25666666.666666668
Lexus lx 600,2021,https://kolesa.kz/a/show/213610659?search_id=375b8e81776da6bf6ac6bff5613332071d73219e&search_type=filter&advert_position=1113,78000000,Алматы,28 апреля,37,False,False,False,79103000.0,78 000 000 ₸,2021 - н.в. 4 поколение,Внедорожник,3.5 (бензин),49000,Автомат,Полный привод,Слева,Черный металлик,Да,all,78000000,3.5,Lexus,1103000.0,No,5,13000000.0
Toyota hiace,2019,https://kolesa.kz/a/show/190985250?search_id=375b8e81776da6bf6ac6bff5613332071d73219e&search_type=filter&advert_position=1114,75000000,Актау,28 апреля,140,False,False,False,31000000.0,75 000 000 ₸,2019 - н.в. H300,Микроавтобус,3.5 (бензин),75000,Автомат,Задний привод,Слева,Черный,Да,all,75000000,3.5,Toyota,-44000000.0,No,7,9375000.0
Mercedes-benz s 63 amg,2024,https://kolesa.kz/a/show/209678768?search_id=375b8e81776da6bf6ac6bff5613332071d73219e&search_type=filter&advert_position=1115,100000000,Алматы,28 апреля,201,False,False,False,79103000.0,100 000 000 ₸,1965 - 1972 W108/W109,Седан,6.3 (бензин),27000,Автомат,Задний привод,Слева,Синий,Да,all,100000000,6.3,Mercedes-benz,-20897000.0,No,2,33333333.333333332
Land rover range rover,2017,https://kolesa.kz/a/show/159812376?search_id=375b8e81776da6bf6ac6bff5613332071d73219e&search_type=filter&advert_position=1116,63500000,Алматы,28 апреля,39,False,False,False,47075000.0,63 500 000 ₸,2017 - 2022 4 поколение рестайлинг,Внедорожник,3 (бензин),29000,Автомат,Полный привод,Слева,Серый металлик,Да,all,63500000,3.0,Land,-16425000.0,No,9,6350000.0
Mercedes-benz g 500,2015,https://kolesa.kz/a/show/192968191?search_id=375b8e81776da6bf6ac6bff5613332071d73219e&search_type=filter&advert_position=1117,62000000,Алматы,28 апреля,64,False,False,False,79103000.0,62 000 000 ₸,2015 - 2018 W463 [3-й рестайлинг],Внедорожник,4 (бензин),43000,Автомат,Полный привод,Слева,Серебристый,Да,all,62000000,4.0,Mercedes-benz,17103000.0,Yes,11,5166666.666666667
Porsche 911,2018,https://kolesa.kz/a/show/217723937?search_id=375b8e81776da6bf6ac6bff5613332071d73219e&search_type=filter&advert_position=1118,159000000,Алматы,28 апреля,109,False,False,False,79103000.0,159 000 000 ₸,2018 - н.в. 992,Купе,4 (бензин),4500,Робот,Полный привод,Слева,Не указан,Да,all,159000000,4.0,Porsche,-79897000.0,No,8,17666666.666666668
Mercedes-benz g 500,2018,https://kolesa.kz/a/show/209909913?search_id=375b8e81776da6bf6ac6bff5613332071d73219e&search_type=filter&advert_position=1119,127000000,Астана,28 апреля,23,False,False,False,79103000.0,127 000 000 ₸,2018 - н.в. W463,Внедорожник,4 (бензин),16000,Автомат,Полный привод,Слева,Черный,Да,all,127000000,4.0,Mercedes-benz,-47897000.0,No,8,14111111.111111112
Mercedes-benz g 63 amg,2018,https://kolesa.kz/a/show/204938069?search_id=375b8e81776da6bf6ac6bff5613332071d73219e&search_type=filter&advert_position=1120,141000000,Астана,28 апреля,17,False,False,False,113951000.0,141 000 000 ₸,2018 - н.в. W463,Внедорожник,4 (бензин),12000,Автомат,Полный привод,Слева,Черный,Да,all,141000000,4.0,Mercedes-benz,-27049000.0,No,8,15666666.666666666
Mercedes-benz s 450,2020,https://kolesa.kz/a/show/216222374?search_id=f8666ab2c856f71bb0a6e0a9c8d2a509d5fd1e6b&search_type=filter&advert_position=1121,85000000,Алматы,28 апреля,23,False,False,False,79319000.0,85 000 000 ₸,2020 - н.в. W223,Седан,3 (бензин),11000,Автомат,Полный привод,Слева,Не указан,Да,all,85000000,3.0,Mercedes-benz,-5681000.0,No,6,12142857.142857144
Nissan patrol,2024,https://kolesa.kz/a/show/209394728?search_id=f8666ab2c856f71bb0a6e0a9c8d2a509d5fd1e6b&search_type=filter&advert_position=1123,65777000,Алматы,28 апреля,44,False,False,False,79103000.0,65 777 000 ₸,2024 - н.в. Y63,Внедорожник,3.5 (бензин),29,Автомат,Полный привод,Слева,Не указан,Да,all,65777000,3.5,Nissan,13326000.0,Yes,2,21925666.666666668
Bmw x7,2022,https://kolesa.kz/a/show/218099331?search_id=f8666ab2c856f71bb0a6e0a9c8d2a509d5fd1e6b&search_type=filter&advert_position=1124,81500000,Астана,28 апреля,110,False,False,False,76442000.0,81 500 000 ₸,2022 - н.в. G07 рестайлинг,Кроссовер,4.4 (бензин),6000,Автомат,Полный привод,Слева,Белый,Да,all,81500000,4.4,Bmw,-5058000.0,No,4,16300000.0
Bmw x6,2023,https://kolesa.kz/a/show/209853872?search_id=f8666ab2c856f71bb0a6e0a9c8d2a509d5fd1e6b&search_type=filter&advert_position=1125,61000000,Алматы,28 апреля,30,False,False,False,57598000.0,61 000 000 ₸,2023 - н.в. G06 рестайлинг,Кроссовер,3 (бензин),1000,Автомат,Полный привод,Слева,Синий,Да,all,61000000,3.0,Bmw,-3402000.0,No,3,15250000.0
Porsche cayenne coupe,2017,https://kolesa.kz/a/show/218478277?search_id=f8666ab2c856f71bb0a6e0a9c8d2a509d5fd1e6b&search_type=filter&advert_position=1126,60000000,Алматы,28 апреля,55,False,False,False,79103000.0,60 000 000 ₸,2017 - 2023 3 поколение (9YB),Кроссовер,4 (бензин),24000,Автомат,Полный привод,Слева,Черный,Да,all,60000000,4.0,Porsche,19103000.0,Yes,9,6000000.0
Mercedes-benz gle 450,2019,https://kolesa.kz/a/show/217424966?search_id=f8666ab2c856f71bb0a6e0a9c8d2a509d5fd1e6b&search_type=filter&advert_position=1127,72500000,Алматы,28 апреля,39,False,False,False,79103000.0,72 500 000 ₸,2019 - н.в. V167,Кроссовер,3 (бензин),30000,Автомат,Полный привод,Слева,Белый металлик,Да,all,72500000,3.0,Mercedes-benz,6603000.0,Yes,7,9062500.0
Toyota sequoia,2022,https://kolesa.kz/a/show/200161395?search_id=f8666ab2c856f71bb0a6e0a9c8d2a509d5fd1e6b&search_type=filter&advert_position=1129,62000000,Алматы,28 апреля,40,False,True,False,79103000.0,62 000 000 ₸,2022 - н.в. 3 поколение,Внедорожник,3.5 (гибрид),15000,Автомат,Полный привод,Слева,Синий металлик,Да,all,62000000,3.5,Toyota,17103000.0,Yes,4,12400000.0
Toyota alphard,2018,https://kolesa.kz/a/show/213824153?search_id=f8666ab2c856f71bb0a6e0a9c8d2a509d5fd1e6b&search_type=filter&advert_position=1130,65000000,Актау,28 апреля,166,False,False,False,79103000.0,65 000 000 ₸,2018 - н.в. 3 поколение рестайлинг (H3),Минивэн,2.5 (гибрид),6000,Вариатор,Полный привод,Слева,Не указан,Да,all,65000000,2.5,Toyota,14103000.0,Yes,8,7222222.222222222
Mercedes-benz g 63 amg,2018,https://kolesa.kz/a/show/218474121?search_id=f8666ab2c856f71bb0a6e0a9c8d2a509d5fd1e6b&search_type=filter&advert_position=1131,99500000,Алматы,28 апреля,41,False,False,False,97925000.0,99 500 000 ₸,2018 - н.в. W463,Внедорожник,4 (бензин),45000,Автомат,Полный привод,Слева,Черный,Да,all,99500000,4.0,Mercedes-benz,-1575000.0,No,8,11055555.555555556
Bmw x5 m,2019,https://kolesa.kz/a/show/218474730?search_id=f8666ab2c856f71bb0a6e0a9c8d2a509d5fd1e6b&search_type=filter&advert_position=1132,65000000,Алматы,28 апреля,58,False,False,False,62333000.0,65 000 000 ₸,2019 - н.в. F95,Кроссовер,4.4 (бензин),28000,Автомат,Полный привод,Слева,Черный,Да,all,65000000,4.4,Bmw,-2667000.0,No,7,8125000.0
Porsche taycan,2019,https://kolesa.kz/a/show/206048096?search_id=f8666ab2c856f71bb0a6e0a9c8d2a509d5fd1e6b&search_type=filter&advert_position=1133,78000000,Алматы,28 апреля,1217,False,True,False,79103000.0,78 000 000 ₸,2019 - н.в. 1 поколение (Y1A),Универсал,Не указан,1300,Автомат,Полный привод,Слева,Синий,Да,all,78000000,3.5,Porsche,1103000.0,No,7,9750000.0
Mercedes-benz eqv,2019,https://kolesa.kz/a/show/214433058?search_id=f8666ab2c856f71bb0a6e0a9c8d2a509d5fd1e6b&search_type=filter&advert_position=1134,67000000,Алматы,28 апреля,49,False,False,False,79103000.0,67 000 000 ₸,2019 - н.в. 1 поколение,Минивэн,Не указан,3000,Автомат,Передний привод,Слева,Не указан,Да,all,67000000,3.5,Mercedes-benz,12103000.0,Yes,7,8375000.0
Mercedes-benz s 580,2020,https://kolesa.kz/a/show/178982128?search_id=f8666ab2c856f71bb0a6e0a9c8d2a509d5fd1e6b&search_type=filter&advert_position=1136,90000000,Алматы,28 апреля,42,False,False,False,79524000.0,90 000 000 ₸,2020 - н.в. W223,Седан,4 (бензин),18000,Автомат,Полный привод,Слева,Не указан,Да,all,90000000,4.0,Mercedes-benz,-10476000.0,No,6,12857142.857142856
Nissan gt-r,2011,https://kolesa.kz/a/show/218468415?search_id=f8666ab2c856f71bb0a6e0a9c8d2a509d5fd1e6b&search_type=filter&advert_position=1137,60000000,Астана,28 апреля,421,False,False,False,79103000.0,60 000 000 ₸,2011 - 2016 R35 [2-й рестайлинг],Купе,3.8 (бензин),50000,Робот,Полный привод,Слева,Синий металлик,Да,all,60000000,3.8,Nissan,19103000.0,Yes,15,3750000.0
Mercedes-benz g 63 amg,2018,https://kolesa.kz/a/show/208790643?search_id=f8666ab2c856f71bb0a6e0a9c8d2a509d5fd1e6b&search_type=filter&advert_position=1138,93000000,Алматы,28 апреля,92,False,False,False,129095000.0,93 000 000 ₸,2018 - н.в. W463,Внедорожник,4 (бензин),14000,Автомат,Полный привод,Слева,Зеленый,Да,all,93000000,4.0,Mercedes-benz,36095000.0,Yes,8,10333333.333333334
Mercedes-benz gle 53 amg 4matic,2019,https://kolesa.kz/a/show/213296122?search_id=f8666ab2c856f71bb0a6e0a9c8d2a509d5fd1e6b&search_type=filter&advert_position=1139,76000000,Шымкент,28 апреля,291,False,False,True,79103000.0,76 000 000 ₸,2019 - н.в. V167,Кроссовер,3 (бензин),26,Автомат,Полный привод,Слева,Черный металлик,Да,all,76000000,3.0,Mercedes-benz,3103000.0,No,7,9500000.0
Mercedes-benz g 63 amg 4matic,2018,https://kolesa.kz/a/show/215339362?search_id=f8666ab2c856f71bb0a6e0a9c8d2a509d5fd1e6b&search_type=filter&advert_position=1140,185000000,Алматы,28 апреля,706,False,False,True,193829000.0,185 000 000 ₸,2018 - н.в. W463,Внедорожник,4 (бензин),26,Автомат,Полный привод,Слева,Зеленый,Да,all,185000000,4.0,Mercedes-benz,8829000.0,No,8,20555555.555555556
Mercedes-maybach gls 600,2019,https://kolesa.kz/a/show/204531576?search_id=9988b2f4d03de1df78ecfebe7706d9eb8e091dac&search_type=filter&advert_position=1142,110000000,Алматы,28 апреля,78,False,False,False,79103000.0,110 000 000 ₸,2019 - н.в. 1 поколение,Внедорожник,4 (гибрид),19000,Автомат,Полный привод,Слева,Черный,Да,all,110000000,4.0,Mercedes-maybach,-30897000.0,No,7,13750000.0
Mercedes-benz g 63 amg,2018,https://kolesa.kz/a/show/218458995?search_id=9988b2f4d03de1df78ecfebe7706d9eb8e091dac&search_type=filter&advert_position=1145,70000000,Астана,28 апреля,137,False,False,False,97925000.0,70 000 000 ₸,2018 - н.в. W463,Внедорожник,4 (бензин),78400,Автомат,Полный привод,Слева,Белый металлик,Да,all,70000000,4.0,Mercedes-benz,27925000.0,Yes,8,7777777.777777778
Ford f-series,2020,https://kolesa.kz/a/show/195728513?search_id=9988b2f4d03de1df78ecfebe7706d9eb8e091dac&search_type=filter&advert_position=1146,80000000,Жанаозен,28 апреля,31,False,False,False,79103000.0,80 000 000 ₸,2020 - н.в. 14 поколение,Пикап,3.5 (бензин),28000,Автомат,Полный привод,Слева,Голубой металлик,Да,all,80000000,3.5,Ford,-897000.0,No,6,11428571.42857143
Dodge ram,2018,https://kolesa.kz/a/show/201005674?search_id=9988b2f4d03de1df78ecfebe7706d9eb8e091dac&search_type=filter&advert_position=1147,77777777,Астана,28 апреля,49,False,False,False,71692000.0,77 777 777 ₸,2018 - н.в. 5 поколение,Пикап,6.2 (бензин),13000,Автомат,Полный привод,Слева,Черный,Да,all,77777777,6.2,Dodge,-6085777.0,No,8,8641975.222222222
Porsche panamera,2016,https://kolesa.kz/a/show/215806672?search_id=9988b2f4d03de1df78ecfebe7706d9eb8e091dac&search_type=filter&advert_position=1148,62000000,Алматы,28 апреля,35,False,False,False,79103000.0,62 000 000 ₸,2016 - 2020 971,Лифтбек,4 (бензин),80000,Робот,Полный привод,Слева,Черный металлик,Да,all,62000000,4.0,Porsche,17103000.0,Yes,10,5636363.636363637
Bmw x6,2023,https://kolesa.kz/a/show/209876017?search_id=9988b2f4d03de1df78ecfebe7706d9eb8e091dac&search_type=filter&advert_position=1150,68000000,Алматы,28 апреля,64,False,False,False,67300000.0,68 000 000 ₸,2023 - н.в. G06 рестайлинг,Кроссовер,3 (бензин),37000,Автомат,Полный привод,Слева,Белый металлик,Да,all,68000000,3.0,Bmw,-700000.0,No,3,17000000.0
Bmw x5,2023,https://kolesa.kz/a/show/215569022?search_id=9988b2f4d03de1df78ecfebe7706d9eb8e091dac&search_type=filter&advert_position=1153,62900000,Костанай,28 апреля,151,False,False,False,59457000.0,62 900 000 ₸,2023 - н.в. G05 рестайлинг,Кроссовер,3 (бензин),15800,Автомат,Полный привод,Слева,Черный металлик,Да,all,62900000,3.0,Bmw,-3443000.0,No,3,15725000.0
Mercedes-benz g 63 amg,2018,https://kolesa.kz/a/show/216030962?search_id=9988b2f4d03de1df78ecfebe7706d9eb8e091dac&search_type=filter&advert_position=1154,120000000,Алматы,28 апреля,22,False,False,False,113951000.0,120 000 000 ₸,2018 - н.в. W463,Внедорожник,4 (бензин),50000,Автомат,Полный привод,Слева,Не указан,Да,all,120000000,4.0,Mercedes-benz,-6049000.0,No,8,13333333.333333334
Lexus lx 600,2021,https://kolesa.kz/a/show/212589071?search_id=9988b2f4d03de1df78ecfebe7706d9eb8e091dac&search_type=filter&advert_position=1155,90000000,Алматы,28 апреля,161,False,False,False,79103000.0,90 000 000 ₸,2021 - н.в. 4 поколение,Внедорожник,3.5 (бензин),0,Автомат,Полный привод,Слева,Черный,Да,all,90000000,3.5,Lexus,-10897000.0,No,5,15000000.0
Bmw i5,2023,https://kolesa.kz/a/show/199444736?search_id=9988b2f4d03de1df78ecfebe7706d9eb8e091dac&search_type=filter&advert_position=1156,60000000,Алматы,28 апреля,17,False,False,False,79103000.0,60 000 000 ₸,2023 - н.в. 1 поколение,Седан,Не указан,13000,Автомат,Полный привод,Слева,Не указан,Да,all,60000000,3.5,Bmw,19103000.0,Yes,3,15000000.0
Ford bronco,2020,https://kolesa.kz/a/show/208791353?search_id=9988b2f4d03de1df78ecfebe7706d9eb8e091dac&search_type=filter&advert_position=1157,73000000,Астана,28 апреля,11160,False,False,False,79103000.0,73 000 000 ₸,2020 - н.в. 6 поколение,Внедорожник,3 (бензин),20000,Автомат,Полный привод,Слева,Не указан,Да,all,73000000,3.0,Ford,6103000.0,Yes,6,10428571.42857143
Bmw x6 m,2019,https://kolesa.kz/a/show/217849492?search_id=b5fc7cee99f21dd53ad88e85c7e53e3cc2bcf985&search_type=filter&advert_position=1162,63000000,Алматы,28 апреля,61,False,False,False,79103000.0,63 000 000 ₸,2019 - 2023 F96,Кроссовер,4.4 (бензин),66000,Автомат,Полный привод,Слева,Черный,Да,all,63000000,4.4,Bmw,16103000.0,Yes,7,7875000.0
Bentley continental gt,2017,https://kolesa.kz/a/show/216568880?search_id=b5fc7cee99f21dd53ad88e85c7e53e3cc2bcf985&search_type=filter&advert_position=1163,280000000,Алматы,28 апреля,305,False,False,False,79103000.0,280 000 000 ₸,2017 - н.в. 3 поколение (3S),Купе,4 (гибрид),0,Автомат,Полный привод,Слева,Не указан,Нет,all,280000000,4.0,Bentley,-200897000.0,No,9,28000000.0
Jeep grand cherokee,2013,https://kolesa.kz/a/show/214502056?search_id=b5fc7cee99f21dd53ad88e85c7e53e3cc2bcf985&search_type=filter&advert_position=1164,62800000,Алматы,28 апреля,78,False,False,False,79103000.0,62 800 000 ₸,2013 - 2022 4 поколение рестайлинг (WK/WK2),Внедорожник,6.2 (бензин),18900,Автомат,Полный привод,Слева,Серый,Да,all,62800000,6.2,Jeep,16303000.0,Yes,13,4485714.285714285
Mercedes-benz g 55 amg,2006,https://kolesa.kz/a/show/217651626?search_id=b5fc7cee99f21dd53ad88e85c7e53e3cc2bcf985&search_type=filter&advert_position=1165,62800000,Алматы,28 апреля,127,False,False,False,79103000.0,62 800 000 ₸,2006 - 2012 W463 рестайлинг,Внедорожник,5.5 (бензин),158700,Автомат,Полный привод,Слева,Черный,Да,all,62800000,5.5,Mercedes-benz,16303000.0,Yes,20,2990476.1904761903
Cadillac escalade sport platinum,2024,https://kolesa.kz/a/show/215673771?search_id=b5fc7cee99f21dd53ad88e85c7e53e3cc2bcf985&search_type=filter&advert_position=1166,107180000,Атырау,27 апреля,883,True,False,False,79103000.0,107 180 000 ₸,2024 - н.в. 5 поколение рестайлинг,Внедорожник,6.2 (бензин),0,Автомат,Полный привод,Слева,Не указан,Да,all,107180000,6.2,Cadillac,-28077000.0,No,2,35726666.666666664
Cadillac escalade premium luxury platinum,2024,https://kolesa.kz/a/show/215325216?search_id=b5fc7cee99f21dd53ad88e85c7e53e3cc2bcf985&search_type=filter&advert_position=1168,97770000,Шымкент,27 апреля,732,True,False,False,100000000.0,97 770 000 ₸,2024 - н.в. 5 поколение рестайлинг,Внедорожник,6.2 (бензин),0,Автомат,Полный привод,Слева,Черный металлик,Да,all,97770000,6.2,Cadillac,2230000.0,No,2,32590000.0
Cadillac escalade sport platinum,2024,https://kolesa.kz/a/show/215704432?search_id=b5fc7cee99f21dd53ad88e85c7e53e3cc2bcf985&search_type=filter&advert_position=1169,107180000,Астана,27 апреля,594,True,False,False,79103000.0,107 180 000 ₸,,Внедорожник,6.2 (бензин),0,Автомат,Полный привод,Слева,Не указан,Да,all,107180000,6.2,Cadillac,-28077000.0,No,2,35726666.666666664
Cadillac escalade sport platinum,2024,https://kolesa.kz/a/show/215704323?search_id=b5fc7cee99f21dd53ad88e85c7e53e3cc2bcf985&search_type=filter&advert_position=1170,97770000,Астана,27 апреля,377,True,False,False,79103000.0,97 770 000 ₸,,Внедорожник,6.2 (бензин),0,Автомат,Полный привод,Слева,Не указан,Да,all,97770000,6.2,Cadillac,-18667000.0,No,2,32590000.0
Cadillac escalade sport platinum,2024,https://kolesa.kz/a/show/215673733?search_id=b5fc7cee99f21dd53ad88e85c7e53e3cc2bcf985&search_type=filter&advert_position=1171,107180000,Шымкент,27 апреля,397,True,False,False,79103000.0,107 180 000 ₸,2024 - н.в. 5 поколение рестайлинг,Внедорожник,6.2 (бензин),0,Автомат,Полный привод,Слева,Белый металлик,Да,all,107180000,6.2,Cadillac,-28077000.0,No,2,35726666.666666664
Bmw x7,2022,https://kolesa.kz/a/show/216645569?search_id=b5fc7cee99f21dd53ad88e85c7e53e3cc2bcf985&search_type=filter&advert_position=1172,61000000,Алматы,27 апреля,800,False,False,False,61285000.0,61 000 000 ₸,2022 - н.в. G07 рестайлинг,Кроссовер,3 (бензин),38000,Автомат,Полный привод,Слева,Черный металлик,Да,all,61000000,3.0,Bmw,285000.0,No,4,12200000.0
Mercedes-benz g 63 amg,2018,https://kolesa.kz/a/show/217721000?search_id=b5fc7cee99f21dd53ad88e85c7e53e3cc2bcf985&search_type=filter&advert_position=1174,125000000,Астана,27 апреля,165,False,False,False,104010000.0,125 000 000 ₸,2018 - н.в. W463,Внедорожник,4 (бензин),0,Автомат,Полный привод,Слева,Не указан,Да,all,125000000,4.0,Mercedes-benz,-20990000.0,No,8,13888888.888888888
Cadillac escalade sport platinum,2020,https://kolesa.kz/a/show/175836282?search_id=b5fc7cee99f21dd53ad88e85c7e53e3cc2bcf985&search_type=filter&advert_position=1175,97770000,Алматы,27 апреля,1279,True,False,False,79103000.0,97 770 000 ₸,2020 - н.в. 5 поколение,Внедорожник,6.2 (бензин),0,Автомат,Полный привод,Слева,Не указан,Да,all,97770000,6.2,Cadillac,-18667000.0,No,6,13967142.857142856
Cadillac escalade sport platinum,2024,https://kolesa.kz/a/show/215704352?search_id=b5fc7cee99f21dd53ad88e85c7e53e3cc2bcf985&search_type=filter&advert_position=1178,107180000,Алматы,27 апреля,1757,True,False,False,79103000.0,107 180 000 ₸,2024 - н.в. 5 поколение рестайлинг,Внедорожник,6.2 (бензин),0,Автомат,Полный привод,Слева,Не указан,Да,all,107180000,6.2,Cadillac,-28077000.0,No,2,35726666.666666664
Cadillac escalade sport platinum,2024,https://kolesa.kz/a/show/203414536?search_id=b5fc7cee99f21dd53ad88e85c7e53e3cc2bcf985&search_type=filter&advert_position=1179,97770000,Атырау,27 апреля,2181,False,False,True,100000000.0,97 770 000 ₸,2024 - н.в. 5 поколение рестайлинг,Внедорожник,6.2 (бензин),0,Автомат,Полный привод,Слева,Белый металлик,Да,all,97770000,6.2,Cadillac,2230000.0,No,2,32590000.0
Cadillac escalade premium luxury platinum,2024,https://kolesa.kz/a/show/203414548?search_id=b5fc7cee99f21dd53ad88e85c7e53e3cc2bcf985&search_type=filter&advert_position=1180,97770000,Атырау,27 апреля,165,False,False,True,100000000.0,97 770 000 ₸,2024 - н.в. 5 поколение рестайлинг,Внедорожник,6.2 (бензин),0,Автомат,Полный привод,Слева,Черный металлик,Да,all,97770000,6.2,Cadillac,2230000.0,No,2,32590000.0
Mercedes-benz g 63 amg,2024,https://kolesa.kz/a/show/216937418?search_id=129cb059e3f17c7b61aa61c95b8a1d1800ecdae5&search_type=filter&advert_position=1181,179900000,Алматы,27 апреля,389,False,False,False,177311000.0,179 900 000 ₸,2024 - н.в. W463 рестайлинг,Внедорожник,4 (бензин),4700,Автомат,Полный привод,Слева,Не указан,Да,all,179900000,4.0,Mercedes-benz,-2589000.0,No,2,59966666.666666664
Bmw x5,2023,https://kolesa.kz/a/show/216915562?search_id=129cb059e3f17c7b61aa61c95b8a1d1800ecdae5&search_type=filter&advert_position=1182,62000000,Астана,27 апреля,393,False,False,False,59457000.0,62 000 000 ₸,2023 - н.в. G05 рестайлинг,Кроссовер,3 (бензин),13200,Автомат,Полный привод,Слева,Серый металлик,Да,all,62000000,3.0,Bmw,-2543000.0,No,3,15500000.0
Cadillac escalade premium luxury platinum,2024,https://kolesa.kz/a/show/215695761?search_id=129cb059e3f17c7b61aa61c95b8a1d1800ecdae5&search_type=filter&advert_position=1183,107180000,Атырау,27 апреля,303,True,False,False,79103000.0,107 180 000 ₸,,Внедорожник,6.2 (бензин),0,Автомат,Полный привод,Слева,Белый металлик,Да,all,107180000,6.2,Cadillac,-28077000.0,No,2,35726666.666666664
Mercedes-benz g 63 amg,2018,https://kolesa.kz/a/show/218290876?search_id=129cb059e3f17c7b61aa61c95b8a1d1800ecdae5&search_type=filter&advert_position=1184,80000000,Алматы,27 апреля,308,False,False,False,80714000.0,80 000 000 ₸,2018 - н.в. W463,Внедорожник,4 (бензин),110000,Автомат,Полный привод,Слева,Не указан,Да,all,80000000,4.0,Mercedes-benz,714000.0,No,8,8888888.888888888
Cadillac escalade premium luxury platinum,2024,https://kolesa.kz/a/show/189196238?search_id=129cb059e3f17c7b61aa61c95b8a1d1800ecdae5&search_type=filter&advert_position=1185,107180000,Шымкент,27 апреля,337,False,False,True,79103000.0,107 180 000 ₸,2024 - н.в. 5 поколение рестайлинг,Внедорожник,6.2 (бензин),0,Автомат,Полный привод,Слева,Черный металлик,Да,all,107180000,6.2,Cadillac,-28077000.0,No,2,35726666.666666664
Cadillac escalade premium luxury platinum,2024,https://kolesa.kz/a/show/215703867?search_id=129cb059e3f17c7b61aa61c95b8a1d1800ecdae5&search_type=filter&advert_position=1186,107180000,Астана,27 апреля,252,True,False,False,79103000.0,107 180 000 ₸,,Внедорожник,6.2 (бензин),0,Автомат,Полный привод,Слева,Не указан,Да,all,107180000,6.2,Cadillac,-28077000.0,No,2,35726666.666666664
Cadillac escalade premium luxury platinum,2024,https://kolesa.kz/a/show/215695727?search_id=129cb059e3f17c7b61aa61c95b8a1d1800ecdae5&search_type=filter&advert_position=1187,97770000,Астана,27 апреля,289,True,False,False,100000000.0,97 770 000 ₸,2024 - н.в. 5 поколение рестайлинг,Внедорожник,6.2 (бензин),0,Автомат,Полный привод,Слева,Белый металлик,Да,all,97770000,6.2,Cadillac,2230000.0,No,2,32590000.0
Mercedes-maybach gls 600 4matic,2019,https://kolesa.kz/a/show/204472925?search_id=129cb059e3f17c7b61aa61c95b8a1d1800ecdae5&search_type=filter&advert_position=1190,115000000,Алматы,27 апреля,8093,True,False,False,79103000.0,115 000 000 ₸,2019 - н.в. 1 поколение,Внедорожник,4 (гибрид),100,Автомат,Полный привод,Слева,Не указан,Да,all,115000000,4.0,Mercedes-maybach,-35897000.0,No,7,14375000.0
Mercedes-benz g 63 amg,2018,https://kolesa.kz/a/show/213356450?search_id=129cb059e3f17c7b61aa61c95b8a1d1800ecdae5&search_type=filter&advert_position=1192,99300000,Астана,27 апреля,86,False,False,False,92185000.0,99 300 000 ₸,2018 - н.в. W463,Внедорожник,4 (бензин),79300,Автомат,Полный привод,Слева,Черный,Да,all,99300000,4.0,Mercedes-benz,-7115000.0,No,8,11033333.333333334
Mercedes-benz g 500,2018,https://kolesa.kz/a/show/211524622?search_id=129cb059e3f17c7b61aa61c95b8a1d1800ecdae5&search_type=filter&advert_position=1194,100000000,Алматы,27 апреля,129,False,False,False,88806000.0,100 000 000 ₸,2018 - н.в. W463,Внедорожник,4 (бензин),0,Автомат,Полный привод,Справа,Не указан,Да,all,100000000,4.0,Mercedes-benz,-11194000.0,No,8,11111111.111111112
Lexus lx 600,2021,https://kolesa.kz/a/show/218310912?search_id=129cb059e3f17c7b61aa61c95b8a1d1800ecdae5&search_type=filter&advert_position=1195,78500000,Шымкент,27 апреля,185,False,False,False,79103000.0,78 500 000 ₸,2021 - н.в. 4 поколение,Внедорожник,3.5 (бензин),20000,Автомат,Полный привод,Слева,Черный,Да,all,78500000,3.5,Lexus,603000.0,No,5,13083333.333333334
Cadillac escalade premium luxury platinum,2024,https://kolesa.kz/a/show/198001891?search_id=129cb059e3f17c7b61aa61c95b8a1d1800ecdae5&search_type=filter&advert_position=1197,107180000,Алматы,27 апреля,6667,False,False,True,79103000.0,107 180 000 ₸,2024 - н.в. 5 поколение рестайлинг,Внедорожник,6.2 (бензин),0,Автомат,Полный привод,Слева,Черный металлик,Да,all,107180000,6.2,Cadillac,-28077000.0,No,2,35726666.666666664
Porsche cayenne,2023,https://kolesa.kz/a/show/193851077?search_id=129cb059e3f17c7b61aa61c95b8a1d1800ecdae5&search_type=filter&advert_position=1199,93000000,Астана,27 апреля,159,False,False,False,79103000.0,93 000 000 ₸,2023 - н.в. 3 поколение рестайлинг,Кроссовер,4 (бензин),7000,Автомат,Полный привод,Слева,Черный,Да,all,93000000,4.0,Porsche,-13897000.0,No,3,23250000.0
